filename,rskew_bins0,rskew_bins1,rskew_bins2,rskew_bins3,rskew_bins4,rskew_bins5,rskew_bins6,rskew_bins7,class
clean_p_11035.jpg,0.8852598738655927,0,0,0,0,8.501604058256369,0,6.548253774356323,1
clean_p_11036.jpg,13.921935276043401,0,0,0,8.25741639845555,9.400742458940751,0,4.852627083977787,1
clean_p_11037.jpg,28.012878001658137,0.40140963553711284,0,0,0,3.6145200516670557,0,5.238722525904788,1
clean_p_11038.jpg,1.0943975525848586,0,0,0,0,6.802570959052623,0,4.398099920415617,1
clean_p_11039.jpg,0.9237839054772131,0,0,0,0,8.51720086460693,0,5.253674007464222,1
clean_p_11040.jpg,1.4865466508319984,0,0,0,0,4.802627411376927,0.7937005259840998,7.1498389147151205,1
clean_p_11041.jpg,5.823796335756428,0,0,0,3.3599383743003552,11.129024960230243,0,5.54558779295754,1
clean_p_11042.jpg,1.2597780389649527,0,0,0,0,11.18896900371817,0,7.638495957421601,1
clean_p_11043.jpg,22.362930339543514,0.41555257935321976,0,0,1.643883589053485,8.612553938443344,0,4.355649787974143,1
clean_p_11044.jpg,11.568926306750864,0.4622408495670931,0,0,2.3355987069244817,10.171606037617396,6.806987662768299,9.016351269652459,1
clean_p_11045.jpg,11.969493702492441,3.7937807572324242,0,0,0,4.6656858504115375,0,6.0835567559149295,1
clean_p_11046.jpg,9.252200241891744,4.099329850345179,0,0,0,8.455133195546939,0,6.481047429764042,1
clean_p_11047.jpg,1.6090019749295255,0,0,0,0,8.276485098190445,0,8.890757879659146,1
clean_p_11048.jpg,0.9046524878742345,0,0,0,0,8.953396672812818,0,5.417504482354617,1
clean_p_11049.jpg,13.022860031506857,4.837480142224245,0,0,0,7.026835197685113,0,5.701644880803876,1
clean_p_11050.jpg,6.73165099623003,0.3780051175529636,0,0,0,9.090735878376652,0,5.332036330531132,1
clean_p_11051.jpg,1.0786520442327452,0,0,0,0,9.574929198332708,0,6.7007500939568585,1
clean_p_11052.jpg,26.66785059584093,0.0,0,0,5.917830675602953,10.706849309012453,0,7.969424014615528,1
clean_p_11053.jpg,28.34924247814404,2.1632708906181297,0,0,0.7560102351059309,6.385012995127131,8.730705785825096,5.225050034731104,1
clean_p_11054.jpg,1.0101539150882046,0,0,0,0,8.396336722068005,0.0,5.218914637107913,1
clean_p_11055.jpg,5.257163340769496,0,0,0,7.1785340641539515,10.483038641423596,0,6.893746713447906,1
clean_p_11056.jpg,1.035988316778012,0,0,0,0.0,9.274630746204755,0,6.946661400111584,1
clean_p_11057.jpg,8.02384522626823,1.1905507889761495,0,0,3.2425866530879466,9.963236631661388,0,7.535010752482315,1
clean_p_11058.jpg,10.008923177189269,0,0,0,5.125105399487406,10.403326947122478,0.0,7.896388045935016,1
clean_p_11059.jpg,14.209993860945602,2.706885916292575,0,0,3.4045607863275693,9.714276434199041,0.0,6.087058783987285,1
clean_p_11060.jpg,2.7588594625691107,3.7289572804628905,0,0,0,9.758902748565745,0,8.969493921999527,1
clean_p_11061.jpg,1.4713203378578756,0,0,0,0,11.367821432965627,0,8.432624052901625,1
clean_p_11062.jpg,1.2184239782404542,0,0,0,0,3.7050559560950207,0,7.06218908982969,1
clean_p_11063.jpg,12.821660280130349,0,0,0,4.638188315340493,8.424415953809543,0.0,5.206148470803193,1
clean_p_11064.jpg,14.964610530230798,3.381519890159502,0,0,0,8.152990013496781,0,6.091292377862807,1
clean_p_11065.jpg,1.1380121911699614,0,0,0,0,4.201047546358512,0,5.9666768715796055,1
clean_p_11066.jpg,6.989541985615489,3.1898909125282406,0,0,0,10.333988699017288,0.0,7.853478457044714,1
clean_p_11067.jpg,7.116495660998991,0.0,0,0,6.243688887094031,9.80201144024364,0,5.306556124309668,1
clean_p_11068.jpg,20.574740873924604,1.9440802149195617,0,0,0,4.692670690730447,0,5.283429454849581,1
clean_p_11069.jpg,16.907382625172108,0.7285595854064321,0,0,4.098695190061495,9.129649719310512,0,3.770620126649568,1
clean_p_11070.jpg,13.546822623592243,5.749537369182997,0,0,0.0,6.706888798099252,0,6.098619540932477,1
clean_p_11071.jpg,27.109161110090064,5.398747968554642,0,0,0.0,4.711645926421804,6.37165249004585,6.029488713051728,1
clean_p_11072.jpg,11.958436777381452,0.7937005259840998,0,0,5.551705925816785,8.704583436113948,0.0,9.748175554703364,1
clean_p_11073.jpg,25.473399031231278,2.047045068030823,0,0,2.7750223930700684,7.164499369295023,4.188565262290267,6.58087099413424,1
clean_p_11074.jpg,6.201934254881386,0,0,0,6.253936963152064,8.257087092534508,0,5.710821737156911,1
clean_p_11075.jpg,1.0983977294062117,0,0,0,0,8.576727162537457,0,6.5314655579909,1
clean_p_11076.jpg,10.806083088291128,3.6038820973144823,0,0,0.3968502629920499,8.754337147407663,0,5.234356834718638,1
clean_p_11077.jpg,0.9279841441944666,0,0,0,2.580758215517745,12.77579322241822,0,7.396682217921982,1
clean_p_11078.jpg,1.1399743848688038,0,0,0,0,7.133187643376406,0,3.984028312911331,1
clean_p_11079.jpg,11.73322941859123,0.3968502629920499,0,0,2.067372287668769,10.290935070020659,0.0,5.662965429131195,1
clean_p_11080.jpg,0.9408233290199636,0,0,0,0,9.076818316369652,0,5.512609946579606,1
clean_p_11081.jpg,0.9351357992282052,0,0,0,0,8.095454687591515,0,6.558515822860589,1
clean_p_11082.jpg,12.601110093923861,1.2396865314741616,0,0,3.6886947746389405,10.94717112105171,0,5.331811027241484,1
clean_p_11083.jpg,0.9640178283001472,0,0,0,0,0,0,5.139585801044761,1
clean_p_11084.jpg,5.917808965411748,3.2103818600917218,0,0,3.9685026299204984,12.39942593248361,0.0,8.407439603845617,1
clean_p_11085.jpg,13.342051806143228,3.9582224091244695,0,0,0,8.703809816207725,0,6.545404520721998,1
clean_p_11086.jpg,19.118983507553626,3.544556531002357,0,0,1.0332205912376735,6.7283017735193535,0,5.112228178726529,1
clean_p_11087.jpg,1.0488472624214158,0,0,0,0,10.242839894880264,0,6.436050535055345,1
clean_p_11088.jpg,0.9795953680014259,0,0,0,0,8.02213684669927,0,4.806493609396568,1
clean_p_11089.jpg,0.916877689628483,0,0,0,0,9.54020814888549,0,5.852806215940635,1
clean_p_11090.jpg,0.8840317814422057,0,0,0,0,4.433495785549581,0,8.664243889451303,1
clean_p_11091.jpg,13.894909686815787,0,0,0,6.949742889823751,7.143254681122576,0,8.860339924861224,1
clean_p_11092.jpg,19.16521772299263,0.0,0,0,5.943345599207837,12.05131771253792,0,9.508340954578188,1
clean_p_11093.jpg,6.931850086033348,0,0,0,2.3863694930111206,9.272351189517675,0,6.379231343951038,1
clean_p_11094.jpg,14.046612693072547,0,0,0,2.381101577952299,3.118698412450697,7.5578406751649725,4.842839690885268,1
clean_p_11095.jpg,0.9615634252157175,0,0,0,0,8.362666879341553,0,6.4070904222620815,1
clean_p_11096.jpg,1.004945456095145,0,0,0,0,5.517487441443948,0,6.1444077511652715,1
clean_p_11097.jpg,0.9175994236187051,0.0,0,0,2.7734450974025386,9.529510275099552,0,7.010226842174886,1
clean_p_11098.jpg,0.9478299115270854,0.0,0,0,0,10.870804216015124,0,6.112772396607442,1
clean_p_11099.jpg,0.9034880884711184,0,0,0,0,6.785900504798795,0,6.123198744307564,1
clean_p_11100.jpg,9.413952431221423,0.0,0,0,0.0,10.077462897859933,1.1905507889761495,7.759963364173079,1
clean_p_11101.jpg,1.0398246279827499,0,0,0,0.0,10.485874626673205,0,7.252678806844844,1
clean_p_11102.jpg,0.8931906371753584,0,0,0,0,7.467336306096785,0,6.937319516678287,1
clean_p_11103.jpg,1.1715460173158205,0,0,0,4.1665777758814135,8.068817229207495,0,10.718407559609535,1
clean_p_11104.jpg,2.7132623856062152,0,0,0,0,4.685423241399366,0,5.537316458699294,1
clean_p_11105.jpg,1.1423339370452226,0,0,0,4.2430545432065205,5.261932658495847,0,5.269285424711169,1
clean_p_11106.jpg,1.0225397364281286,0,0,0,0,6.982458622562992,0,8.179233549923204,1
clean_p_11107.jpg,1.0716826295619615,0,0,0,0,6.281347585145665,0,6.922383676063366,1
clean_p_11108.jpg,1.1072940297499123,0,0,0,0,6.685538573744754,0,7.2163238584664775,1
clean_p_11109.jpg,1.070230780015932,0,0,0,3.6172750653180406,9.971897468326258,0,7.825772164787523,1
clean_p_11110.jpg,42.01049545954482,0.8417889136118992,0,0,1.8983921079244144,6.426217667975159,0,4.645382095526157,1
clean_p_11111.jpg,16.061654590671814,0,0,0,4.150291384849859,8.263573507931378,0,6.187034750794401,1
clean_p_11112.jpg,1.0159416228018598,0,0,0,0,6.975050698176649,0,5.951959103157922,1
clean_p_11113.jpg,1.0035275071107028,0,0,0,0,7.099435711057991,0,8.22780611507557,1
clean_p_11114.jpg,1.0367495803488989,0,0,0,0,6.936615400626047,0,8.499582592315948,1
clean_p_11115.jpg,25.69925995532781,2.372986074080542,0,0,0.7211247851537042,6.040688720249139,0,6.826489994504019,1
clean_p_11116.jpg,1.4076068804039015,0,0,0,3.2847004599349328,6.390947595551046,0,7.530382124076204,1
clean_p_11117.jpg,1.238210016669771,0,0,0,0,5.476711406162107,0,7.205580599932886,1
clean_p_11118.jpg,7.32207536408306,0,0,0,6.259793660397734,7.683815039508157,0,7.427839887108598,1
clean_p_11119.jpg,18.74394377438738,0,0,0,2.621132100393931,6.548283318885046,0,8.058289801496215,1
clean_p_11120.jpg,8.607858952987984,0,0,0,4.389143934343142,5.775573343505687,0.0,6.490305583159368,1
clean_p_11121.jpg,18.682724407339062,1.4279319074865098,0,0,0,9.54813683562691,0,7.45179784655279,1
clean_p_11122.jpg,29.272297135794563,0.0,0,0,4.385523496986975,8.042792450195302,0,7.205187050585718,1
clean_p_11123.jpg,1.0903089346221022,0,0,0,0,6.6502739346371795,0,7.6451614474044565,1
clean_p_11124.jpg,1.0631705105763363,0,0,0,0,7.293540210443761,0,6.944381289979061,1
clean_p_11125.jpg,10.248034944620462,0,0,0,7.593048338280116,8.638404862415289,0.0,8.489252031430972,1
clean_p_11126.jpg,20.858898225479738,1.0204263552807444,0,0,1.1079822039926366,6.8051705419279465,0,7.521101789772216,1
clean_p_11127.jpg,9.608646532541757,0,0,0,3.5308531580135916,6.880364456642032,0,6.817897248970513,1
clean_p_11128.jpg,1.042405096704854,0,0,0,1.1905507889761495,7.472697412387583,0,6.130846046144225,1
clean_p_11129.jpg,6.034143171448883,0,0,0,1.4577321785296096,12.636137680750878,0,9.852874466744987,1
clean_p_11130.jpg,1.2774083328420307,0,0,0,0,4.381426496104162,2.079132274967126,4.407914412270586,1
clean_p_11131.jpg,1.1380190017022094,0,0,0,0.905234428993439,7.921700022338126,0,4.934317788239687,1
clean_p_11132.jpg,0.9480900648396837,0,0,0,0,6.1566045331193555,0,4.973842101263243,1
clean_p_11133.jpg,13.856987934777152,0,0,0,5.551434791778598,7.030856265192049,0.0,12.873283607968169,1
clean_p_11134.jpg,1.0394164011012672,0,0,0,0,8.094506002533524,0,7.862422933380481,1
clean_p_11135.jpg,8.751110702578002,0,0,0,4.894317753189328,7.450373109441866,0,6.148643556616985,1
clean_p_11136.jpg,26.193070336466338,3.336057107486306,0,0,0,2.53486654509551,0.0,4.034089520212026,1
clean_p_11137.jpg,1.147101704111578,0,0,0,1.1273230461356876,7.49587657685341,0,3.9448849569647932,1
clean_p_11138.jpg,7.431990456554088,0,0,0,1.7500209958008388,7.053387990241213,0,7.29861163427,1
clean_p_11139.jpg,1.0214726019476257,0,0,0,2.3355503220879874,6.651001792478283,0,5.894925201161491,1
clean_p_11140.jpg,1.1102996268525254,0,0,0,0,5.484886448697172,0,5.563321289700785,1
clean_p_11141.jpg,1.0278769894161555,0,0,0,0,2.398070867576264,0,7.321526442421565,1
clean_p_11142.jpg,9.777943847593791,0,0,0,6.546479934510668,7.257103725451109,0,8.576229897782323,1
clean_p_11143.jpg,18.823417741283645,0.0,0,0,1.7627956294218663,6.139655820882069,0,12.090759261059963,1
clean_p_11144.jpg,15.434039160693871,0,0,0,3.3794001413549024,4.3788140189137374,7.749257521516641,3.9265556854595527,1
clean_p_11145.jpg,6.840349527354433,0.3780051175529636,0,0,0,9.17875430601835,0,10.431977189689299,1
clean_p_11146.jpg,1.0280919263555817,0,0,0,0.7211247851537042,0.9244816991341763,0.0,8.610900345000942,1
clean_p_11147.jpg,1.0398078977243883,0,0,0,0,5.7080548724706865,0,7.052634802805597,1
clean_p_11148.jpg,1.0916577639922016,0,0,0,0.7560102351059309,7.77003312914834,0,10.31965902438024,1
clean_p_11149.jpg,5.610725940905695,0.7937005259840998,0,0,7.252767913049769,11.095575259676302,0,10.113645716110216,1
clean_p_11150.jpg,1.1214510273776204,0,0,0,0,4.184097615299951,0,6.806244939410423,1
clean_p_11151.jpg,7.949830389374111,0.7560102351059309,0,0,6.08593535011038,6.854357226564701,0.0,6.188027638001351,1
clean_p_11152.jpg,1.1698181898691198,0,0,0,7.256885401157654,7.528705661992075,0,8.52233093804267,1
clean_p_11153.jpg,36.15597203407089,0.0,0,0,3.0211990594450984,6.457038218838052,0,6.862497660228038,1
clean_p_11154.jpg,0.9851717508163935,0,0,0,0.0,5.262179835255056,0,7.440115499716876,1
clean_p_11155.jpg,0.9904366671912972,0,0,0,0,5.08608409505103,0,5.95966561977062,1
clean_p_11156.jpg,21.998664435229973,0.0,0,0,3.67921275226871,8.935568238551358,0,9.008635114378489,1
clean_p_11157.jpg,30.372095086728166,0.0,0,0,1.316078958311144,7.089059459360067,0,8.547351903130096,1
clean_p_11158.jpg,1.1087929249651052,0,0,0,0,9.506315767536051,0,7.336913701591252,1
clean_p_11159.jpg,1.0536494114432304,0,0,0,0,0,0,7.964136655129741,1
clean_p_11160.jpg,1.0617224593667913,0,0,0,0,7.870720155905076,0,8.423528634971037,1
clean_p_11161.jpg,1.2045578555047367,0,0,0,3.815977103270552,6.152186905625105,0,9.863104225374597,1
clean_p_11162.jpg,0.9203160023266989,0,0,0,0,7.504759789841261,0,11.884199773761027,1
clean_p_11163.jpg,1.1022949017920556,0,0,0,0,4.685062220884336,0,10.810509343458852,1
clean_p_11164.jpg,1.29852326804701,0,0,0,4.689274584515286,10.563364769168617,0,10.54957673980166,1
clean_p_11165.jpg,30.660541091420246,0.0,0,0,2.1165457423122063,5.307874546429109,0,10.923743088021444,1
clean_p_11166.jpg,18.857788214331,0,0,0,5.548467440027671,9.701897859325339,0,9.587874212538477,1
clean_p_11167.jpg,8.46410512904824,0,0,0,3.646368601369914,6.114877592562101,0,6.232842267419586,1
clean_p_11168.jpg,0.9163143533389273,0,0,0,0,7.5709665813337805,0,8.530508396476595,1
clean_p_11169.jpg,1.0233486534333893,0,0,0,0,4.334573447117573,0,7.624878823648874,1
clean_p_11170.jpg,26.981785297718336,0,0,0,1.999492274546675,8.396055476676562,0,6.2418231664442505,1
clean_p_11171.jpg,1.059737488652934,0,0,0,1.704314738976045,5.08328860813642,0,7.978898572661148,1
clean_p_11172.jpg,1.1527136277175556,0,0,0,2.3293482999907598,6.790722611903933,0,7.778538992144007,1
clean_p_11173.jpg,1.0586761933305617,0,0,0,0,4.278445629087977,0,9.238153101026063,1
clean_p_11174.jpg,32.552606940512625,1.2816604577951762,0,0,2.057691794521154,11.004395367556201,0,10.03881670524223,1
clean_p_11175.jpg,7.899693552303864,0,0,0,0,11.334171093641805,0,10.346335434687285,1
clean_p_11176.jpg,1.082966870933321,0,0,0,5.3226468269802,7.6081457937380925,0.7937005259840998,7.450420956323957,1
clean_p_11177.jpg,1.0673017124960102,0,0,0,2.7060863976942207,8.753943642710103,0,7.3207988412602765,1
clean_p_11178.jpg,0.9736054694801596,0,0,0,0,5.114563119037424,0,7.1577935606232925,1
clean_p_11179.jpg,1.0590176767519341,0,0,0,1.534069457255052,3.5048581935026566,0,7.156305864959956,1
clean_p_11180.jpg,22.617708544239246,0,0,0,4.354130797069421,9.908191010830594,0,10.337885311154402,1
clean_p_11181.jpg,16.496407180414394,0.0,0,0,3.8538839623627124,7.839321666881773,0,7.50269164192679,1
clean_p_11182.jpg,0.9891995671986747,0,0,0,0.0,4.939561991303561,0,7.171509629351031,1
clean_p_11183.jpg,1.0111277972889143,0.3968502629920499,0,0,0.7211247851537042,6.7475664873583945,0,7.982513710333683,1
clean_p_11184.jpg,1.195957509354219,0,0,0,0.0,6.592277761135143,0,8.023740139603069,1
clean_p_11185.jpg,0.8930835370082257,0,0,0,0,7.1086169564914234,0,7.902202988161511,1
clean_p_11186.jpg,1.1378495587672182,0,0,0,4.649751842637184,5.208942504184221,0,7.706626615876298,1
clean_p_11187.jpg,1.1206092181959317,0,0,0,2.4388907940427775,4.5047298939733995,0,8.364550259599692,1
clean_p_11188.jpg,1.1016243554569345,2.113660099486993,0,0,0,7.87783496904388,0,9.692329069795814,1
clean_p_11189.jpg,9.919495854767149,0.0,0,0,7.291580481277451,10.717342811943782,0,8.214206819818727,1
clean_p_11190.jpg,19.716391800084306,0,0,0,5.813716805022659,5.544776417967636,3.1748021039363987,8.778095451510405,1
clean_p_11191.jpg,7.917840504281165,0,0,0,0.0,8.658517259702506,0,7.897704168137431,1
clean_p_11192.jpg,1.0466954616817543,0,0,0,1.3867225487012693,10.663056707799216,0,9.622885474229042,1
clean_p_11193.jpg,13.426931678925698,0,0,0,3.2289039763468494,8.804990433129033,0,8.177979596826061,1
clean_p_11194.jpg,1.1164832534072375,0,0,0,6.451668288253532,10.098185442724008,0,9.958612794062775,1
clean_p_11195.jpg,26.52361266824213,0,0,0,3.167984094521229,6.395859327159678,0,9.423985248057585,1
clean_p_11196.jpg,9.491766378575052,0.0,0,0,4.404728455806691,6.867596052970859,0,7.310097639880284,1
clean_p_11197.jpg,1.2312988541781253,0,0,0,5.139674963342891,6.549126328208798,0,8.671597227231372,1
clean_p_11198.jpg,41.178045195676695,0.41555257935321976,0,0,2.9906095690263954,3.037017233571253,2.2720646004976084,5.494053687502539,1
clean_p_11199.jpg,1.0987199733750201,0,0,0,0,4.580110025218106,0,7.847709590861709,1
clean_p_11200.jpg,1.0956380365384641,0,0,0,3.530698123516108,5.886996804448049,0,5.682561254622474,1
clean_p_11201.jpg,30.622295305454326,0,0,0,1.392452931594762,5.394628524004963,0,7.466379015423937,1
clean_p_11202.jpg,7.694359654871551,0.3968502629920499,0,0,1.7500209958008388,10.176384685074291,0,11.191164835322706,1
clean_p_11203.jpg,19.332123254619837,0,0,0,4.196492033931952,8.487804298513948,0.0,7.723381582585085,1
clean_p_11204.jpg,1.239704150002793,0,0,0,0.0,11.703883559292738,0,10.62324909930705,1
clean_p_11205.jpg,32.85065546097656,2.413669234358676,0,0,3.9684920861455986,9.473570105838498,0,8.131381438461592,1
clean_p_11206.jpg,1.0467910788263142,0,0,0,0,3.936417880202221,0,8.00017304728621,1
clean_p_11207.jpg,1.0414985229262474,0,0,0,0,4.766508601880693,0,6.203113581368887,1
clean_p_11208.jpg,1.0597153862956548,0,0,0,0,7.562007696438742,0,7.295663990624285,1
clean_p_11209.jpg,1.0262053120443453,0,0,0,0,4.856412286466555,0,6.95185097967121,1
clean_p_11210.jpg,9.763512782494665,0,0,0,1.673006960927253,7.426412298433037,0,7.797148126800319,1
clean_p_11211.jpg,20.630643944377162,0,0,0,4.84695394034106,7.815977734146691,0,6.273701007225325,1
clean_p_11212.jpg,1.083016248543847,0,0,0,0,8.130750458902861,0,6.610877998064603,1
clean_p_11213.jpg,22.03615922610151,0,0,0,3.5727873967413784,6.410863697134255,0,6.954495539310814,1
clean_p_11214.jpg,11.730084110773973,0,0,0,4.897216092421116,5.646196115829635,0,4.742124175510773,1
clean_p_11215.jpg,0.9150532046242588,0,0,0,0,5.842322211773315,0,7.618650077351182,1
clean_p_11216.jpg,13.6868009068837,0,0,0,5.2950058916317655,5.326352321419108,0,6.14720162976354,1
clean_p_11217.jpg,23.163597519993562,0,0,0,1.888260345232934,5.229334635417505,0,6.6289338041089705,1
clean_p_11218.jpg,17.312034311913504,0.44215825438088563,0,0,0.0,8.08255967412807,0,8.199916841892101,1
clean_p_11219.jpg,1.0948448674463591,0,0,0,6.307738514860002,11.791708427055195,0,12.379861229748574,1
clean_p_11220.jpg,1.2881310049558747,0,0,0,3.958845688163579,5.916973593031613,0,7.654275741609603,1
clean_p_11221.jpg,27.52829369792411,0.0,0,0,2.53052390895743,6.10353766126288,0,6.708144869198224,1
clean_p_11222.jpg,13.810683816393114,0,0,0,7.393928842324395,6.843582558646489,0,7.897217713278132,1
clean_p_11223.jpg,1.0191506912018276,0,0,0,0,7.708702452280451,0,8.0701258837697,1
clean_p_11224.jpg,26.497825026887526,0.7386482550898383,0,0,0,6.378374319292194,0,6.776130695785668,1
clean_p_11225.jpg,9.915860790735138,0,0,0,7.036021412879529,9.122898987789988,0,9.979899597318889,1
clean_p_11226.jpg,27.883914988135775,1.1569050720338128,0,0,0.0,6.0777828455952925,0,7.49189358153124,1
clean_p_11227.jpg,1.1128337719683243,0,0,0,1.4031109956445307,7.691066243782262,0,7.582151016056489,1
clean_p_11228.jpg,0.9939901237027582,0,0,0,0,4.3226152575150145,0,6.389668775346323,1
clean_p_11229.jpg,1.1040444129077056,0,0,0,0,3.5462256373936856,0,7.208385778438764,1
clean_p_11230.jpg,1.189848541966263,0,0,0,0,7.831172603407214,0,7.616156687701796,1
clean_p_11231.jpg,6.430131148680785,0,0,0,3.2599984003906517,9.949791039702399,0,6.795520216848325,1
clean_p_11232.jpg,1.0210997189474198,0,0,0,0,9.724640015534007,0,5.797011041537949,1
clean_p_11233.jpg,1.0438428679387473,0,0,0,0,5.106258247432689,0,5.328226047391993,1
clean_p_11234.jpg,0.9944958438751648,0,0,0,0,10.48408350340501,0,6.482676004581859,1
clean_p_11235.jpg,1.1332754999406034,0,0,0,0,7.502393213655157,0,8.173790018952975,1
clean_p_11236.jpg,1.0336288434920187,0,0,0,3.519270707486922,5.795562347187017,0,7.967220148190845,1
clean_p_11237.jpg,11.174451871146676,0,0,0,2.9494559946787766,12.243735745800205,0,9.205835533188472,1
clean_p_11238.jpg,0.9096801134345762,0,0,0,0,1.8172722084870658,0,6.518950681997452,1
clean_p_11239.jpg,1.0659322521949965,0,0,0,0,5.7820886987886935,0,7.7245501008326585,1
clean_p_11240.jpg,1.0837839096758977,0,0,0,0,5.516465426671491,0,8.685566061723549,1
clean_p_11241.jpg,15.078511337183329,0,0,0,3.8278150499952703,8.243901053878634,0,6.263877635047648,1
clean_p_11242.jpg,1.0703874016149895,0,0,0,0,3.6204528667408784,0,6.838875301671344,1
clean_p_11243.jpg,0.9762770265338145,0,0,0,2.850415831774086,6.657562346966263,0,6.993150140759618,1
clean_p_11244.jpg,9.352166617060277,0,0,0,0.0,9.01957864670381,0,7.868690440060832,1
clean_p_11245.jpg,1.1676738734618948,0,0,0,0,9.973294956254382,0,11.40679876739118,1
clean_p_11246.jpg,1.0652995253222408,0,0,0,0,7.277628902799969,0,6.232897365604745,1
clean_p_11247.jpg,1.0657888919394478,0,0,0,7.716352625931803,7.0919883383116495,0,7.357647205968403,1
clean_p_11248.jpg,1.0545095377498919,0,0,0,0,14.262412010281682,0,10.788086147698413,1
clean_p_11249.jpg,1.0090932583670689,0,0,0,0,4.768028513337015,0,7.698744133421328,1
clean_p_11250.jpg,1.3756302569561603,0,0,0,0,7.683820030220862,0,6.46195592526934,1
clean_p_11251.jpg,1.9255451978677414,0,0,0,2.874157232636224,4.44304964510326,3.1104609170974125,4.898174923137574,1
clean_p_11252.jpg,34.556576923191514,0,0,0,2.9645526584768183,5.467894236847091,0,7.18962374086488,1
clean_p_11253.jpg,1.0583293086072256,0,0,0,0,0,0,7.811608418625929,1
clean_p_11254.jpg,1.2267964582757163,0.0,0,0,1.9842513149602492,3.9375849807906276,0.9244816991341862,4.711891782788996,1
clean_p_11255.jpg,18.168233876868268,0.0,0,0,1.414110769984752,9.331696384767143,0,6.695380758453352,1
clean_p_11256.jpg,18.7497275787061,0,0,0,4.165853165281968,12.574629777261274,0,11.172228472470229,1
clean_p_11257.jpg,1.0184224708577216,0,0,0,0,8.697150992479111,0,8.138023239428492,1
clean_p_11258.jpg,1.2102793739249198,0,0,0,7.588401026396242,8.350109100103571,0,7.820950625490071,1
clean_p_11259.jpg,37.61108243907914,0.3968502629920499,0,0,0.0,7.039770439632607,0,6.838523315928066,1
clean_p_11260.jpg,9.771076776912237,0,0,0,7.271128181647943,5.8152308351586175,0,6.7703928115000345,1
clean_p_11261.jpg,31.49538241191553,0.6040722656335135,0,0,4.089794210098614,7.7093842988621315,0,7.603674662579908,1
clean_p_11262.jpg,25.654350650509965,0,0,0,4.80468102539836,4.414216041473174,0,8.427453979135048,1
clean_p_11263.jpg,17.386770199405856,0,0,0,5.605726838578066,7.9547504635130615,0,7.704740297125654,1
clean_p_11264.jpg,20.061943310689163,0.0,0,0,6.334737460183494,10.465488514319203,0,9.438657648501225,1
clean_p_11265.jpg,29.858884075601193,0.0,0,0,4.346979451306982,5.645019767966038,0,8.531449480308813,1
clean_p_11266.jpg,11.774340603032556,0,0,0,6.702260667464544,6.988732243637571,0,9.127208079692657,1
clean_p_11267.jpg,11.737246525038843,0,0,0,5.091080732410359,9.225298796189703,0,8.485503966577912,1
clean_p_11268.jpg,31.04120667892108,1.4577321785296096,0,0,1.8217462099347501,6.763229696691239,0,7.276539708086848,1
clean_p_11269.jpg,12.846736821055504,0,0,0,4.226813790228675,12.7686224606735,0,9.726029861818194,1
clean_p_11270.jpg,24.414055178226718,0.4622408495670931,0,0,3.862969904967038,6.929692302959231,0,9.809241139358694,1
clean_p_11271.jpg,28.934771862972056,0,0,0,1.8506356859171216,5.188624769661701,0,5.307407643515766,1
clean_p_11272.jpg,30.96760433040717,1.3872816845032616,0,0,2.938883980210456,6.8511430532935575,0,9.492228061758167,1
clean_p_11273.jpg,24.735325430658783,0,0,0,2.2355528202587074,9.09088385605783,0,7.709579317320908,1
clean_p_11274.jpg,17.754972160351212,0.3968502629920499,0,0,3.8252251813807705,9.002883288703005,0,10.200223266447885,1
clean_p_11275.jpg,1.1394149820388515,0,0,0,1.6928337329444965,6.32452922520295,0,10.081470233220424,1
clean_p_11276.jpg,1.1895570379313796,0,0,0,0,7.894952725652922,0,7.04351996861772,1
clean_p_11277.jpg,1.0857171190925874,0,0,0,0.8544598768646807,6.223421007076556,0,8.3303795879085,1
clean_p_11278.jpg,7.445671121615424,0,0,0,5.370873622327821,7.34378167293948,0,9.345228132389835,1
clean_p_11279.jpg,15.016185710451506,0.0,0,0,6.30282242107215,11.382507240950234,4.732586887598329,9.96626212261654,1
clean_p_11280.jpg,29.19557422301795,1.452854958128249,0,0,3.5591128534968695,9.406106363985762,0,10.452663092823725,1
clean_p_11281.jpg,1.037773103727531,0,0,0,2.2228402402054814,5.057556718201445,0,8.655217627519775,1
clean_p_11282.jpg,33.472214702427095,0.4272299384323447,0,0,5.277680533372331,7.8176495064143445,0,10.814535702134403,1
clean_p_11283.jpg,25.45877916991177,0,0,0,2.1733170768861574,5.653519809822502,0,8.84391972613437,1
clean_p_11284.jpg,14.768116504961464,1.8815526891102279,0,0,2.630537621436365,8.465722643225126,0,11.437534820269242,1
clean_p_11285.jpg,40.893553173232426,0,0,0,3.4378406855873194,4.479130095218322,0,8.186852056129664,1
clean_p_11286.jpg,12.417373480587235,0,0,0,0,8.555284396778626,4.186777774230449,9.78085881749156,1
clean_p_11287.jpg,9.714610095540126,0,0,0,2.687397448162989,8.705154497104541,4.216150732798999,9.370880860127947,1
clean_p_11288.jpg,1.0004253898639843,1.0467019083166753,0,0,0,5.607460090763255,0,11.109299909753402,1
clean_p_11289.jpg,15.746213504017906,0.0,0,0,3.341644530197519,7.758158452960377,0,8.63852837592983,1
clean_p_11290.jpg,25.670875473542164,0.7937005259840998,0,0,3.4684536330499642,7.603175288042976,0,8.299634815694455,1
clean_p_11291.jpg,0.9972183464123049,0,0,0,0,5.068847661777646,0,7.707531318813473,1
clean_p_11292.jpg,30.911368846759093,0,0,0,2.6259635942686437,7.22609613328251,1.1340153526588945,6.18249766448704,1
clean_p_11293.jpg,14.995579878433793,0,0,0,4.056063972886606,9.702475170164547,0,8.002561898366405,1
clean_p_11294.jpg,20.588817920595886,0.7937005259840998,0,0,3.7836539647361915,7.382654648418016,0,7.6259027697139885,1
clean_p_11295.jpg,17.99194822368452,1.1340153526588945,0,0,4.206320184162637,7.410525024654393,0,7.314755326981567,1
clean_p_11296.jpg,21.590240404180637,0,0,0,1.2560847664380983,9.829640010769234,0,4.036104583054845,1
clean_p_11297.jpg,1.033534723535466,0,0,0,0,7.568624330045549,0,5.449337119606962,1
clean_p_11298.jpg,20.723603921270612,1.0801243308062676,0,0,0.6588340295382836,10.0205045405139,0,8.06919840288998,1
clean_p_11299.jpg,16.1143921136829,0,0,0,4.98582627360318,8.473384338043303,0,6.76789691701877,1
clean_p_11300.jpg,12.022220905158893,0,0,0,4.755358022708331,6.7997100130676404,4.854118441767231,6.865316448414561,1
clean_p_11301.jpg,10.855681835508785,0.5218651702952788,0,0,0,5.458035473749759,0,7.238557766988088,1
clean_p_11302.jpg,22.56690401082534,0.0,0,0,1.1146414028226996,10.466192302600211,0,6.81302314167258,1
clean_p_11303.jpg,15.457669747342395,0,0,0,8.466499119954701,6.989837992422751,0,6.71886668286992,1
clean_p_11304.jpg,0.9939580130422236,0,0,0,0,3.2459408180754625,0.0,7.715131233891722,1
clean_p_11305.jpg,8.24924365040436,0,0,0,0.3968502629920499,10.596084516559607,0,6.1341780714813385,1
clean_p_11306.jpg,14.145129351866792,1.3897531503974663,0,0,0,5.726499311895044,0,8.535380706026375,1
clean_p_11307.jpg,20.559384291611188,0,0,0,5.075363331603834,9.315990236353809,0,6.866110339610347,1
clean_p_11308.jpg,1.0676854805013514,0,0,0,1.6999400526895307,5.8020952341868535,0,8.320358293411974,1
clean_p_11309.jpg,1.1216900717958997,0,0,0,0,5.500606747271121,0,7.218628163426864,1
clean_p_11310.jpg,20.14716315851831,0,0,0,3.613663324581606,4.6225391769191795,0,6.503337173328351,1
clean_p_11311.jpg,16.153648367284337,0.0,0,0,3.3603679784136453,9.178233647508414,0,6.8879217870208524,1
clean_p_11312.jpg,0.9815727580996357,0,0,0,0,5.369487445546258,0,7.180925245532072,1
clean_p_11313.jpg,27.46355676795216,1.91392957753963,0,0,1.7560456061000562,6.425024122867591,0,10.478319834158201,1
clean_p_11314.jpg,0.9522015680742381,0,0,0,0,6.41288319802798,0,11.412842243258966,1
clean_p_11315.jpg,32.09224417560025,0.4622408495670931,0,0,3.261124439849511,6.530230139304504,0,5.341584077229783,1
clean_p_11316.jpg,13.341604276336634,0,0,0,7.50205366462372,7.43774867557534,0.6622978212134922,6.198606794157216,1
clean_p_11317.jpg,31.9337093106964,0,0,0,2.98176372413293,6.696413410516503,0,6.176426997017705,1
clean_p_11318.jpg,27.583747271132733,1.3901090392617552,0,0,4.3454447122080735,8.738769281596118,0,7.1984902064018215,1
clean_p_11319.jpg,1.1340586046287189,0,0,0,3.8990729324913267,6.667518289032023,0,5.618571923004647,1
clean_p_11320.jpg,24.03349698507849,0.0,0,0,4.01898541861669,6.442808252570973,0,7.951753852090459,1
clean_p_11321.jpg,28.339381000412118,1.6231320001236706,0,0,4.39593984799037,7.74791226354405,0,6.063735845206018,1
clean_p_11322.jpg,1.105885711551697,0,0,0,4.115928547257908,8.146976410777604,0,7.591833821162563,1
clean_p_11323.jpg,17.975061272622092,0,0,0,5.99169503212335,8.33796114008107,0,6.429909668345787,1
clean_p_11324.jpg,13.912172453982201,0,0,0,2.6945288299912495,9.268648940654309,0,7.06467009669112,1
clean_p_11325.jpg,36.11313758660644,0.0,0,0,1.8808208913449171,6.8762361442685975,0,7.1105106317353375,1
clean_p_11326.jpg,22.623647205371253,0,0,0,6.922323359828209,9.253768359956743,0,7.706215861499689,1
clean_p_11327.jpg,4.625571596094759,0,0,0,1.7599606616052945,11.171409888212054,0,8.327057179729564,1
clean_p_11328.jpg,1.0522876525002653,0,0,0,0,2.344018023757897,0,9.492307945521365,1
clean_p_11329.jpg,1.1353646236056774,0,0,0,0,11.10587307805206,0,7.152539639236126,1
clean_p_11330.jpg,1.3657823169400203,0,0,0,1.6174216395184595,7.366651608072475,0,5.655312350037299,1
clean_p_11331.jpg,1.2314583200544102,0,0,0,0,3.938407957535133,2.143196605702164,5.047577368103943,1
clean_p_11332.jpg,1.1164295104438644,0,0,0,0,0,0,5.650031019736128,1
clean_p_11333.jpg,0.8594248340734112,0,0,0,0,5.471353876408944,0,6.427232484619272,1
clean_p_11334.jpg,1.1031892502035063,0,0,0,0,9.97575365035527,0,7.141579758109655,1
clean_p_11335.jpg,1.1011673727152174,0.0,0,0,0,7.619125924812432,9.01040463354261,6.560998337286482,1
clean_p_11336.jpg,0.9440625787217432,0,0,0,0,2.0445932763471575,0,5.187997352670421,1
clean_p_11337.jpg,1.0070876107120093,0,0,0,0,0,0,4.919962652150266,1
clean_p_11338.jpg,1.071832763913423,0,0,0,0,6.057156948028208,0,6.999666157758879,1
clean_p_11339.jpg,1.0193767290290465,0,0,0,0,4.5408546465024555,0,5.170220349697283,1
clean_p_11340.jpg,1.0977767976607289,0,0,0,0,8.70796040510728,0,6.449228540861555,1
clean_p_11341.jpg,8.797822096341214,0,0,0,4.896797577885,5.403721632101119,0,11.0019304421407,1
clean_p_11342.jpg,17.914015226455824,0,0,0,2.379903248327919,8.927367790948026,0,9.12263426222237,1
clean_p_11343.jpg,26.30719487419131,0.3968502629920499,0,0,2.672150051257356,6.83518265580675,0,8.900155597772946,1
clean_p_11344.jpg,13.673006078717995,1.3279586880759116,0,0,0.9873118677248409,12.148977040232094,0,9.431220879739636,1
clean_p_11345.jpg,1.0768204258231673,0,0,0,0,5.537217730802615,0,7.482724569268874,1
clean_p_11346.jpg,10.818193778054729,0.0,0,0,4.673568299483948,9.777077774395924,4.392008203416759,8.747553752320869,1
clean_p_11347.jpg,6.263451877817813,0,0,0,4.77712395395977,7.999093571826665,0,10.433222520441705,1
clean_p_11348.jpg,1.070794490003488,0,0,0,0,0,0,10.12949997618303,1
clean_p_11349.jpg,1.0311526012656058,0,0,0,0,4.149324585659673,0,13.558673996440891,1
clean_p_11350.jpg,14.682459404773658,2.37733208021427,0,0,0,6.6586913241620165,0,8.171052356343141,1
clean_p_11351.jpg,1.0609690195842079,0,0,0,0,9.573383651811891,0,8.9915101178576,1
clean_p_11352.jpg,1.0488561962451506,0,0,0,0,7.093115054627704,0,7.839952852271284,1
clean_p_11353.jpg,1.0025015267474298,0.0,0,0,0,6.903854717209185,0,8.428122707923485,1
clean_p_11354.jpg,0.9977662174733011,0,0,0,0,7.615290968232022,0,7.8170437944207105,1
clean_p_11355.jpg,1.026122650496196,0,0,0,0,7.457425422458959,0,7.731836372216227,1
clean_p_11356.jpg,1.0916387918431645,0,0,0,0,7.115847665381674,0,9.603931078838603,1
clean_p_11357.jpg,1.0437239325381165,0,0,0,0,8.217192251683926,0,9.788639209663037,1
clean_p_11358.jpg,8.485327685293065,4.668992531623814,0,0,0,9.83706788827899,0,7.369994977545127,1
clean_p_11359.jpg,9.264491257157694,1.2255135336724494,0,0,0.3968502629920499,8.615964496736268,0,8.341421071543513,1
clean_p_11360.jpg,21.969284544462717,3.3042943863103584,0,0,0,7.213264341911969,1.8809095670044242,8.688722080992655,1
clean_p_11361.jpg,8.757289522250671,1.1422230259001007,0,0,2.2051824537791584,9.087728910777763,0,7.659716695621763,1
clean_p_11362.jpg,17.317725381232755,1.214510610435435,0,0,2.076557042437521,9.58490649979371,0,9.89427849406989,1
clean_p_11363.jpg,17.34543775875788,3.055730950734605,0,0,0,10.086740193676873,0,8.28011831199529,1
clean_p_11364.jpg,1.1155112669448843,0,0,0,0,7.211171416260767,0,7.834370865677943,1
clean_p_11365.jpg,18.00695670821606,1.3310271186543203,0,0,3.81694651680974,8.055994492003595,0,9.934028848342654,1
clean_p_11366.jpg,1.018288187108995,0,0,0,0,8.809412250372162,0,7.223962975033616,1
clean_p_11367.jpg,0.9474392945054824,2.2725063012737454,0,0,0,7.107502516686054,0,7.5108788938865,1
clean_p_11368.jpg,1.0350017955309243,0,0,0,0,8.171692973414881,0,7.272614257196176,1
clean_p_11369.jpg,1.0675150889327836,0,0,0,0.3968502629920499,8.71807592680495,0.0,7.333226975111993,1
clean_p_11370.jpg,1.2967885757296889,0,0,0,0,5.786118531185002,3.1839605073797825,6.477496274983492,1
clean_p_11371.jpg,0.9977458143234323,0.0,0,0,0,7.852256598225152,0,8.755513877464688,1
clean_p_11372.jpg,23.009804947868272,0.3968502629920499,0,0,3.9702613624742096,7.488559167756543,0,8.48162807943858,1
clean_p_11373.jpg,18.71735571105436,3.7661833371359923,0,0,0.0,8.312239613041807,0,8.850418102833252,1
clean_p_11374.jpg,14.498475686419418,2.1869648827982866,0,0,2.9111420903144922,11.20987468506676,0,7.886503083940921,1
clean_p_11375.jpg,24.259064973168794,1.8737733226729634,0,0,0,6.053075297850185,0,5.226836880064334,1
clean_p_11376.jpg,1.0731043103352864,0,0,0,0,8.194767869859785,0,8.720370875990225,1
clean_p_11377.jpg,17.54653513421574,1.8029955951870227,0,0,1.6543619997085688,9.333954243221227,0,7.809740462724542,1
clean_p_11378.jpg,12.961581514984102,1.6564686658344843,0,0,0,9.500214685694242,0,8.990756148893063,1
clean_p_11379.jpg,1.0409822924894732,0,0,0,0,5.410840439337128,0,8.57834675973029,1
clean_p_11380.jpg,1.1031251872715417,0,0,0,0,4.791191251480785,0,6.959541953572596,1
clean_p_11381.jpg,18.98977129980059,1.9211865581247547,0,0,0.3968502629920499,8.88356678847211,0,7.941814559856921,1
clean_p_11382.jpg,17.686142109797313,2.6345001892436,0,0,0,8.835418989259209,0,7.7872760921854685,1
clean_p_11383.jpg,6.397160106319048,0.0,0,0,0.0,8.630493609200572,0,8.317519867065384,1
clean_p_11384.jpg,1.0470146279664365,0,0,0,0,6.438925133517543,0,7.221765605599242,1
clean_p_11385.jpg,1.113424703961035,1.3027916849768673,0,0,4.795956170648861,8.700299835547556,0,9.120138452011792,1
clean_p_11386.jpg,1.0951695520435303,1.6124916611863336,0,0,0,10.403156212559926,0,8.99138430737032,1
clean_p_11387.jpg,27.18304200086247,1.70891975372937,0,0,0.8674490273666329,8.042021513477534,0,9.798975582883553,1
clean_p_11388.jpg,1.0448052793074776,0,0,0,0,7.519986478272213,0,6.9836448779797555,1
clean_p_11389.jpg,8.285934399230674,0.3968502629920499,0,0,4.894672616225562,7.45507854560767,0,9.62493958804909,1
clean_p_11390.jpg,1.0371983974060714,0,0,0,0,7.650223071657736,0,8.580414442716961,1
clean_p_11391.jpg,1.106382245584077,0,0,0,0,8.501999354774975,0.3968502629920499,9.502328480629302,1
clean_p_11392.jpg,12.427617255190603,0.35414263581663485,0,0,2.3886106485112055,11.814578493246641,0,9.249113833242172,1
clean_p_11393.jpg,1.0624027795402586,0,0,0,0,3.798699515076632,0.0,8.943353236133635,1
clean_p_11394.jpg,1.008476321180598,0,0,0,0,7.674939892763767,0,12.089310782525496,1
clean_p_11395.jpg,1.0887666491611645,0,0,0,0,2.5294416626909455,0,8.359553829834356,1
clean_p_11396.jpg,1.5071944390729968,2.544471705829863,0,0,0.0,8.715930334421753,0,10.880408067862028,1
clean_p_11397.jpg,14.131750047722091,1.7369909614294117,0,0,4.563587200458304,10.335353699695222,0,10.440289112780704,1
clean_p_11398.jpg,7.323017976915783,0,0,0,5.857176270313857,10.292490841495813,0,11.676746993991124,1
clean_p_11399.jpg,23.3046642845741,1.6426301122878817,0,0,0.0,8.27869671833242,0.0,6.213388292036792,1
clean_p_11400.jpg,29.230707240101022,1.0611500267445533,0,0,2.366997479489586,7.661167695368895,0,5.291399743154543,1
clean_p_11401.jpg,0.9763261582946847,0.0,0,0,0,12.041064215440835,0,7.227397260345294,1
clean_p_11402.jpg,7.629329884023202,3.0890008196349115,0,0,0,8.386318606766753,1.1340153526588945,12.265063426274509,1
clean_p_11403.jpg,32.921370939369986,1.9871694810152063,0,0,1.466220798291064,6.453389962803419,0.0,5.583850313461107,1
clean_p_11404.jpg,12.036261736895515,1.7576973054182468,0,0,0.3968502629920499,7.927299162174593,0,7.42995937103562,1
clean_p_11405.jpg,16.71857090701801,1.0756451237834466,0,0,0,7.997900586897691,0,6.3232598963259266,1
clean_p_11406.jpg,1.0844121916743659,0,0,0,0,6.578917732578428,0,10.112522799553656,1
clean_p_11407.jpg,27.114870668077703,1.2175541268338654,0,0,0.0,8.27927426872683,0,6.603837871001279,1
clean_p_11408.jpg,1.1783694622365415,0,0,0,0,3.4850076154958347,0,9.260394148170969,1
clean_p_11409.jpg,1.1579290570050287,0,0,0,0,6.340578435931222,0,7.741454755924485,1
clean_p_11410.jpg,20.77693668995621,2.1324711418389453,0,0,3.01235754516362,8.566872213856074,0,6.3090062596615395,1
clean_p_11411.jpg,6.637819832683296,0,0,0,0,9.542649691548107,0,8.668299562994168,1
clean_p_11412.jpg,1.339654395161257,0,0,0,0,7.715974209715137,0.7937005259840998,9.295274532112064,1
clean_p_11413.jpg,1.2273230984223167,1.4344151838769925,0,0,0,6.380889660663376,2.3235873428296556,6.856461030753304,1
clean_p_11414.jpg,1.076157915147688,0,0,0,0,4.16093915890743,0,8.55586466865894,1
clean_p_11415.jpg,14.196483429552352,0.0,0,0,4.384580374046649,10.21375014679957,0,6.683160816392964,1
clean_p_11416.jpg,13.347358516477264,0.46679890432369486,0,0,0.3780051175529636,9.081067902328144,0,7.523898857877694,1
clean_p_11417.jpg,29.70574541554911,0,0,0,2.631435349234301,10.073233231360591,0,5.743760006735228,1
clean_p_11418.jpg,8.22284210737289,2.12232187422367,0,0,0,7.235139662323067,0,8.04971130596014,1
clean_p_11419.jpg,7.869620847572863,0,0,0,2.412920334346248,11.576876616836373,0,9.236454261649978,1
clean_p_11420.jpg,25.545748471054665,0.4622408495670931,0,0,1.087449386449855,9.26397952870664,0,6.30524644983647,1
clean_p_11421.jpg,1.1053640009691514,0,0,0,0,4.594051330000147,2.268030705317789,9.015379682797823,1
clean_p_11422.jpg,21.56696144603341,3.233483780757729,0,0,0,6.506897792558189,0,7.0679963165691175,1
clean_p_11423.jpg,1.4511879221646782,0,0,0,0,9.530792356761149,0,8.481545060139146,1
clean_p_11424.jpg,1.092253031509165,0,0,0,4.784436139209759,8.066512431116827,0,11.062371846483522,1
clean_p_11425.jpg,11.011415774913225,1.4422495703074083,0,0,0,4.742963450735019,5.555903681888697,6.4185594151941325,1
clean_p_11426.jpg,35.60978563085856,1.616629476711932,0,0,0,5.1798642610401995,1.1905507889761495,5.3799105737301955,1
clean_p_11427.jpg,1.192467101356405,0,0,0,0,6.558469356734863,0,5.730170632223461,1
clean_p_11428.jpg,9.647300820860517,0.0,0,0,2.330001812050489,10.056807743352724,1.5875541430147637,8.613743756340575,1
clean_p_11429.jpg,13.183328183510135,0,0,0,4.148282221978683,6.481070063454386,0,7.541060254972699,1
clean_p_11430.jpg,1.0025225628971375,0,0,0,0,6.872045345940788,0,6.993188041005973,1
clean_p_11431.jpg,1.5437997860321069,0,0,0,0,7.464560648211384,0.0,7.268456647819377,1
clean_p_11432.jpg,1.0365944302630379,1.6231320001236706,0,0,0,6.687875483708955,0,8.073058820138133,1
clean_p_11433.jpg,1.0082428964678931,0,0,0,0,8.641224266541835,0,7.255685852333793,1
clean_p_11434.jpg,1.0891940382969936,0,0,0,0,9.063339895577581,0,7.367488461333116,1
clean_p_11435.jpg,13.378160883921536,0,0,0,6.136584443542516,9.778838091924696,0,8.667898014312751,1
clean_p_11436.jpg,0.9669158301046094,0,0,0,0,8.584516108799239,0,7.448477051426344,1
clean_p_11437.jpg,1.0338686602894325,0,0,0,0,5.822900118810412,0,7.858437591664529,1
clean_p_11438.jpg,1.104884488238854,0.3780051175529636,0,0,0,6.080624726483129,0,6.685784435333078,1
clean_p_11439.jpg,1.1869412142258382,0,0,0,0,7.436283329745706,0,5.613849058971262,1
clean_p_11440.jpg,6.557016021257158,0,0,0,1.0438325305880216,8.67066094537874,0,9.255415604895761,1
clean_p_11441.jpg,16.606774041587386,0,0,0,3.6972972830291813,7.981340697327679,0,6.434690388002872,1
clean_p_11442.jpg,11.634582057229418,0.3780051175529636,0,0,0,6.683178998408569,0.0,7.411196480721225,1
clean_p_11443.jpg,12.599558130017574,2.435400008280035,0,0,0,9.775849092814745,0,10.886440714215562,1
clean_p_11444.jpg,1.5859967893573175,0,0,0,0,1.9742421194283453,0,9.506356795861324,1
clean_p_11445.jpg,20.01710127638619,2.9976833967621235,0,0,0,0.3780051175529636,0,6.0865041934520185,1
clean_p_11446.jpg,0.9147785330315675,0,0,0,0,9.59349627904233,0,8.639361032531442,1
clean_p_11447.jpg,22.276948451604866,1.9058316615024782,0,0,0,5.834170133207663,0,5.8269887802157205,1
clean_p_11448.jpg,1.1130686447246791,0,0,0,0,0,0,7.484014152989806,1
clean_p_11449.jpg,1.0206622871405617,0,0,0,0,0,0,7.008132060654501,1
clean_p_11450.jpg,8.902558854847822,0,0,0,3.279323085479426,8.59121036215584,0,10.119592802141348,1
clean_p_11451.jpg,13.625284017391719,0.3968502629920499,0,0,1.173194994189223,8.84918428525914,0,7.948391615991611,1
clean_p_11452.jpg,1.368291643429758,1.3414891808992848,0,0,0,8.250929596341127,0,7.892945559107611,1
clean_p_11453.jpg,1.070496157389496,0,0,0,1.2816898152970253,9.584111907611572,0,6.629283413337996,1
clean_p_11454.jpg,8.953893089961802,0.7510748487992015,0,0,0,5.414177882515056,3.7317155418611976,5.415408968535532,1
clean_p_11455.jpg,1.0124571641510987,0,0,0,0,0,0,7.95465630121353,1
clean_p_11456.jpg,1.7865389568207444,0,0,0,0,13.590317367717487,0,8.47552846859546,1
clean_p_11457.jpg,6.776954752085259,0,0,0,1.9967756688352316,11.184263925384675,0,6.736307481177701,1
clean_p_11458.jpg,15.968182984428962,3.1114055492332957,0,0,1.5874010519681994,12.892845335777874,0,11.422805922572076,1
clean_p_11459.jpg,25.81717175314883,0.708381388512133,0,0,2.0738677515383275,8.891835242507407,0,6.290510185669181,1
clean_p_11460.jpg,2.189323981035545,0,0,0,0,7.704970882085261,0,11.192820662048161,1
clean_p_11461.jpg,12.019296806623604,5.815609843905525,0,0,0,11.557723227052453,0.0,11.117789443438648,1
clean_p_11462.jpg,23.63666129824695,1.5177641026070117,0,0,0.7064539181961784,9.081898220537065,0,6.288291513523554,1
clean_p_11463.jpg,0.869841676998209,0,0,0,0,11.526303526431667,0,8.264239012218408,1
clean_p_11464.jpg,7.214759916131478,1.7093654943026508,0,0,0.0,12.660774673383877,0,7.397422012803782,1
clean_p_11465.jpg,1.0636619065375235,0,0,0,0,10.358213609532221,0,6.644631695004873,1
clean_p_11466.jpg,19.16225011214418,0.0,0,0,1.595088207679118,8.913468321153504,0,9.436128964495675,1
clean_p_11467.jpg,1.0392618642489246,0,0,0,3.1502106100783522,9.724809988557341,0,6.451661718846486,1
clean_p_11468.jpg,19.61222276003292,3.357480190801918,0,0,0,8.035567987925159,0,10.941258418207449,1
clean_p_11469.jpg,9.67902581154741,0.6299605249474366,0,0,0,6.282729403912529,0,8.857573957286684,1
clean_p_11470.jpg,17.405494457487897,4.902425128104757,0,0,1.5874010519681994,8.145940105734168,2.7739799952166484,8.640070787562905,1
clean_p_11471.jpg,21.755684503144487,2.35786505666616,0,0,0,3.5920506622087296,0.3968502629920499,7.707919598063034,1
clean_p_11472.jpg,2.4918218376973735,0.4125351691494115,0,0,0,7.817268955241799,0,7.649370479057537,1
clean_p_11473.jpg,25.94254134952146,1.6332436913774622,0,0,0.35414263581663485,6.88346977181269,4.07205884576462,10.850565996485422,1
clean_p_11474.jpg,29.742794676443083,2.7594451397776916,0,0,0.0,6.761815412606088,0.3968502629920499,9.96417087758678,1
clean_p_11475.jpg,15.513098965801483,2.093533796970296,0,0,4.28046478305053,5.8820766560544735,3.8615954071853698,8.067905514330818,1
clean_p_11476.jpg,1.312174791315228,0.5869710591058591,0,0,0,2.6452586046510786,0,6.804345896057131,1
clean_p_11477.jpg,6.75251958217124,1.7206613181542487,0,0,0,6.796758135722331,0,8.227063389770798,1
clean_p_11478.jpg,1.8842564514970939,0,0,0,0,5.6033553574427275,0,5.942922950676562,1
clean_p_11479.jpg,17.512604465919274,2.2121721940942405,0,0,3.18841624187948,9.313535160339313,0,10.202201903765205,1
clean_p_11480.jpg,21.42297797733188,1.8092160775293333,0,0,2.3874935420710615,7.758682768467902,0,9.529123843731098,1
clean_p_11481.jpg,2.059041488377991,0,0,0,0,7.10550199109143,0,9.73980324355237,1
clean_p_11482.jpg,1.1990236569157955,0,0,0,0,2.3994658095197288,0,5.92593737473366,1
clean_p_11483.jpg,2.296338328523522,0.8805364881960207,0,0,0,7.92715644927206,0,9.64674611662855,1
clean_p_11484.jpg,27.957324315161692,1.7652084524758282,0,0,0.33361919921645206,8.484460283389287,1.5339481099154897,8.007654377586054,1
clean_p_11485.jpg,28.18393384678616,1.9188354339436233,0.7937005259840998,0,1.0624279074499077,6.063459230949497,6.183501975730691,6.169207013467951,1
clean_p_11486.jpg,26.657522963157003,0.9809525801721417,0,0,0.0,5.993171359157184,0,6.810273989279577,1
clean_p_11487.jpg,6.85676088708804,2.4065616538727115,0,0,0,5.119988911030508,0,9.598875564473227,1
clean_p_11488.jpg,25.123619410519783,1.626433745062231,0,0,0.3968502629920499,6.514559594079667,2.7138124709704967,9.754420871809021,1
clean_p_11489.jpg,2.2827852563678475,0,0,0,0,6.709733001708945,0,7.709923699496369,1
clean_p_11490.jpg,9.473003855061105,0.0,0,0,3.6467653725444404,7.869974065109624,3.0710013011447916,10.282150211019003,1
clean_p_11491.jpg,1.6256522495654675,0,0,0,0,3.976087291405902,0,6.632931497196866,1
clean_p_11492.jpg,1.1622225674826663,0,0,0,0,10.469782224333294,0,9.826301865867057,1
clean_p_11493.jpg,1.3652087955036265,0,0,0,0,0,0,4.8517724978828705,1
clean_p_11494.jpg,2.4865761229811802,0,0,0,0,9.820206332340828,0,8.560937530462233,1
clean_p_11495.jpg,1.0584431290574938,0,0,0,0,2.0299492816564775,0,8.151075682856739,1
clean_p_11496.jpg,15.918100741548868,1.7642140239100197,0.3968502629920499,0,0,1.7107358418576761,3.645525152218621,17.782983004053943,1
clean_p_11497.jpg,21.689399409572214,2.7582946189076343,0,0,0.0,7.570762921063129,0,6.1850029290736055,1
clean_p_11498.jpg,27.697604737046117,0.6170436884292544,0,0,3.7137353838770277,8.278352519933108,0,5.559613503391348,1
clean_p_11499.jpg,1.4278056817980476,0,0,0,0,1.7839616397694238,0,5.012455095498384,1
clean_p_11500.jpg,1.5115679571254104,0,0,0,0,6.59230430023241,0,9.086727234052212,1
clean_p_11501.jpg,1.5176028023098014,0,0,0,0,11.210396129429022,0,7.131891982675116,1
clean_p_11502.jpg,2.81081813733901,0,0,0,0,10.640156768595018,0,11.374759949913926,1
clean_p_11503.jpg,1.4184248936171837,0,0,0,0,5.735360411914538,0,5.737823921648665,1
clean_p_11504.jpg,30.36385839529341,3.0404923435287907,0,0,0.0,7.744770540645607,0,9.147146473774123,1
clean_p_11505.jpg,1.4247615233626754,0,0,0,0,5.194935970847549,0,8.235355884257109,1
clean_p_11506.jpg,1.380695668660075,0,0,0,0,5.933264897668112,0,9.301872102472966,1
clean_p_11507.jpg,1.4160918215627885,0,0,0,0,6.854713768826877,0,6.911654248949416,1
clean_p_11508.jpg,1.1491073244766978,0,0,0,0,8.632879645507941,0,9.018014860456162,1
clean_p_11509.jpg,1.0995862880300886,0,0,0,0,1.5139774447591818,0,4.646439036701031,1
clean_p_11510.jpg,1.2354539061928191,0,0,0,0,0,0,7.001079218884028,1
clean_p_11511.jpg,1.2440911904997338,0,0,0,0,5.00744974455785,0,7.451571888190829,1
clean_p_11512.jpg,1.7145467872170774,0,0,0,0,4.805721961673288,0,7.499328512703332,1
clean_p_11513.jpg,1.2443428655929096,0,0,0,0,7.635716952939161,0,7.846718255474208,1
clean_p_11514.jpg,1.781530722610745,0,0,0,0,4.354959508872279,0,5.400555449913227,1
clean_p_11515.jpg,1.5095166635592998,0,0,0,0,4.586521129216709,0,8.18005414240391,1
clean_p_11516.jpg,2.2930471681125764,0,0,0,0,8.18751734188064,0,6.292346060054398,1
clean_p_11517.jpg,8.693231894746795,5.739510392888648,0,0.0,0,6.4098686735205535,0,7.564635668625706,1
clean_p_11518.jpg,1.7233757499034663,0.4466426815290721,0,0,0,9.323658448218998,0,6.761569978527129,1
clean_p_11519.jpg,1.8939917510863917,0,0,0,0,4.133031415232372,0,9.207595491466744,1
clean_p_11520.jpg,13.33146884088791,2.214891482677144,0,0,0,11.206691781231715,0,9.286797780104465,1
clean_p_11521.jpg,1.353774981581332,0,0,0,0,3.1209107864308296,0,4.703860939599348,1
clean_p_11522.jpg,1.3826238620679154,0,0,0,0,3.723989223617742,0,4.3516243129633025,1
clean_p_11523.jpg,1.0947877800566133,0,0,0,0,6.545035325469329,0,5.597411839625073,1
clean_p_11524.jpg,2.1322526677340914,0,0,0,0,8.897766270096682,0,9.028708507941216,1
clean_p_11525.jpg,1.1406252882759766,0,0,0,0,6.014721072439374,0,7.102467327235427,1
clean_p_11526.jpg,2.0088120309912405,0,0,0,0,0,0,5.300271917234531,1
clean_p_11527.jpg,8.499968642271595,0.8417889136118992,0,0,0,8.466891445512431,0,5.882429640420517,1
clean_p_11528.jpg,1.4081356756426577,0.0,0,0,0,8.784576848273842,0,6.001634389225763,1
clean_p_11529.jpg,2.3815416380510612,0,0,0,0,9.351176390426865,0,8.353480112445933,1
clean_p_11530.jpg,1.784435044288182,0,0,0,0,9.232792448035273,0,9.370004328195543,1
clean_p_11531.jpg,1.676751158597898,0,0,0,0,3.768752809481898,0,6.665862187741996,1
clean_p_11532.jpg,1.1807176697717425,0,0,0,0,4.080950050264504,0,8.223129755463269,1
clean_p_11533.jpg,1.0341053398784228,1.3867225487012693,0,0,0,5.874640782152398,0,5.024997049736638,1
clean_p_11534.jpg,1.0346249171750221,0,0,0,0,3.824883787308268,0,5.4964878146236105,1
clean_p_11535.jpg,1.1577043586122608,0.0,0,0,0.0,7.704409638011103,0,6.830680340809293,1
clean_p_11536.jpg,25.229879352898767,3.474983297695244,0,0,0,4.894760391412782,5.436402487913607,5.77439688000488,1
clean_p_11537.jpg,9.671891037676323,1.416762777024266,0,0,5.38093425571735,9.073099771599676,0.7211247851537042,9.604402691167623,1
clean_p_11538.jpg,10.119016662702071,0,0,0,2.0568992215873347,6.466413282043989,7.4143184823174915,8.651793746352029,1
clean_p_11539.jpg,1.1300611468712665,0.3780051175529636,0,0,0,9.050670497116547,0,7.958915706072274,1
clean_p_11540.jpg,7.39945210260838,0,0,0,0,4.480536670535968,0.0,8.915511689507685,1
clean_p_11541.jpg,10.746879852055898,2.6780713828178726,0,0,1.854385324779921,11.027269558067328,0,8.035598306913194,1
clean_p_11542.jpg,7.165165163162547,0,0,0,3.278212734473942,9.447159775396582,0.0,7.266857449543478,1
clean_p_11543.jpg,7.638786649225807,2.4860201384753866,0,0,0,5.635807067798966,0,9.08416403108634,1
clean_p_11544.jpg,1.1400142487412663,0,0,0,0,9.888296969872725,0,9.19066037096949,1
clean_p_11545.jpg,8.087656245691472,0.0,0,0,1.576479660664193,4.8948279605587235,0,8.937563963454906,1
clean_p_11546.jpg,1.0370690166632692,1.165910318534634,0,0,0,8.609330538303963,0,8.324965501612779,1
clean_p_11547.jpg,21.03373444050924,1.3652107400290547,0,0,2.611822182812933,9.384768837665986,0,9.681546674873545,1
clean_p_11548.jpg,1.1392906061299557,0,0,0,0,7.064398357957588,0,8.84364304726876,1
clean_p_11549.jpg,1.0571906691388337,0,0,0,0,0,0,5.862711003043944,1
clean_p_11550.jpg,1.1731396530400542,0,0,0,0,10.67146985960602,0,9.798999545188515,1
clean_p_11551.jpg,2.1520786833116565,0,0,0,5.897679052151313,8.666740684154316,0,8.986031387165326,1
clean_p_11552.jpg,8.754511762696858,1.7500209958008388,0,0,1.165910318534634,8.147755736282551,4.246493721230111,7.089634723024373,1
clean_p_11553.jpg,19.463066362900577,1.0624279074499077,0,0,0,9.218760965319866,0,6.171503141118871,1
clean_p_11554.jpg,16.31930023535578,2.184199902642588,0,0,1.416762777024266,7.21070890559962,0,6.687690175094316,1
clean_p_11555.jpg,1.0904407029491272,0,0,0,0,2.381101577952299,0,9.257913992952759,1
clean_p_11556.jpg,1.4147596479236362,0,0,0,0.0,8.945646401436475,0,7.4788234766319786,1
clean_p_11557.jpg,1.2766134143281316,0,0,0,0,7.450521668653586,0,5.957669540086788,1
clean_p_11558.jpg,1.2086901112725228,0,0,0,0,8.86011570724168,0,9.022118137126972,1
clean_p_11559.jpg,7.0351545339408785,0.7937005259840998,0,0.0,5.870640480091614,10.2333637249183,0,10.115940343707077,1
clean_p_11560.jpg,1.445663914535337,0,0.0,0,0,0,0.3968502629920499,8.822612513376644,1
clean_p_11561.jpg,8.693414577943841,0.9319201893130972,0,0,0,6.745809931010757,0,8.954541961551646,1
clean_p_11562.jpg,1.3026724533619536,0,0,0,0,6.32356913492632,0,8.105702657680974,1
clean_p_11563.jpg,1.1293093490570665,0,0,0,0,2.1598972475012137,0,8.44248739258892,1
clean_p_11564.jpg,18.223419727663575,0,0,0,0.0,6.914103659941192,0,8.426490818153908,1
clean_p_11565.jpg,8.017100334131259,0.0,2.079132274967134,0,0,8.7721868771082,0,8.378762468796456,1
clean_p_11566.jpg,18.57976982787905,1.7367032871122,0,0,0,9.451992731761646,0,8.166780419082068,1
clean_p_11567.jpg,1.7134959266421685,0,0,0,0,9.257143524154175,0,9.570266412939354,1
clean_p_11568.jpg,25.577548210717204,1.7466617363564605,0,0,1.3522126235188292,6.981744538373448,0,8.41593138039521,1
clean_p_11569.jpg,13.694396595060594,0.7937005259840998,0,0,4.207183608996729,5.450821518126634,0,7.912117874363439,1
clean_p_11570.jpg,20.480619140637625,1.8551167140278666,0,0,0,6.128983447474562,0,7.715847013847321,1
clean_p_11571.jpg,1.4354738536042062,0,0,0,0,3.8447634985526618,0,10.82383150810883,1
clean_p_11572.jpg,21.56175354528915,0.0,0,0,0.7600405097707447,8.939752546850224,0,8.150191948249615,1
clean_p_11573.jpg,40.79588236413454,1.040041911525952,0,0,1.8163298107771375,6.514888236667407,0,6.90366433241025,1
clean_p_11574.jpg,35.498685304640276,0,0,0,3.696183665543132,6.922743563755522,0,8.306479154646617,1
clean_p_11575.jpg,1.77145255964431,1.351865602798757,0,0,0.0,11.721976695411316,0,7.744067472061392,1
clean_p_11576.jpg,20.00451279738289,2.260708988631766,0,0,1.5366587493255037,6.445081193158218,0,8.09642378121967,1
clean_p_11577.jpg,1.0267987798188034,0,0,0,0,12.370503250820335,0,9.336610119179724,1
clean_p_11578.jpg,7.712429762035348,0,0,0,4.855721384757993,4.786111751782388,4.992082489507404,7.890205701567049,1
clean_p_11579.jpg,9.787678464817615,0,0,0,1.244815350657286,9.86036079405579,0,10.352209621656582,1
clean_p_11580.jpg,1.163870388787359,0.3968502629920499,0,0,0,9.278962914554652,0,8.905009758166411,1
clean_p_11581.jpg,1.5294428979479064,0,0,0,0,0,0,6.139224537358268,1
clean_p_11582.jpg,10.696163218601027,0,0,0,3.8526826751734653,5.9917575970323576,0,7.286884374530337,1
clean_p_11583.jpg,1.0171679891173986,0,0,0,0,0,0,7.37812077988249,1
clean_p_11584.jpg,0.9133344801444605,0,0,0,0,4.586952109819546,0,6.734530269671311,1
clean_p_11585.jpg,1.1490803191549925,0.0,0,0,0,9.273957078017107,0,8.249719241864572,1
clean_p_11586.jpg,20.093110986324845,0,0,0,3.72430142702125,7.564830215678337,2.666250738081043,7.723805296554147,1
clean_p_11587.jpg,7.573379860615911,0,0,0,0,5.001962205148252,1.7471609294725976,7.677572986834002,1
clean_p_11588.jpg,1.139817961669251,0,0,0,0,6.404316987969175,0,6.3143421900994365,1
clean_p_11589.jpg,1.2058355649244283,0,0,0,0,7.819010516197409,0,5.9662824756145945,1
clean_p_11590.jpg,1.0446159970694513,1.1834314097995902,0,0,0,7.558042882952429,0,6.40149732426093,1
clean_p_11591.jpg,1.568441963530283,0,0,0,2.627591330538194,10.729800217184966,0,9.691095284332524,1
clean_p_11592.jpg,1.0264869999323372,0,0,0,0.0,8.131839627949256,0,7.508765444683815,1
clean_p_11593.jpg,6.4567095455109165,0,0.7937005259840998,0,0,0,3.375810410139495,8.13315258460466,1
clean_p_11594.jpg,1.112062414260082,0,0,0,0,6.557710723080356,0,6.941249966833887,1
clean_p_11595.jpg,14.202017407973457,0,0,0,2.5859401939806688,8.177673164590734,3.1445051627585894,7.217886502573334,1
clean_p_11596.jpg,9.53329472319301,0,0,0,2.9474618277698625,9.313736579612863,3.571652366928449,9.110047230754052,1
clean_p_11597.jpg,1.3090219823511409,4.245268408141601,0,0,0,8.486377191876485,0,8.556708940024784,1
clean_p_11598.jpg,10.116767703556935,0.0,0,0,0.0,10.3886069953675,0,6.322435553742881,1
clean_p_11599.jpg,1.0833858490399848,0,0,0,0,6.7126478856842775,0,9.271334156381274,1
clean_p_11600.jpg,1.0966799591024787,1.8499898499852026,0,0,0,10.062768730340535,0,7.458497999193759,1
clean_p_11601.jpg,1.0353632788310603,0.0,0,0,0,9.924400787225602,0,8.626481507154862,1
clean_p_11602.jpg,13.163678959704233,0,0,0,1.6062515834188278,9.358236301874463,0,8.275374260675068,1
clean_p_11603.jpg,7.591181915854341,1.5187292309738067,0,0,1.6089999652693259,8.85731813761886,0,8.407708260559268,1
clean_p_11604.jpg,13.900776581631048,1.39587128396935,0,0,0.0,9.02813471007902,0,7.853498015976607,1
clean_p_11605.jpg,3.6652902790317303,0,0,0,0,13.439186222621299,0,9.849617645175213,1
clean_p_11606.jpg,11.292516695050013,1.0687048702487436,0,0,0.3780051175529636,8.330409800699528,0,7.162237551717951,1
clean_p_11607.jpg,1.2431619617577885,0.0,0,0,0,9.622037942648882,0,8.155370011281168,1
clean_p_11608.jpg,25.68528541048924,2.514300755424671,0,0,1.9419121082891269,6.2695644478584365,0.0,9.443319433873853,1
clean_p_11609.jpg,1.1923904512299779,0.0,0,0,0,4.784645915594357,0,9.59769083622358,1
clean_p_11610.jpg,14.423535630839591,2.6619079627304445,0,0,0,11.944186551379923,0,10.740069340492262,1
clean_p_11611.jpg,1.051351030228539,0,0,0,0,3.892021748425911,0,9.162750850113037,1
clean_p_11612.jpg,1.3674879171275316,0,0,0,0,4.667200588875583,0,8.248852396039808,1
clean_p_11613.jpg,15.966847711266666,1.194490093001318,0,0,3.8730996476978876,6.243343389628609,0.0,10.08905140792617,1
clean_p_11614.jpg,5.244030775892455,1.7704663876359095,0,0,0.0,12.450539948616752,1.0395661374835632,9.637190769489964,1
clean_p_11615.jpg,18.799434866978316,1.1905507889761495,0,0,6.718340866070854,11.0244308423233,0,9.85401219603408,1
clean_p_11616.jpg,9.342640875316617,0.0,0,0,6.288559092036454,13.245235723206072,0,8.224667116125207,1
clean_p_11617.jpg,6.64223872970914,0,0,0,0.0,8.261193423035612,0,10.452351513145173,1
clean_p_11618.jpg,10.998955763167443,1.9973769301313333,0,0,0,9.05567868702458,0,8.390940666175679,1
clean_p_11619.jpg,25.978044278322468,2.0700876010722586,0,0,0,6.580470559942158,0,8.59855195192467,1
clean_p_11620.jpg,9.198191147362046,0.3780051175529636,0,0,0.0,7.295654815513579,0,9.066249333525906,1
clean_p_11621.jpg,14.049675421786743,2.0767761253130033,0,0,1.2877765398148975,6.289285481792675,7.435410167104679,8.017030912073144,1
clean_p_11622.jpg,1.1818275963908211,0,0,0,0,5.188524031396605,0,8.6756108738708,1
clean_p_11623.jpg,1.3527728975956115,0,0,0,0,3.7974466216651446,0,13.798503501487142,1
clean_p_11624.jpg,18.093597683274687,0.0,0,0,1.6079162856642955,6.518692680783264,0,11.337462802573912,1
clean_p_11625.jpg,4.068386541239676,0,0,0,0,0,8.972163189918048,8.309930610889475,1
clean_p_11626.jpg,10.06210669973635,0.7516304720503147,0,0,0,10.015061869733607,0,11.710977843260821,1
clean_p_11627.jpg,1.0671298889226397,0,0,0,3.7654427469559777,10.39260761441602,0,9.390347602765367,1
clean_p_11628.jpg,10.37134774550027,0.0,0,0,4.177569527863236,10.481073561036936,0,11.907259828511435,1
clean_p_11629.jpg,19.727928891775992,3.057585502879639,0,0,2.634898920161462,5.083383369208162,12.107150341465791,8.722267643890195,1
clean_p_11630.jpg,1.1788161390235015,0,0,0,0,11.31384967755742,0,10.864545118729636,1
clean_p_11631.jpg,8.633401224620433,0.6489145272928366,0,0,0,9.658493607900947,2.381101577952299,7.131397761877807,1
clean_p_11632.jpg,11.828232118233768,1.7003139861041707,0,0,3.7982439992903805,9.175539042825871,0,7.540182113712372,1
clean_p_11633.jpg,6.337353592967985,2.079132274967134,0,0,3.0106984280415787,14.158607694722871,0.0,9.908529442324939,1
clean_p_11634.jpg,1.1603645301520038,0,0,0,0,4.109196345045238,4.104509822271366,10.900547181521226,1
clean_p_11635.jpg,1.1757554128619725,0,0,0,0,0,8.52006285669719,8.4335680587002,1
clean_p_11636.jpg,8.326011781576646,2.1340813879308236,0,0,0,6.943368812545174,0,9.290589791642413,1
clean_p_11637.jpg,19.650647642813524,0,0,0,2.170267072817717,7.879994644662869,0,7.120985045265288,1
clean_p_11638.jpg,1.270385666760101,0,0,0,0,0.44026824409800785,0,8.71991751987402,1
clean_p_11639.jpg,1.4916043568211796,0,0,0,0,7.460133380384387,0,7.2003846727974175,1
clean_p_11640.jpg,12.840869510374107,0.9360329802092083,0,0,0,8.0692999066522,0,8.924309646296964,1
clean_p_11641.jpg,1.7694679938636615,0,0,0,0,7.723986997194321,0,6.609649646049525,1
clean_p_11642.jpg,16.19460824395475,0.0,0,0,0,2.7697126830434744,0.0,6.090588680485722,1
clean_p_11643.jpg,17.850083001573605,0.6148228342941237,0,0,1.517697809891162,10.118902362053312,0,9.601120565851781,1
clean_p_11644.jpg,1.3558083305334014,0,0,0,0,0,0,7.968123286750997,1
clean_p_11645.jpg,26.72826485776961,0.0,0,0,2.347532675378786,5.876825428723045,0,6.771149241966627,1
clean_p_11646.jpg,28.655869416687704,0.0,0,0,1.5361405697800312,6.010032063728422,0,6.096141962132208,1
clean_p_11647.jpg,15.996875129597067,0.0,0,0,1.5069512523514117,9.230771634536186,0,10.728495866275845,1
clean_p_11648.jpg,26.58856554686562,0.748638538516444,0,0,0,5.901732068361247,0,6.723658343878707,1
clean_p_11649.jpg,1.2228955382663809,0,0,0,0,0,0,8.713514240210799,1
clean_p_11650.jpg,7.514937817777471,0,0,0,2.2864738547014403,16.178149831687477,0,9.670477165414908,1
clean_p_11651.jpg,27.832943768255195,0.7648279116399284,0,0,1.8659047902745285,7.522111142187398,0,7.8051904145883,1
clean_p_11652.jpg,20.518295132605648,1.2411757108355579,0,0,0,5.856045028338566,0,8.255001193841379,1
clean_p_11653.jpg,21.00653516559688,2.3635981395438668,0,0,0,4.692125111735309,0,8.581708423352747,1
clean_p_11654.jpg,1.646544307177181,0,0,0,3.6671106375796563,6.1379639544139035,0,8.570848412261263,1
clean_p_11655.jpg,22.36235422813117,0.0,0,0,7.436450532418936,9.51145615575227,0,6.4554183816947805,1
clean_p_11656.jpg,17.73298428826178,0.6622978212134922,0,0,2.16048901831254,7.902652016984955,0,9.110358684247302,1
clean_p_11657.jpg,1.4560609775760973,0,0,0,0,2.4037100040075003,0,8.430820998793704,1
clean_p_11658.jpg,1.4720165253191049,0,0,0,0,0,0,9.338665143802412,1
clean_p_11659.jpg,1.439301178824831,0,0,0,0,5.441502763631474,0,5.786183286152391,1
clean_p_11660.jpg,27.04012615393251,2.158008919333212,0,0,0.0,6.539239002907357,0,8.429204346844914,1
clean_p_11661.jpg,8.109024852802822,0.7064539181961784,0,0,0,7.76381826784562,0,8.30307568970252,1
clean_p_11662.jpg,29.096392768713734,0.783362506248664,0,0,0.0,8.444818954811282,0,6.179608413338063,1
clean_p_11663.jpg,27.710684956232924,0.7560102351059309,0.0,0,1.104549041588572,7.864900881524629,1.9842513149602492,7.649550071888354,1
clean_p_11664.jpg,16.252578815457333,0.7744114804170062,0,0,0.7211247851537042,6.551796485547208,0.0,7.266073763962074,1
clean_p_11665.jpg,0.9973718933838681,0,0,0,0,7.709098146281674,0,11.09340795981119,1
clean_p_11666.jpg,23.326986230743838,2.9147834734750306,0,0,0,6.320857151044123,0,7.8019832713835555,1
clean_p_11667.jpg,1.0195007897233255,0,0,0,0,5.382237994269186,0,8.27650283757603,1
clean_p_11668.jpg,5.6156754807146765,0,0.3968502629920499,0,0.7211247851537042,5.772594733420964,5.809090128191471,7.504768167265637,1
clean_p_11669.jpg,15.933280150310116,0,0,0,1.3450067024720944,10.8781362399232,0,8.405956312928499,1
clean_p_11670.jpg,8.284670554290216,0.47225425900809104,0,0,0.0,3.0228627397389127,0.0,11.954410830711252,1
clean_p_11671.jpg,8.055444803858032,2.9495762546538935,0,0,2.024434292745528,7.518744346070094,0.3968502629920499,8.78585774179327,1
clean_p_11672.jpg,1.1712724079053651,0,0,0,0,7.445176629565003,0,6.972364545954184,1
clean_p_11673.jpg,16.05733361865162,0,0,0,4.4957003248168785,7.104840597965453,0,11.41347198814714,1
clean_p_11674.jpg,1.9096832458942792,0,0,0,0,9.561052741386476,0,9.524510657756766,1
clean_p_11675.jpg,1.173594453468247,0,0,0,0,6.599385375260924,0,7.96150902354207,1
clean_p_11676.jpg,1.0128556171533147,1.8125873248854372,0,0,0,8.585945886849906,0,8.107206230655196,1
clean_p_11677.jpg,14.36421898904979,0,0,0,2.26726142546045,5.550525374188646,0,6.780872100533359,1
clean_p_11678.jpg,6.183972251029563,0,0,0,2.9342419544435967,7.913467943557753,0,7.509551252927205,1
clean_p_11679.jpg,1.1438946967381223,0,0,0,0,3.5733986836143576,0,7.366912352194008,1
clean_p_11680.jpg,1.0691196907020635,0,0,0,0,7.961681993220062,0,6.937498131299474,1
clean_p_11681.jpg,1.0302625618405847,0,0,0,0,5.03946022699617,0,7.222187754657009,1
clean_p_11682.jpg,11.486804970259772,0.7937005259840998,0,0,2.5967844524105974,7.895256395739374,0.0,11.538927091012138,1
clean_p_11683.jpg,0.996715252304991,0,0,0,0,6.215969862776085,0,11.118576392078436,1
clean_p_11684.jpg,11.746592070673849,1.1905507889761495,0,0,3.2883060866780656,10.114464741951434,0,8.476204557136182,1
clean_p_11685.jpg,17.658710191248108,1.0145214403797849,0,0,0,5.709153484393517,0,11.4292873620851,1
clean_p_11686.jpg,18.004943123291273,0.4272299384323447,0,0,1.6135240714418693,8.40867107550286,0.0,8.611122857612761,1
clean_p_11687.jpg,23.121890265946497,1.0236033326558076,0,0,0,9.323459639906407,0,6.132340514173995,1
clean_p_11688.jpg,1.1344016111580795,0,0,0,0,0,0,7.285709733611168,1
clean_p_11689.jpg,1.218351911416564,0,0,0,0,8.057947886089288,0,9.844628426210596,1
clean_p_11690.jpg,2.091603778570538,0,0,0,0,3.2334245575743776,0,9.407696225494227,1
clean_p_11691.jpg,8.442529107187928,0,0.0,0,1.5874010519681994,9.56683089403695,5.968137959944585,9.947556119587148,1
clean_p_11692.jpg,2.4613374343352485,0,0,0,0,18.767991412119713,0,8.89101976328834,1
clean_p_11693.jpg,17.041286683094157,0,0,0,1.4347319762914716,9.566506000503844,0,7.051377485932277,1
clean_p_11694.jpg,1.1481228745965706,0,0,0,0,6.716369735782798,0,8.305831097371579,1
clean_p_11695.jpg,6.288116847864096,0,0,0,0,10.164855474020236,0.0,8.288540916880267,1
clean_p_11696.jpg,1.3008602354171575,0.0,0,0,0,10.135215474357862,0,7.201776899751073,1
clean_p_11697.jpg,25.936028052577118,0.7937005259840998,0,0,0,5.034590024819212,0,6.531869764715602,1
clean_p_11698.jpg,1.5497579202497878,0,0,0,0,6.58605574876235,0,8.201821003867877,1
clean_p_11699.jpg,1.4610997650639725,0,0,0,0,6.180266127836888,0,10.402515587699268,1
clean_p_11700.jpg,6.527573174772927,0,0,0,0.0,7.887595045501033,0,7.2396763343178945,1
clean_p_11701.jpg,6.997820628200597,0.0,0,0,1.1905507889761495,11.958535279632555,0,8.681188716816198,1
clean_p_11702.jpg,4.849133814335477,0.0,0,0,0.0,1.1905507889761495,0,10.074688851880063,1
clean_p_11703.jpg,1.1033738505912216,0,0,0,0,4.230860067638189,0,7.219223779132957,1
clean_p_11704.jpg,1.150865095276567,0,0,0,0,9.003651872248367,0,8.750325305344406,1
clean_p_11705.jpg,1.628421493483565,0,0,0,0,11.67888355345222,2.5805047662302414,9.173765030119291,1
clean_p_11706.jpg,5.439469498313576,0,0,0,0,6.149257196678848,0,7.898020352712308,1
clean_p_11707.jpg,30.51676344450032,1.6271651424456737,0,0,1.6931160474240823,8.778796174647855,2.544809334868209,7.522108943453424,1
clean_p_11708.jpg,1.15030059568347,0,0,0,0,8.874257275431663,0,8.353416025073411,1
clean_p_11709.jpg,0.8839400949369101,0,0,0,0,4.3758334072225145,0,7.2770878516441035,1
clean_p_11710.jpg,1.3655422811530062,0,0,0,1.7272386952074856,5.220970882909369,2.3450279667454765,10.20486591932451,1
clean_p_11711.jpg,6.43818700469193,0,0,0,2.9924617471754575,10.6716357849403,0,7.466446288925594,1
clean_p_11712.jpg,1.0378908426634892,0,0,0,0,0.0,0,8.526785749616254,1
clean_p_11713.jpg,7.618913341958795,0,0,0,1.165910318534634,5.9835222108051695,0.0,6.111552035211872,1
clean_p_11714.jpg,17.412580114168815,2.691011490648301,0,0,0.0,3.9929945314777884,5.952753944880747,6.346734049817906,1
clean_p_11715.jpg,1.0811769918872496,0,0,0,0,8.487662744124997,0,9.269211906263898,1
clean_p_11716.jpg,1.088498530799949,0,0,0,0,6.4349294839404925,0,7.614243130430248,1
clean_p_11717.jpg,10.032029068826889,2.381132268733723,0,0,0,10.438127076843147,0.0,8.640647251499441,1
clean_p_11718.jpg,1.3629307084045634,1.5648889148672933,0,0,0,7.603438825609847,1.5874010519681994,6.295558827157985,1
clean_p_11719.jpg,1.5248652278212107,0,0,0,0,8.7865795952197,0,10.215923780172265,1
clean_p_11720.jpg,7.468564141719938,0.0,0,0,0.0,11.998757809113904,0.0,7.673858566913407,1
clean_p_11721.jpg,1.227595693855409,0,0,0,0,7.029487751448282,0,8.475322418552492,1
clean_p_11722.jpg,8.125245289914556,1.2816898152970253,0,0,0.6933612743506347,9.579893841701166,4.160969992824976,7.11351993171997,1
clean_p_11723.jpg,1.091780190675978,0,0,0,0,4.841097382342645,0,5.962862427305547,1
clean_p_11724.jpg,5.739500089672717,1.165910318534634,0,0,0,10.691496820393041,0,9.139590027903903,1
clean_p_11725.jpg,1.0941235755825955,0,0,0,0,7.733517137077265,0,7.455387085976237,1
clean_p_11726.jpg,1.4294887703591892,0,0,0,2.684496097160364,7.432674414555364,2.816936598094294,8.477539709386557,1
clean_p_11727.jpg,23.298300456828326,1.1804029008715053,0,0,5.415486445784562,11.621642326497037,0,8.27167798825899,1
clean_p_11728.jpg,8.684315272859626,0.0,0,0,0,7.996569601118023,0,10.078764132140023,1
clean_p_11729.jpg,1.0140687145955796,0,0,0,0,1.6806944833363495,0,7.450680895137283,1
clean_p_11730.jpg,0.9321829183985287,0,0,0,0,0.7359216314292315,0,7.678724446719719,1
clean_p_11731.jpg,42.82440330705167,1.3887949438840397,0,0,0.0,5.009186405880321,9.259133904475753,6.665922556318484,1
clean_p_11732.jpg,1.72274793787148,0,0,0,0,5.429116600517304,3.131497591764065,7.000576705616583,1
clean_p_11733.jpg,1.0858327116462614,0,0,0,0,7.150103182611161,0,7.331994139171546,1
clean_p_11734.jpg,14.80690212794845,1.0973838451108717,0,0,2.818860016393692,10.0049135856136,2.5044980749145673,8.590805990906018,1
clean_p_11735.jpg,1.2721993563674459,0,0,0,0,5.996362399339836,0,9.240190937070263,1
clean_p_11736.jpg,1.1693028742608573,0,0,0,0.0,7.1493174670802455,0,6.832074888569486,1
clean_p_11737.jpg,8.95353796489543,0,0,0,0,0,0.3968502629920499,8.207037719109099,1
clean_p_11738.jpg,21.78201705283873,1.4598717380714894,0,0,2.8614221588805155,7.439767072408793,0.0,8.001322763710796,1
clean_p_11739.jpg,9.933888918421312,0.3968502629920499,0,0,0,6.084460858959236,0.7937005259840998,7.749959919397138,1
clean_p_11740.jpg,0.9699905770380628,0.3968502629920499,0,0,0,10.743120708179745,0,8.263068393179289,1
clean_p_11741.jpg,23.364681166289696,0.0,0,0,4.576171609697241,6.247989199863332,0.0,7.328052824473674,1
clean_p_11742.jpg,1.0840218449325416,1.8395079809492836,0,0,0,7.766212438886429,0,7.6639075208060525,1
clean_p_11743.jpg,1.0399440419853143,0,0,0,0.0,6.81055952358104,0,6.202020853026564,1
clean_p_11744.jpg,25.899194323832067,0.3780051175529636,0,0,0.9477403747526767,7.062514089193889,1.4422495703074083,7.61603860738565,1
clean_p_11745.jpg,1.2313865104106694,0,0,0,2.966857164190115,5.656268358259797,0,9.089655856401949,1
clean_p_11746.jpg,1.098816878837987,0,0,0,0,0,0,8.268962401049103,1
clean_p_11747.jpg,10.73847071348942,0,0,0,4.0366297578511245,10.896856117722944,4.051806004247054,7.575137474991005,1
clean_p_11748.jpg,20.061144688526497,1.596945188690135,0,0,0,2.441191506589437,0.0,11.972291388716846,1
clean_p_11749.jpg,1.003868577048108,0,0,0,0,7.025622147095811,0,7.148579826842677,1
clean_p_11750.jpg,20.254104765800687,1.3016282495639555,0,0,3.3665190010313277,9.909107826943298,0,8.106568902887398,1
clean_p_11751.jpg,1.1069703176173697,0,0,0,0,6.026958903870566,0,9.11038347021043,1
clean_p_11752.jpg,1.0679878330001285,0,0,0,0,8.623757078256135,0.0,9.114711626399345,1
clean_p_11753.jpg,17.71715730975076,0.0,0,0,2.5223058491702086,8.801469539735303,0,9.77382276566976,1
clean_p_11754.jpg,7.818975794092851,0.3968502629920499,0,0,2.37742135326454,9.489277887383915,0,10.738350945969698,1
clean_p_11755.jpg,1.0797451322410108,0,0,0,0,7.515166518131584,0,5.361533846582437,1
clean_p_11756.jpg,1.1546088804198693,0,0,0,2.0456727093724107,5.505163357529999,0.0,5.809024483905678,1
clean_p_11757.jpg,1.0286669382728595,0,0,0,0.0,8.960742820068951,1.3424267304976745,7.088470774929523,1
clean_p_11758.jpg,1.1286763683456797,0,0,0,0,7.974433112699714,0,8.225420325578868,1
clean_p_11759.jpg,17.001464351114674,0.0,0,0,0.9211061050229001,6.882176843242589,0,6.854605481436027,1
clean_p_11760.jpg,10.100842136785603,0,0,0,1.1288921733072008,7.603095017994617,0,9.056987133077909,1
clean_p_11761.jpg,10.87096664012933,0,0,0,0,12.683690167136115,0.0,8.083899294488441,1
clean_p_11762.jpg,1.1729966144478394,0,0,0,0,7.037547071898394,0,7.107016410420866,1
clean_p_11763.jpg,12.32174371806693,0.6933612743506347,0,0,0,7.340374479631125,0,5.950157901461,1
clean_p_11764.jpg,1.061258702093675,0,0,0,0,6.9651593414786195,0,6.887299617833514,1
clean_p_11765.jpg,1.0279242846310515,0,0,0,0,7.9304720116354845,0,6.847391907348286,1
clean_p_11766.jpg,1.2692126098410939,0,0,0,0.0,8.611899853476654,0,6.408653158120941,1
clean_p_11767.jpg,15.869629766020998,1.1905507889761495,0,0,2.102322944565454,5.632290804843957,2.7899140703744245,7.074073054352826,1
clean_p_11768.jpg,11.659393319810775,0.47225425900809104,0,0,0,11.337416556535807,0,8.808426787261444,1
clean_p_11769.jpg,13.159690084659047,1.5229079779492032,0,0,2.5274200072463344,6.8323508222585705,1.1905507889761495,5.6613934932395615,1
clean_p_11770.jpg,1.4850637976893188,0,0,0,4.365352892912548,8.303887395122013,0.7937005259840998,5.872933771570144,1
clean_p_11771.jpg,1.2938036483251893,1.8077247651923818,0,0,0,8.015200357913223,1.7500209958008475,10.214821540300393,1
clean_p_11772.jpg,25.765941278985796,2.3282799424253784,0,0,0,7.807532130401423,2.381101577952299,7.368302298219063,1
clean_p_11773.jpg,18.995953730043784,0.8486410854969815,0,0,3.0410537818234107,11.506222015146175,0,10.059794217707326,1
clean_p_11774.jpg,10.916569029745006,0,0,0,1.7756380310051052,10.813013080952523,0.0,8.149338931829917,1
clean_p_11775.jpg,1.1550510872525142,0,0,0,0,8.413933305975746,0,8.123328044464666,1
clean_p_11776.jpg,1.054909225116232,0.0,0,0,0,5.586238669320179,0,5.723095475484267,1
clean_p_11777.jpg,1.0108349478399439,2.7743406723094157,0,0,0,5.923462375321699,0,8.319378032463378,1
clean_p_11778.jpg,1.1966933744451678,0,0,0,0,6.135037280314226,0,6.056494860013978,1
clean_p_11779.jpg,1.097104441862509,0,0,0,3.511287291375068,7.448230240256811,0,6.971141448759315,1
clean_p_11780.jpg,1.1279600106306906,0,0,0,0,5.136502816587332,0,6.5074390200104215,1
clean_p_11781.jpg,1.1709527112065676,0,0,0,0,5.535063838683288,1.8996605186705473,5.266496944370617,1
clean_p_11782.jpg,5.962142025475365,1.3450067024720944,0,0,0.0,11.614581761694723,0,7.945015240651703,1
clean_p_11783.jpg,21.898681041692623,0,0,0,4.990854284959333,4.217384838142831,6.979614840758384,5.865155760311013,1
clean_p_11784.jpg,1.1711268286529966,0,0,0,4.880849258551042,12.452126012509716,0,8.18803900016275,1
clean_p_11785.jpg,1.1347092993051962,0.3968502629920499,0,0,0,13.236840143095979,0,9.703862383671298,1
clean_p_11786.jpg,10.073386571874531,0.0,0,0,0,7.429007706637048,0,7.489250713188021,1
clean_p_11787.jpg,16.760930222263685,2.579426083133893,0,0,0,6.965092113650077,0,8.282772587951706,1
clean_p_11788.jpg,17.914170948151416,2.085252023969279,0,0,0.0,6.298934699662363,0.0,6.349346764460732,1
clean_p_11789.jpg,29.840972401764276,0.35414263581663485,0,0,3.639693419547735,7.9681631325176285,1.1659103185346242,8.71406633233522,1
clean_p_11790.jpg,17.420456339271382,0,0,0,1.6604227324491996,7.7727935196301035,0,6.949832442099289,1
clean_p_11791.jpg,12.918695878630235,1.5598985943715589,0,0,0,9.654753182113987,1.1905507889761495,9.459561543757507,1
clean_p_11792.jpg,37.697419266209984,0.4871645470028576,0,0,0,7.961424457999754,0.0,4.778760849599767,1
clean_p_11793.jpg,1.1190786897938634,0,0,0,0,9.82635526534847,0,7.081349598030879,1
clean_p_11794.jpg,36.47646610445003,0.7624279427942684,0,0,2.2270026675908894,5.526666252733161,1.8489633982683524,7.638057824021031,1
clean_p_11795.jpg,28.75263245645186,0.0,0,0,1.9949884452534283,5.483552443448922,0,7.742999453178482,1
clean_p_11796.jpg,1.328015946234314,0,0,0,5.788261956278101,6.541106917477208,0.0,6.486098564886558,1
clean_p_11797.jpg,1.2089029260180253,0,0,0,0,6.6707266367009215,0,7.828876477818745,1
clean_p_11798.jpg,11.916065511912871,0,0,0,1.5874010519681994,7.371156529872762,0,6.07577862241804,1
clean_p_11799.jpg,1.293888131628078,0,0,0,0,6.901656486115874,3.050480591450257,7.179183128019824,1
clean_p_11800.jpg,1.171690532926868,0,0,0,0.3968502629920499,9.15391966990489,0,7.084145353424088,1
clean_p_11801.jpg,16.57976674291059,1.5118889805293352,0,0,1.4248820715855002,7.175493371177767,1.9157735809838827,7.330226116585196,1
clean_p_11802.jpg,15.659656484626272,0.0,0,0,2.554649793771776,6.808887359388461,6.471371893939254,6.617910386798318,1
clean_p_11803.jpg,1.198738161150336,2.707885060511547,0,0,0,7.376718179684841,0,8.66658523293833,1
clean_p_11804.jpg,18.496279423229275,0.3968502629920499,0,0,7.734443048953835,8.538803347966127,0,6.94792821437121,1
clean_p_11805.jpg,21.556861355747735,2.898258378867432,0,0,2.0509103557291657,9.193857349259904,4.270770833154352,7.354902810095298,1
clean_p_11806.jpg,1.0871508974595343,1.3786909100779625,0,0,0.0,7.786081918602358,1.5874010519681994,6.960891752086235,1
clean_p_11807.jpg,1.125504126681712,0,0,0,0,5.125390314590696,0,6.170908156173589,1
clean_p_11808.jpg,0.9333206506632193,0,0,0,0,5.436012510165925,0,7.353544480546561,1
clean_p_11809.jpg,1.116095510326677,0,0,0,0.0,7.706239220557901,0,7.892751618942247,1
clean_p_11810.jpg,0.989184610151615,0,0,0,0,9.39709055464819,0,8.316056454187422,1
clean_p_11811.jpg,1.0506617807123624,0,0,0,0,8.236645644555836,0,6.737114555877582,1
clean_p_11812.jpg,1.0597821772752234,0,0,0,0,7.920539649502455,0,8.603717655829234,1
clean_p_11813.jpg,1.0294894103260364,0,0,0,0,12.56859163282374,0,7.500573264264006,1
clean_p_11814.jpg,15.49291058015624,0.0,0,0,0.49159668582112787,8.061432604163382,0,7.452822016819446,1
clean_p_11815.jpg,6.665064590241833,0.7211247851537042,0,0,0,9.216137822149392,0,6.352814016515097,1
clean_p_11816.jpg,1.0722980812502105,0,0,0,0,6.542671590126733,0,9.688337814624305,1
clean_p_11817.jpg,14.107854443452284,2.2191721377312397,0,0,0.0,8.544694275368931,0,9.259175334388788,1
clean_p_11818.jpg,5.373278592279464,0.0,0,0,0,11.984820670300806,0,8.627212104347432,1
clean_p_11819.jpg,0.9871469380829552,0,0,0,0,7.489557372128594,0,6.82626735956924,1
clean_p_11820.jpg,1.0102348680302025,0,0,0,0,6.6529340672029855,0,5.270145013732713,1
clean_p_11821.jpg,22.85727815199666,1.4076368292132835,0,0,0,12.925118833831421,0,5.515342745460544,1
clean_p_11822.jpg,1.0283933950027042,0,0,0,0.3968502629920499,7.49979570762418,0,10.105348418182345,1
clean_p_11823.jpg,1.058240055767689,0,0,0,0,5.399470319866432,0,8.634918530086232,1
clean_p_11824.jpg,1.274729278644189,0,0,0,2.5715941398389033,7.421598820713215,3.1748021039363987,8.34186531968833,1
clean_p_11825.jpg,1.1365339733067787,0,0,0,0,0,0,6.459785360149105,1
clean_p_11826.jpg,1.0620811186104184,0,0,0,0,3.274763917081804,0,5.161926591533688,1
clean_p_11827.jpg,11.45390966467029,1.4986783703445559,0,0,0.4678428381140569,10.603161585339542,0,8.204348195531004,1
clean_p_11828.jpg,28.1693424568946,0.0,0,0,0.6933612743506347,6.988608402869254,0,5.058483492045109,1
clean_p_11829.jpg,1.0989824105193173,0,0,0,0,9.594246468807807,0,8.54601968355688,1
clean_p_11830.jpg,0.9658914790418899,0,0,0,4.071338141017894,6.521490702517769,0,7.360003529707964,1
clean_p_11831.jpg,0.9204361011742493,0,0,0,0,4.139645663247333,0,7.132959962849758,1
clean_p_11832.jpg,14.663619286901653,0,0,0,4.526178509605005,8.479897302887267,0,4.459907511420659,1
clean_p_11833.jpg,1.0313722113508494,0,0,0,0.0,7.80563318748258,0,7.421110934647777,1
clean_p_11834.jpg,0.9438187943540804,0,0,0,0,6.246015922596573,0,7.276181330131583,1
clean_p_11835.jpg,1.1256482113785415,0,0,0,0,6.554360757433152,0,7.115920011795037,1
clean_p_11836.jpg,1.1046439421031076,0,0,0,0,4.907457402011831,0,4.975182589737452,1
clean_p_11837.jpg,1.4906775122107085,0,0,0,0.0,9.081109186561786,0,7.993958256080828,1
clean_p_11838.jpg,0.9566151982131911,0,0,0,0,8.223015100987864,0,7.59243834999939,1
clean_p_11839.jpg,10.597340836085058,0,0,0,5.24335569901414,7.266051670027717,0,7.365049231761971,1
clean_p_11840.jpg,10.164690533940174,0,0,0,3.7820052871223395,8.950412745724766,0,8.258558950400047,1
clean_p_11841.jpg,21.08267733803366,2.2931189107616285,0,0,0,7.858549803411748,0,6.132337879848638,1
clean_p_11842.jpg,12.121703903546134,0,0,0,0.3968502629920499,11.809576841163494,0,9.328754516498947,1
clean_p_11843.jpg,1.0243625629472553,0,0,0,0.0,8.913707395020936,0,7.594637581047662,1
clean_p_11844.jpg,0.9688145550020311,0,0,0,0,8.596713859331114,0,6.675295913534523,1
clean_p_11845.jpg,1.1383780082917605,0,0,0,0,5.121178113515521,0,5.256563543232966,1
clean_p_11846.jpg,1.1643404739817858,0,0,0,0,7.246878944070211,0,10.679644993299844,1
clean_p_11847.jpg,1.1156526569148586,0,0,0,0,7.621097843451089,0,6.0422402231189,1
clean_p_11848.jpg,1.0155606494389164,0,0,0,0,7.909659575247821,0,8.251938532849339,1
clean_p_11849.jpg,1.1091523796815512,0,0,0,2.205943831166053,5.936074693533242,0,6.751252654821714,1
clean_p_11850.jpg,1.0745433691327135,0,0,0,0,6.409562711253979,0,6.274525018540753,1
clean_p_11851.jpg,1.0409380145471967,0,0,0,3.794083775196042,8.064902153370365,0,7.621993391925565,1
clean_p_11852.jpg,9.194887021682792,0,0,0,0.0,8.49389358679328,0,5.977449034147375,1
clean_p_11853.jpg,16.023407240313134,0,0,0,3.351864568044872,5.414160294359518,0.0,5.267799759773959,1
clean_p_11854.jpg,10.778437138965277,0,0,0,3.3529315494898237,11.434709239805466,0,6.754951569330394,1
clean_p_11855.jpg,1.0554785019836577,0.0,0,0,6.2051449769316855,9.452459034275224,0,8.233516922647821,1
clean_p_11856.jpg,1.080779327922019,0.0,0,0,0,9.618853261379408,0,6.825664040429234,1
clean_p_11857.jpg,0.9844099649350266,1.4283339053600488,0,0,0,7.86513021660743,0,7.168836322213964,1
clean_p_11858.jpg,10.058847066565997,0,0,0,4.353953555454182,8.724021574569813,0.0,5.722178608962518,1
clean_p_11859.jpg,0.9429099617899587,0,0,0,0,11.572232431802203,0,7.623899484457548,1
clean_p_11860.jpg,25.03529527038704,1.288117623731145,0,0,0.41555257935321976,7.269850762277447,0,7.796922432681241,1
clean_p_11861.jpg,1.0180338530780293,0,0,0,0,7.849322202255413,0,10.112780663929112,1
clean_p_11862.jpg,6.60598544317837,0,0,0,2.0797172938448147,10.531885958840638,0.0,9.045083454733772,1
clean_p_11863.jpg,7.545488134279941,0,0,0,2.2657942075596895,8.067668516019998,0,8.142301346775366,1
clean_p_11864.jpg,1.096872615864122,1.152885596009286,0,0,0,8.326616576439218,0,7.087387512665127,1
clean_p_11865.jpg,7.1409496028834445,0,0,0,6.458672991682879,6.23697344798522,0,6.7415869045768,1
clean_p_11866.jpg,1.0236351197658544,0,0,0,0,6.620661230912961,0,7.526817249976279,1
clean_p_11867.jpg,7.090357949360786,0,0,0,2.9129538686577927,11.682312089422657,0,8.437743482565462,1
clean_p_11868.jpg,6.438141302942822,0.0,0,0,6.488102791710217,8.889376689013325,0,8.939707884769819,1
clean_p_11869.jpg,11.384938834183346,0,0,0,5.943548044605765,8.967325444195865,0,7.3280928021640355,1
clean_p_11870.jpg,37.9164911093845,1.9293869269963924,0,0,1.993333942857758,8.2367307160198,3.668588342644728,8.111398724894086,1
clean_p_11871.jpg,2.1476998103009337,0,0,0,0,6.4491743519935465,5.178782394651457,10.559914923185563,1
clean_p_11872.jpg,1.335664410240658,0,0,0,2.353079677535814,9.562685305547335,0,7.556151918405283,1
clean_p_11873.jpg,11.850119215548458,0,0,0,1.4870037500449749,6.392462541340217,0,7.789631227607414,1
clean_p_11874.jpg,17.874308454654646,1.7403325548575954,0,0,0,8.431344047708388,0,9.135349195666448,1
clean_p_11875.jpg,0.997905030149118,0,0,0,0,7.552761230173024,0,7.756430670528654,1
clean_p_11876.jpg,1.4297372612382349,0,0,0,0,7.816688469145006,0,10.952203146672272,1
clean_p_11877.jpg,10.077443936902903,0,0,0,2.3217263066425926,8.415553508373604,0,7.892829796324521,1
clean_p_11878.jpg,15.790909940613085,2.294138900591067,0,0,0,6.6000028742993315,0,10.996845523502856,1
clean_p_11879.jpg,27.54714259613626,0,0,0,2.2336111099236318,8.22215046035219,0,7.536752347936666,1
clean_p_11880.jpg,1.3505011993960077,0,0,0,2.665973701206236,6.747088676807517,0,6.041823755282204,1
clean_p_11881.jpg,8.83687003379491,0.0,0,0,0.0,11.873015038094955,0.0,10.287109841110983,1
clean_p_11882.jpg,27.61005037492276,0.0,0,0,0.4296978338160254,8.171730177335695,0,6.95159511935443,1
clean_p_11883.jpg,1.0178864328323984,0,0,0,0,9.188155198632309,0,7.973301124148421,1
clean_p_11884.jpg,27.920571542591972,1.183872002323468,0,0,1.0201396026219602,8.501194036970462,0,10.08588299459928,1
clean_p_11885.jpg,1.018211215311799,0,0,0,1.3737617666028512,8.600764254147137,0,8.366474904514922,1
clean_p_11886.jpg,22.455380018574427,1.3759764604015854,0.0,0,2.3086434843488655,9.404845646322613,0.0,7.476964293546063,1
clean_p_11887.jpg,17.079418388924655,0,0,0,3.928146650097178,9.82033162801546,0,8.980726516274016,1
clean_p_11888.jpg,9.002935694953948,0.9266423541332663,0,0,0,8.769066761627036,0,9.605419460062503,1
clean_p_11889.jpg,9.855623899468453,0,0,0,6.828202072979752,11.879085347835247,0,9.489829357978376,1
clean_p_11890.jpg,7.914541628460824,0,0,0,3.975100302184267,7.868883995415362,0,8.61258446704715,1
clean_p_11891.jpg,12.151660108223549,0,0,0,0,9.727319872072625,0,9.12638973399344,1
clean_p_11892.jpg,16.70795343476122,0.3780051175529636,0,0,2.8548683339587835,7.642767732442647,0,6.35542595607286,1
clean_p_11893.jpg,1.0770323091971015,0,0,0,0,8.481551982747488,0,7.665409856267634,1
clean_p_11894.jpg,1.2760436286175816,0,0,0,2.337915922927273,5.811952653313743,0,6.350795658616664,1
clean_p_11895.jpg,32.26130275767005,0.7732756719789963,0,0,2.085186727128425,8.47026296718739,0,9.209759432924947,1
clean_p_11896.jpg,8.666523677010336,2.2791264843955745,0,0,0.0,10.372320726416516,0,9.18250528145469,1
clean_p_11897.jpg,16.342552635014258,3.0561638514119243,0,0,0.0,8.062233151421655,0,10.029842273449013,1
clean_p_11898.jpg,8.339417018945017,0.3968502629920499,0,0,0,7.976313698343487,0,9.828866686141021,1
clean_p_11899.jpg,1.096480705083253,0.8336384068210904,0,0,0,8.808917635160608,0,10.468184959463853,1
clean_p_11900.jpg,17.08835548470405,1.873178775520382,0,0,3.221066339029999,9.413924912911861,0,10.287990839863053,1
clean_p_11901.jpg,20.03026141278954,2.772203171892643,0,0,0,7.237189367744691,0,9.988817493464117,1
clean_p_11902.jpg,1.1634808564984565,0,0,0,0,7.403790342989308,0,9.712602469756867,1
clean_p_11903.jpg,1.1336206201383932,0,0,0,0,7.980444050891635,0,8.892305112076139,1
clean_p_11904.jpg,1.0781898827642458,0,0,0,2.4255826663695523,7.848187860143407,0,8.713247625002627,1
clean_p_11905.jpg,1.0217867964633673,0,0,0,0,6.9615445917344125,0,8.83199255126567,1
clean_p_11906.jpg,1.1316306785388164,0,0,0,0,8.275571184883443,0,9.000266019872063,1
clean_p_11907.jpg,14.933398223908267,0,0,0,4.094407507390843,9.120993903791314,0,9.1322613499431,1
clean_p_11908.jpg,15.443782138283131,1.1905507889761495,0,0,3.4492852417321855,10.43940813066437,0,10.300637622703098,1
clean_p_11909.jpg,22.94171808215996,0,0,0,3.0732512038710156,7.372526333788484,4.762203155904598,7.782916487250558,1
clean_p_11910.jpg,10.376330917501999,0,0,0,2.4945671747654328,7.885827581643037,0,9.361791080407851,1
clean_p_11911.jpg,1.3754328865329641,0,0,0,0,6.169956251935984,0,10.0669703864064,1
clean_p_11912.jpg,0.9998507796264604,0,0,0,0.0,10.720853579133182,0,9.6129831014631,1
clean_p_11913.jpg,1.1280707409724309,0,0,0,0,8.882628181385012,0,8.95641888551004,1
clean_p_11914.jpg,1.045082993084511,0,0,0,0,2.496937441617028,0,8.639062203629267,1
clean_p_11915.jpg,1.060795725717989,0,0,0,5.960629574974264,12.597222047654933,0,10.60326334421832,1
clean_p_11916.jpg,1.1531790957935046,0,0,0,1.0395661374835632,7.840008730782408,0,14.651822461517689,1
clean_p_11917.jpg,0.9963932034461932,0,0,0,0,3.8159478464660337,0,9.483049381518866,1
clean_p_11918.jpg,0.9007290413924609,0,0,0,0,6.731112315889709,0,9.314913144902473,1
clean_p_11919.jpg,0.976113143639825,0,0,0,0,5.25276223237918,0,9.330191195617399,1
clean_p_11920.jpg,1.33333045720642,0,0,0,0.8661876873372585,4.875993006380802,0,6.614135339322793,1
clean_p_11921.jpg,19.416116565936903,5.158901536449329,0,0,0,3.4514930042867227,0,8.092219925087356,1
clean_p_11922.jpg,12.306761439765232,0.0,0,0,0.609925119549264,11.645645361048704,0,8.790568500932213,1
clean_p_11923.jpg,25.239997141817987,0.3887955355024985,0,0,1.8911867621535172,8.531760098562094,0,9.85655829963695,1
clean_p_11924.jpg,0.9840569235438061,0,0,0,0,9.621360857596805,0,8.802963232658833,1
clean_p_11925.jpg,1.0848510007625485,0,0,0,0,8.528538889363455,0,8.09481707443008,1
clean_p_11926.jpg,1.0366456389267233,0,0,0,0,5.732969472667325,0,8.527621142941753,1
clean_p_11927.jpg,14.729678743369725,0,0.0,0,4.58448238714541,6.260876825875709,0.7937005259840998,7.756537525594511,1
clean_p_11928.jpg,1.0684915935119144,0,0,0,0.0,5.85652627023279,0,8.614897886368079,1
clean_p_11929.jpg,1.1155596665515883,0,0,0,0,6.703650347832733,0,7.683830574762675,1
clean_p_11930.jpg,13.489984016680062,2.4637047273842745,0,0,0,9.889484003097591,0,10.410841263799798,1
clean_p_11931.jpg,1.2379565529997798,0,0,0,2.898189096746458,9.307192224558744,0,9.247151108640626,1
clean_p_11932.jpg,21.42489417333098,0.3780051175529636,0,0,2.3829446748931615,9.670750400512732,0,9.336937666804559,1
clean_p_11933.jpg,6.366333332919404,0,0,0,5.086758068547983,7.979286801214162,0,8.720711230152899,1
clean_p_11934.jpg,1.145816196151968,0,0,0,0,7.28939446295592,0,8.761514213917375,1
clean_p_11935.jpg,1.0351555579454552,0,0,0,0,8.52239808266584,0,8.82232594420816,1
clean_p_11936.jpg,14.762062684228145,0,0,0,0.4020597509867656,11.033803340326498,0,9.023491428853232,1
clean_p_11937.jpg,15.666826173510666,2.024512543595515,0,0,0,8.130931592999113,0,8.964278469505773,1
clean_p_11938.jpg,1.041582800369385,1.9970017290549213,0,0,0,5.139924344834726,0,12.53047505382668,1
clean_p_11939.jpg,24.514461425446182,3.3928257327065277,0,0,0,7.300644231116007,0,7.675444235766255,1
clean_p_11940.jpg,1.002137569251495,0.0,0,0,0,10.700048602825955,0,7.203436690783964,1
clean_p_11941.jpg,1.0493646249981294,0,0,0,0,7.155004191781097,0,7.648384863246785,1
clean_p_11942.jpg,15.733954575788925,1.6599628770814254,0,0,3.314052788777855,6.451365917482367,0,8.852712880353586,1
clean_p_11943.jpg,21.929050180686016,2.2638971408976536,0,0,1.198653250660197,9.083675739805509,0,8.637283991836268,1
clean_p_11944.jpg,1.134881139166762,0,0,0,0,8.139551596957581,0,10.842122145573478,1
clean_p_11945.jpg,26.052546771139227,2.454721672801549,0,0,0.0,4.6516601031654785,0,9.079374461978508,1
clean_p_11946.jpg,31.868331674499547,0.4413577207331137,0,0,1.5389488033205365,8.77959330080589,0,7.960627600505872,1
clean_p_11947.jpg,21.595154074483037,2.543507344249647,0,0,0,9.552852219184672,0,7.7595064125163695,1
clean_p_11948.jpg,30.836195890298793,7.005999753659523,0,0,0,7.168747747536537,0,10.97218053675392,1
clean_p_11949.jpg,0.924239936472927,0,0,0,0,8.994436215338013,0,9.89021588275871,1
clean_p_11950.jpg,12.42654682467494,1.0557524872235242,0,0,0,8.691904271526727,0,9.596696834333613,1
clean_p_11951.jpg,0.9878720062051392,0,0,0,0,6.615560094402603,0,10.214597446286788,1
clean_p_11952.jpg,1.0972462590704375,0,0,0,8.688365909475625,8.013164769920698,0,10.563144483010106,1
clean_p_11953.jpg,7.689683680119002,0,0,0,1.9842513149602492,10.720952825688071,2.2447676006138413,9.15846578716245,1
clean_p_11954.jpg,15.933699082293643,1.8052439290273536,0,0,0,8.510358075452658,0,10.058914823863399,1
clean_p_11955.jpg,0.9814932595606704,0,0,0,6.972493743128713,12.699819247722127,0,9.760684318752588,1
clean_p_11956.jpg,21.311676953232617,0.0,0,0,7.281158034306802,9.876705283396907,0,9.495557423759397,1
clean_p_11957.jpg,15.40565304728809,0.0,0,0,2.8231364768967833,10.898216717157313,0,8.676167789144902,1
clean_p_11958.jpg,15.183853244134708,0,0,0,2.8842358892125426,8.128051298959328,0,8.84975376653723,1
clean_p_11959.jpg,13.2242802426211,0.8902827426245618,0,0,0,10.845184574030739,0,9.603516617268946,1
clean_p_11960.jpg,26.81565193184667,0,0,0,0.7282609421638401,5.655553370197118,0,7.850200509954292,1
clean_p_11961.jpg,46.69179687357269,1.9467970166192858,0,0,2.8294181793991746,10.289441395040841,0,7.469094088484191,1
clean_p_11962.jpg,1.47512771090065,0,0,0,0,8.611619689811475,0,9.310644754008964,1
clean_p_11963.jpg,4.965665213482047,0,0,0,3.915892005135089,11.092050060385821,0,9.605183033692711,1
clean_p_11964.jpg,1.0224863423811232,0,0,0,0,9.182321705682478,0,9.525045456922415,1
clean_p_11965.jpg,7.0498015022751535,0,0,0,3.3143373448850744,8.264620421399767,0,8.656455925702792,1
clean_p_11966.jpg,29.180268266310947,2.0689244834859517,0,0,1.541608985626998,7.349492808331297,0,5.462080425635944,1
clean_p_11967.jpg,11.428105417248418,0.789384090375413,0,0,2.8230014594213046,9.993289096588297,0,8.965142361783222,1
clean_p_11968.jpg,10.27861179178261,1.6607157581895347,0,0,0,11.484452672690207,0,14.872500692843325,1
clean_p_11969.jpg,14.489976973584243,1.7315752632855919,0,0,0,8.913248124986774,0,10.137792377738108,1
clean_p_11970.jpg,1.1587060742795514,0,0,0,0.0,11.438164009398676,0,12.0392581623245,1
clean_p_11971.jpg,7.023757965069905,0.3968502629920499,0,0,5.867230965075447,12.503966043476359,0,10.43735714067187,1
clean_p_11972.jpg,23.21407253181895,1.6712882544611416,0,0,0.0,6.535501266895159,0,8.501248669345376,1
clean_p_11973.jpg,1.0914157530876603,0,0,0,0,6.515293086104608,0,8.053461127213412,1
clean_p_11974.jpg,1.037788600205809,0,0,0,2.5732166741337124,7.722615340661177,0,10.402815885123026,1
clean_p_11975.jpg,1.214185464142895,0.4538728378115655,0,0,0,9.508687267440497,0,9.305371901086838,1
clean_p_11976.jpg,1.083375738154773,0,0,0,0,7.433702740066031,0.0,9.131408679673559,1
clean_p_11977.jpg,19.422884471647173,0,0,0,3.558302408940828,8.583307554259964,0,9.106981442464013,1
clean_p_11978.jpg,1.0656045674731334,0,0,0,0,6.684447421544403,0,8.527907741621542,1
clean_p_11979.jpg,7.056966715404929,0.0,0,0,0.47225425900809104,7.71244420696256,0.0,5.994969592566138,1
clean_p_11980.jpg,0.990984022744371,0,0,0,0,5.966055957753708,0,7.922446381158178,1
clean_p_11981.jpg,1.0104341532549832,0,0,0,0,5.9338777443662725,0,8.68784532280766,1
clean_p_11982.jpg,0.9375154782447331,0,0,0,0,7.56847170846213,0,9.944631575085447,1
clean_p_11983.jpg,1.0251895943775464,0,0,0,0,5.024297350849013,0,9.143337842815715,1
clean_p_11984.jpg,5.859799635603684,0.0,0,0,0,8.9234874472513,0,6.8160541810985755,1
clean_p_11985.jpg,1.0173141698792043,0,0,0,0,8.964663245392336,0,7.956917509526679,1
clean_p_11986.jpg,42.088760692509716,2.8571032597029316,0,0,0.9895642380905189,7.404288659796617,0,5.971889945661754,1
clean_p_11987.jpg,1.1334067224585183,1.408866284117078,0,0,0,3.920824953239122,0,8.380040140287472,1
clean_p_11988.jpg,0.9617475711758199,0,0,0,0,6.434675246823009,0,9.22727797644566,1
clean_p_11989.jpg,1.132391481120598,0,0,0,0,11.89079841500762,0,10.77252648516004,1
clean_p_11990.jpg,13.948999014744244,0.0,0,0,6.398104702540946,10.124011338522715,5.659393012886622,11.220495306709813,1
clean_p_11991.jpg,1.0055170105760647,0,0,0,0,8.534981981716985,0,9.42467841761138,1
clean_p_11992.jpg,0.9694404688819,0,0,0,0,3.904149506074163,0,11.198348512442232,1
clean_p_11993.jpg,24.953016596644552,0.7555097234358386,0,0,5.175325781740028,9.065756455089193,0,11.498432878986675,1
clean_p_11994.jpg,1.0710287646330117,0,0,0,0,7.982852546554987,0,8.543091086727735,1
clean_p_11995.jpg,1.0951486748035457,0,0,0,0,6.973162677512864,0,9.43502268982493,1
clean_p_11996.jpg,0.9643057594193656,0,0,0,0,3.803086086264351,0,8.224429089266993,1
clean_p_11997.jpg,14.224147318530532,0.9244816991341763,0,0,2.2453847783689365,8.297417972190372,0,9.568598382750793,1
clean_p_11998.jpg,1.2412091667784186,0,0,0,3.8725052268922187,6.68577515838276,0,7.886483274585207,1
clean_p_11999.jpg,7.658525611323251,0,0,0,4.624729540283445,8.911833673957904,0,7.65823546956827,1
clean_p_12000.jpg,18.358396898669255,0.7560102351059309,0,0,1.658096657152384,8.562243791929754,0,10.70190166050458,1
