filename,rstd_bins0,rstd_bins1,rstd_bins2,rstd_bins3,rstd_bins4,rstd_bins5,rstd_bins6,rstd_bins7,class
clean_p_412.jpg,1.3233925759439173,0,0,0,4.949333330718012,6.746054652176813,0,7.688667251535583,1
clean_p_413.jpg,7.90056344709236,1.3847761101649072,0,0,1.5911288256155636,6.873181796351098,9.261283030913418,6.774103686174777,1
clean_p_414.jpg,5.736820868629656,0,0,0,4.3323660206759875,10.691946219219599,9.479639029121786,5.364762981934936,1
clean_p_415.jpg,12.436874752769565,0,0,0,2.090783239877911,6.682376876522708,0,5.933853647584148,1
clean_p_416.jpg,0.8865790225049569,0,0,0,6.352956442126418,11.32160658664283,4.534844519365003,8.116945418242043,1
clean_p_417.jpg,7.004471887084965,0,0,0,1.0606601717798212,9.206162642377269,1.4142135623730951,6.061249015910999,1
clean_p_418.jpg,1.165050832354807,0,0,0,0,11.386221244278424,1.5545631755148024,7.688289171785455,1
clean_p_419.jpg,8.048856357432387,1.7677669529663689,0,0,3.946866399981102,6.535392921240335,0.0,5.778077811016592,1
clean_p_420.jpg,0.5692078668811748,0.5590169943749475,0,0,0,9.138741758169722,0,5.252197824022676,1
clean_p_421.jpg,0.5395076506742988,0,0,0,0,4.7794677568907415,0,5.110975755686292,1
clean_p_422.jpg,1.9660198430693268,0.0,0,0,0.38490017945975324,7.583782631519365,0,7.165838667018156,1
clean_p_423.jpg,13.729886415710487,2.4204178847561386,0,0,0,7.58028537305892,0,5.983154717420982,1
clean_p_424.jpg,0.5506800818759968,0,0,0,0,10.611162984952982,0,6.7602007221255915,1
clean_p_425.jpg,5.329042258429037,1.0269741603009939,0,0,2.220551990127015,10.674722405878569,1.860126190462478,6.435955377246299,1
clean_p_426.jpg,0.6682938957474243,2.1392726999186213,0,0,0,6.935826126369786,1.6198477414681136,5.035016028633951,1
clean_p_427.jpg,0.5382415635667986,0,0,0,0,5.530949798577279,0,4.445272846315455,1
clean_p_428.jpg,2.2790816054784018,3.8890872965260113,0,0,0.0,10.959997898578196,0,5.5906729169520455,1
clean_p_429.jpg,0.6700968958191302,1.2824210241174552,0,0,0,7.0013709368367545,0,5.02789838681892,1
clean_p_430.jpg,5.629152905553196,0.0,0,0,4.677447351237046,7.91623705186222,1.4142135623730951,8.565556856821125,1
clean_p_431.jpg,4.870803088263251,0.7071067811865476,0,0,1.798622964532963,8.08763978698051,1.4142135623730951,5.447177786811592,1
clean_p_432.jpg,1.5005843608885607,0,0,0,1.0709981498756367,8.931175600476628,0,9.511263687393438,1
clean_p_433.jpg,0.6840639552368304,0,0,0,0,4.337177589120451,0,5.523829719124727,1
clean_p_434.jpg,0.7062317980548315,0,0,0,0,5.2740894243255205,0,5.774206935829356,1
clean_p_435.jpg,2.797216449193133,0,0,0,1.1792476415070754,12.66181952384472,0,7.560013508720291,1
clean_p_436.jpg,0.5346529916907755,0,0,0,0,0,0,6.100320696967998,1
clean_p_437.jpg,0.5985368510897988,0,0,0,0,7.8237184526401835,0,7.865840511321854,1
clean_p_438.jpg,0.6029351462629498,0,0,0,0,12.8425263031603,2.7554659483638346,7.548324896903468,1
clean_p_439.jpg,0.593369071148514,0,0,0,0,3.9642253926881152,0,8.286001860135341,1
clean_p_440.jpg,5.698945967003905,0.0,0,0,2.9134022007735068,8.350534188825675,8.846566781930743,7.082804101488261,1
clean_p_441.jpg,0.6772286318749823,0,0,0,0,1.2753999857359657,0,4.953504008550182,1
clean_p_442.jpg,0.6678397107769056,0,0,0,0,2.0495834357597853,0,5.49446340230332,1
clean_p_443.jpg,0.6805469782155434,0,0,0,0,4.928304839636827,0,5.866749724491736,1
clean_p_444.jpg,3.1550381948449755,3.6445840234593136,0,0,0,5.679368959445392,0,5.005839329535032,1
clean_p_445.jpg,0.684425471430514,0,0,0,0,0,6.391143322048329,5.896768697439914,1
clean_p_446.jpg,0.6045506559313654,0,0,0,0,0,0,5.782464591656945,1
clean_p_447.jpg,0.5963881284960858,0,0,0,0,4.726718600290363,0,6.533202693210387,1
clean_p_448.jpg,6.535298487332296,0.7071067811865476,0,0,0.6132336875576498,6.298364153130931,0,4.799808871742654,1
clean_p_449.jpg,0.6130304320368488,0,0,0,0,4.537068756073282,0,5.332251167647011,1
clean_p_450.jpg,0.6572156514811907,0.3560001560548993,0,0,0,4.022216498401103,0,5.916153000136358,1
clean_p_451.jpg,0.5172123051648517,0,0,0,0,0,0,7.768179498899501,1
clean_p_452.jpg,0.6564128178354085,0,0,0,0,0,0,5.823615256307459,1
clean_p_453.jpg,0.6195161660182681,0,0,0,4.727220886654733,7.755793395673604,0.0,6.778423067421705,1
clean_p_454.jpg,0.5432186486492715,0,0,0,0,4.932460940782454,0,5.75397888509951,1
clean_p_455.jpg,24.120348316824252,2.1070215357928763,0,0,4.8566962133418405,9.863823849058956,5.343954211521317,4.665298642343032,1
clean_p_456.jpg,0.6499511243836432,0,0,0,0,10.36997832886066,0,5.889600946808753,1
clean_p_457.jpg,0.6028580352329069,0,0,0,0,9.872296678838197,0,5.55114000664289,1
clean_p_458.jpg,5.100260599164065,0.0,0,0,0.0,2.7738861628488722,6.9508442732599836,5.6408777559233645,1
clean_p_459.jpg,0.6072267966259318,0,0,0,1.7677669529663689,11.190954548181178,0,6.648153499985679,1
clean_p_460.jpg,3.3917250003248443,2.1378938511628545,0,0,1.1150071841419282,12.675389775458715,0,7.901809459572244,1
clean_p_461.jpg,5.444668017310321,0.0,0,0,5.648433243227069,9.1098172346023,4.596194077712559,4.842157716163869,1
clean_p_462.jpg,0.6318704967188967,0.0,0,0,0,2.674070132895814,0,4.451115786393732,1
clean_p_463.jpg,0.5533790676299324,0,0,0,0,3.3345398133494,0,6.408223925654387,1
clean_p_464.jpg,0.5111764290161642,0,0,0,0,4.302875657190827,0,5.071830211059317,1
clean_p_465.jpg,2.855825710951407,0.28617852495976714,0,0,0,7.494508642015057,0,4.839812745336025,1
clean_p_466.jpg,0.6371727617750446,1.0002595456457732,0,0,0,4.241632254303932,0,5.5714639896493985,1
clean_p_467.jpg,0.6757530521125049,0,0,0,0.0,7.152588966076402,0,5.94315421140248,1
clean_p_468.jpg,0.612586798234518,0,0,0,0,0,0,5.413412764854228,1
clean_p_469.jpg,1.7044932491279243,0.0,0,0,3.8911890307682038,6.638869381724822,0,6.385367533521577,1
clean_p_470.jpg,0.5528336063873128,0,0,0,0,0,0,5.264738607284576,1
clean_p_471.jpg,1.9487805615883704,0,0,0,4.297057622296679,8.087774541938117,0,5.394612843946763,1
clean_p_472.jpg,4.441421325347178,1.5940323692990022,0,0,0,6.526578973609596,0,5.392821896106161,1
clean_p_473.jpg,1.3279873078387445,0.0,0,0,0,7.9635432263719075,0,5.670735503706709,1
clean_p_474.jpg,0.6839538713456889,0,0,0,0,3.565529024740103,0,4.222138382912906,1
clean_p_475.jpg,0.6238661851071015,0,0,0,0,2.119397961493147,0,4.839337686712053,1
clean_p_476.jpg,0.6872630306879205,0,0,0,1.4142135623730951,8.03518455188433,0,5.709629581802995,1
clean_p_477.jpg,0.6841658732090711,0,0,0,0,0,0,5.422298200055354,1
clean_p_478.jpg,0.5861524555361471,0,0,0,0,2.178634970115718,0,5.131287036185998,1
clean_p_479.jpg,0.5883895561125037,0,0,0,0,0,0,4.555153831288643,1
clean_p_480.jpg,0.6702448886329903,0,0,0,0,0,0,3.892562788259405,1
clean_p_481.jpg,0.5851841177315057,0,0,0,0,1.8668364589190043,0,5.118990689297729,1
clean_p_482.jpg,0.5644838068850341,0,0,0,0,1.9263726561675354,0,3.4377488607394664,1
clean_p_483.jpg,0.6222386345455222,0,0,0,0,7.806719954935406,0,5.025085123363063,1
clean_p_484.jpg,0.6264162783468133,0,0,0,0,1.564314447599039,0,4.261310101858299,1
clean_p_485.jpg,0.5063596182202056,0,0,0,0,5.029063887470417,0,5.346123600666424,1
clean_p_486.jpg,0.6541434330146585,0.6101725130049873,0,0,0,6.57142816784462,0,5.049373854736877,1
clean_p_487.jpg,0.6005476314797559,0,0,0,0,8.099098945089704,0,5.984551448572309,1
clean_p_488.jpg,0.7232256693742813,0.41338709327806916,0,0,0,7.832177963271439,0,6.273663869769831,1
clean_p_489.jpg,0.580743815869326,0.6028960794097755,0,0,2.1809149366563587,5.762657844274591,0,4.972245157570677,1
clean_p_490.jpg,0.6267068781496917,0.8859135903330327,0,0,0,7.11265952972075,0,5.834655480800012,1
clean_p_491.jpg,2.4370093863118383,0.0,0,0,1.5684564245000738,8.03855165259782,0,4.745242387433083,1
clean_p_492.jpg,0.662926426407221,0.0,0,0,0,6.642546127172914,0,5.584958432060978,1
clean_p_493.jpg,6.141862612284196,0.0,0,0,1.910628168953864,7.045442381933221,0,4.882064185387718,1
clean_p_494.jpg,0.7365909553220338,0.0,0,0,0,4.21041657226952,0,5.963340030736283,1
clean_p_495.jpg,1.6647189951683108,2.4155888401059595,0,0,0.0,8.46264959346192,0,6.020487462803349,1
clean_p_496.jpg,9.56467453589903,0.9174756788684884,0,0,3.5463902457873364,7.2947826156069,0,7.953719490716796,1
clean_p_497.jpg,0.6290829376573924,0,0,0,0,5.204031417267902,0,4.744049301047601,1
clean_p_498.jpg,7.589510600975867,2.327179053382366,0,0,0,6.0876357399407315,0,4.189553022821156,1
clean_p_499.jpg,8.338703128594053,0.7128646490238404,0,0,0.30625130153826025,5.9457410080626305,2.8599104615180537,3.1333881800075156,1
clean_p_500.jpg,12.411133136550724,5.853177399885351,0,0,0,9.660869364135328,0,5.956613502913304,1
clean_p_501.jpg,2.3468263114697403,2.8582482115624517,0,0,0,7.414209338433191,0,5.746002675225773,1
clean_p_502.jpg,0.5501207240028715,0,0,0,0,5.010323539991715,0,4.329961456297571,1
clean_p_503.jpg,0.5989111264503959,0.0,0,0,0,6.555600192273458,0,5.708299312171435,1
clean_p_504.jpg,3.688394458255763,1.7102380933965933,0,0,0.0,7.622905984726682,0,5.125505309693673,1
clean_p_505.jpg,0.5976312803217082,0.0,0,0,0,7.567313187079359,0,6.1997778059702835,1
clean_p_506.jpg,4.1387072064880055,0,0,0,0.0,9.68668970924336,0,6.281707546160407,1
clean_p_507.jpg,4.589127015092189,1.8009931750864725,0,0,0.0,6.304998395943931,0,6.058080251665277,1
clean_p_508.jpg,0.5316954578807129,0,0,0,0,7.019477910220537,0,5.347428374129736,1
clean_p_509.jpg,1.586015226693366,0.0,0,0,0.6938886664887125,7.777502075162208,0,6.71534324439478,1
clean_p_510.jpg,7.125813196411916,2.703501520363901,0,0,0,5.25246211321046,0,5.061194831738296,1
clean_p_511.jpg,0.7140616998602193,0.0,0,0,0,7.566376405401977,0,5.567285840120916,1
clean_p_512.jpg,0.6194636243153293,0,0,0,0,6.8112857017182,0,6.112136292430453,1
clean_p_513.jpg,4.530805069360908,1.0606601717798212,0,0,2.1932888257171848,8.115033786100105,0,5.288176159565921,1
clean_p_514.jpg,4.121069813607834,1.125,0,0,0.6454972243679028,8.54793410235593,0,5.067398692078748,1
clean_p_515.jpg,0.6177004522925045,0,0,0,0,4.752965680255026,0,5.288274249077364,1
clean_p_516.jpg,1.3515283223290149,0.7646713164636304,0,0,0,8.754981800521286,0,6.054087377230083,1
clean_p_517.jpg,4.355492359776982,2.4238399287081647,0,0,2.736068402659699,5.923089871009391,0,6.214803399363222,1
clean_p_518.jpg,9.316482443140972,2.1350776858871536,0,0,2.289768466431518,9.558725411630588,0,5.500465753539193,1
clean_p_519.jpg,11.401734777131558,2.052391687414806,0,0,0,4.009859418860205,2.886751345948129,7.568204856158901,1
clean_p_520.jpg,9.280980363955806,1.1156939855591907,0,0,1.2856040517117924,6.859712667264983,0,4.013470286937416,1
clean_p_521.jpg,2.031138822195119,0.8852537936860264,0,0,1.4561491580090171,5.8683509298938175,0,5.598867746600424,1
clean_p_522.jpg,2.4211969475690216,0.39588157600754825,0,0,4.473384979862753,8.254916279462385,0,6.478371934367783,1
clean_p_523.jpg,0.6781360214610122,0,0,0,2.8619606402051128,6.6959330111646125,0,5.77076820088829,1
clean_p_524.jpg,0.6329748702773409,0,0,0,0,6.0039349542740315,0,7.368932070790838,1
clean_p_525.jpg,7.7126403547947335,1.3673442186479938,0,0,3.176219292154083,6.449491195336654,0,5.624923791617789,1
clean_p_526.jpg,4.570958772009528,0.3908679799852848,0,0,2.562600745054763,6.242288896808133,0,5.985584829207551,1
clean_p_527.jpg,0.6275142037745276,0,0,0,0,3.6592094450264425,0,6.299869386351093,1
clean_p_528.jpg,0.6342709458107372,0.3535533905932738,0,0,0,9.177172317506239,0,5.701673339491493,1
clean_p_529.jpg,6.688536598156516,0.3535533905932738,0,0,3.1760464365152465,6.366980661599091,0,5.655622695217107,1
clean_p_530.jpg,0.6032619634099585,1.0606601717798212,0,0,0,6.715173434903157,0,6.202846910271101,1
clean_p_531.jpg,4.2315259608620535,1.3973016188564849,0,0,1.2401682507827052,7.041767949404104,0,5.647571478782874,1
clean_p_532.jpg,3.801906960179188,1.8277652183936552,0,0,0,6.642017479463102,0,5.884003683704625,1
clean_p_533.jpg,10.390493258803327,1.3963576958697974,0,0,0.0,5.8054216223136885,0,5.940912991511595,1
clean_p_534.jpg,9.17331104327681,2.441771516205022,0,0,1.7583267509092182,11.024720559003107,0,7.009631679146602,1
clean_p_535.jpg,9.091686473466535,1.7694828554119566,0,0,0,6.362931791108444,0,4.405453948712155,1
clean_p_536.jpg,4.0666628155018065,0,0,0,0,4.935569595943136,0,3.842052231097772,1
clean_p_537.jpg,11.666736258036224,2.4447846561057798,0,0,0.0,7.794172922652365,0,5.259679719377454,1
clean_p_538.jpg,5.762445811668826,2.070239923237478,0,0,0.38490017945975324,6.596488020904792,0,5.488202576681433,1
clean_p_539.jpg,2.8116751444543855,1.479883629058568,0,0,2.518450434809583,7.352746339628146,0,7.421044937263437,1
clean_p_540.jpg,0.6173432315135169,0,0,0,2.040098036859993,8.302514151257073,0,5.873439543112935,1
clean_p_541.jpg,0.5885651133133836,0,0,0,0,0,0,7.8522038993144365,1
clean_p_542.jpg,11.361334598541799,2.02712134872559,0,0,2.250213792441502,6.133723041588478,0,6.949439891521205,1
clean_p_543.jpg,9.699650834098179,1.6149762066817424,0,0,0.6266755318521874,6.585063486537449,0,5.118576497961237,1
clean_p_544.jpg,5.3265979091830165,1.3952424122312563,0,0,0,6.4054439324865005,0,4.83032531456785,1
clean_p_545.jpg,7.926086909165976,2.006228221313488,0,0,1.773666505544349,4.927051260717737,2.394486871823,5.032075957339539,1
clean_p_546.jpg,0.6106615692906634,0.3535533905932738,0,0,3.4378641777304244,9.041699758425468,0,5.847284318709267,1
clean_p_547.jpg,0.6112480567838242,0,0,0,0,10.640737054923143,0,6.0321834479262,1
clean_p_548.jpg,0.571713811383787,0,0,0,0,2.542816020430329,0,6.402771562445337,1
clean_p_549.jpg,0.5551108298971099,0,0,0,0,8.50789843873728,0,6.632725483407807,1
clean_p_550.jpg,0.7654794183009354,0,0,0,0,5.227830216058653,0.7071067811865476,8.322486679000978,1
clean_p_551.jpg,0.6305901332628536,0,0,0,0,0,0,5.818535398997452,1
clean_p_552.jpg,0.5759196426222211,0,0,0,0,7.467146433703433,0,5.616677933778513,1
clean_p_553.jpg,0.5086612433246459,0,0,0,0,7.876068756613887,0,7.031684657090113,1
clean_p_554.jpg,0.5610434961791494,0,0,0,0,6.259655526055292,0,5.342109823054267,1
clean_p_555.jpg,0.6617494708414797,0,0,0,0,4.847448820598671,0,9.094643678496778,1
clean_p_556.jpg,12.233936186940609,0.7071067811865476,0,0,5.070106321489018,8.58215559678437,0.0,6.567623543103781,1
clean_p_557.jpg,0.4566031426240424,0,0,0,0,5.524074577930769,0,8.058760907802318,1
clean_p_558.jpg,0.5251698705656686,0,0,0,0,9.671233305154317,0,7.85108753310055,1
clean_p_559.jpg,0.5885462686778428,0,0,0,0,9.570734247128074,0,8.745545726098088,1
clean_p_560.jpg,0.5674716348415044,0,0,0,0,6.601666616761993,0,7.647326059187784,1
clean_p_561.jpg,3.217981055712918,1.5545631755148024,0,0,0,6.599648648007088,0,8.332975303880586,1
clean_p_562.jpg,0.749019032882901,0,0,0,0,0,0,5.83352103471799,1
clean_p_563.jpg,0.6121925866250424,0,0,0,0,0,0,5.647228815770558,1
clean_p_564.jpg,0.6135097799712693,0,0,0,0,5.632849595678893,0,8.773105690260264,1
clean_p_565.jpg,0.5992899035550041,0.0,0,0,0,8.048101074796675,0,8.389513972150814,1
clean_p_566.jpg,10.972705846432904,1.3948735332034072,0,0,2.6895102633296966,7.066933691612956,0,7.260049575212296,1
clean_p_567.jpg,0.6048403993198918,2.1810420547170675,0,0,0,6.416649260488325,0,7.682425121630963,1
clean_p_568.jpg,0.6357630018447173,0,0,0,0,3.40660906390884,0,6.477728043754343,1
clean_p_569.jpg,0.642628895121589,0,0,0,0,2.175248182031367,0,6.167276140371262,1
clean_p_570.jpg,12.521481902397575,0.375,0,0,0.5217491947499503,4.662668986836201,0,6.258951964167213,1
clean_p_571.jpg,0.7269301633409191,0,0,0,3.842030539739237,5.945222975774721,0,6.030583516807957,1
clean_p_572.jpg,0.6845915481999368,0,0,0,0,0.0,0,5.176343657265766,1
clean_p_573.jpg,0.7225382742698752,0,0,0,2.12225743474081,6.240526551518042,0,4.597528448282036,1
clean_p_574.jpg,4.165162573456555,0.5773502691896257,0,0,6.125914220370533,7.261657296673038,0,6.6332629806596355,1
clean_p_575.jpg,4.441341916177486,1.7524201751680621,0,0,0,4.8225940605524205,0,5.817918588937991,1
clean_p_576.jpg,8.486496172441484,0,0,0,4.219189775332906,6.437776973050408,0,8.744970027775564,1
clean_p_577.jpg,0.5958788645660712,0,0,0,0,0.0,0,6.172816990669088,1
clean_p_578.jpg,0.5751090206662137,0,0,0,0,0,0,6.150487053503313,1
clean_p_579.jpg,0.6991459257347507,0,0,0,0,3.0289678936572146,0,7.017197462401922,1
clean_p_580.jpg,0.6948969717183262,0,0,0,0,6.337166493287358,0,6.248955387629333,1
clean_p_581.jpg,0.7103255396487386,1.3890206853566656,0,0,0,3.369556689798199,0,6.070795991107049,1
clean_p_582.jpg,0.6059698822673696,0,0,0,0,2.6470633623780944,0,4.878415769619894,1
clean_p_583.jpg,0.7343877060297991,0,0,0,0,5.120225020128243,0,7.035570498552537,1
clean_p_584.jpg,0.6870553176093561,0,0,0,0,5.5722756446911905,0,6.753362305573175,1
clean_p_585.jpg,6.723145554489343,0.9251501379656045,0,0,0.7071067811865476,5.018517418871673,0,7.113972906065537,1
clean_p_586.jpg,0.688518345070477,0,0,0,0,0,0,7.801119239458107,1
clean_p_587.jpg,0.6834594428343886,0,0,0,0,1.1659522043413724,0,6.282027141736181,1
clean_p_588.jpg,0.6870574529041314,0,0,0,0,0,0,5.244623121348762,1
clean_p_589.jpg,6.673772149710701,2.523610809276868,0,0,0,4.122776621437115,0,7.4130522902595555,1
clean_p_590.jpg,0.6438132893122329,0.3535533905932738,0,0,0,1.417171565107306,0,6.193725559070052,1
clean_p_591.jpg,7.699006341307661,2.050913420383889,0,0,0.3469443332443539,5.130199578204886,0,8.422315903508926,1
clean_p_592.jpg,7.245470915794784,3.226406667961667,0,0,0,1.0028893443630926,0,7.297712402231454,1
clean_p_593.jpg,5.915930009870933,2.513850521499724,0,0,1.3003422454003553,6.538592181468881,0,6.965377054073798,1
clean_p_594.jpg,0.6764917006143546,0,0,0,0,0.701533487934737,0,6.316657054651603,1
clean_p_595.jpg,10.606661887251331,4.059609739411817,0,0,0,0.7019417513029281,0,7.864847110844335,1
clean_p_596.jpg,0.6574864954373982,1.4186260959111108,0,0,0,2.894785316655051,0,6.934517986573219,1
clean_p_597.jpg,5.368587672219607,3.4983323467070013,0,0,0,2.977913147693131,0,8.491893171704158,1
clean_p_598.jpg,2.9688515869878667,3.4735166735573766,0,0,0,3.3957563625181453,0,8.05189312971034,1
clean_p_599.jpg,7.38523290986068,3.0655556552725156,0,0,0,3.0001737793259617,0,8.481791631326713,1
clean_p_600.jpg,0.5937770826990139,1.1667346918943666,0,0,0,5.358942990065992,0,9.21464166053396,1
clean_p_601.jpg,0.7039303688641946,0.7645199413623817,0,0,0,3.330762516610104,0,8.935306043371344,1
clean_p_602.jpg,0.6279441437278789,1.6904550098673314,0,0,0,3.133863987267063,0,8.021449858553185,1
clean_p_603.jpg,0.6353350728794214,0,0,0,0,0,0,9.387150872853116,1
clean_p_604.jpg,5.710263236200235,4.008282508850172,0,0,0,3.243377063849202,0,9.058431923826234,1
clean_p_605.jpg,0.6771477898799875,0,0,0,0,0,0,8.304283704052335,1
clean_p_606.jpg,0.6583081103550837,0,0,0,0,0,0,6.918085807050525,1
clean_p_607.jpg,0.595414629029094,0,0,0,0,1.5838327487833692,0,5.906715293917902,1
clean_p_608.jpg,0.6554981183632466,0,0,0,0,0,0,6.43073592163291,1
clean_p_609.jpg,0.6127107212673529,0,0,0,0,0,0,5.088936157664548,1
clean_p_610.jpg,0.6875074024042012,0,0,0,0,2.4314457829919327,0,6.300292700040848,1
clean_p_611.jpg,0.5897563402862728,0,0,0,0,4.709068590948204,0,7.546485568736481,1
clean_p_612.jpg,5.360801311459191,2.732920079931592,0,0,3.0171929060809934,8.20463102699923,0,7.768326321366947,1
clean_p_613.jpg,0.74644996250112,0.7426013669011496,0,0,0,9.419673501602757,0,6.827646138166257,1
clean_p_614.jpg,0.6657703354917499,0,0,0,0,2.7500424976885482,0.0,6.171070769790402,1
clean_p_615.jpg,0.6523933358698234,2.1695317911442893,0,0,0,5.888531926849028,0,6.436613063361211,1
clean_p_616.jpg,0.5518772270897393,0,0,0,0,9.207200155943099,0,9.160279829219734,1
clean_p_617.jpg,6.935840480648233,0.3469443332443539,0,0,2.1598615039921683,7.738826352762345,0,7.764347040951995,1
clean_p_618.jpg,6.20548879650892,2.885762219517367,0,0,0,4.931133138325841,0,6.546097483622616,1
clean_p_619.jpg,0.6410128089274924,0.0,0,0,0,6.334188546785112,0,6.504326576047447,1
clean_p_620.jpg,0.591775494459693,0,0,0,0,6.0602337176391945,0,5.747195678678899,1
clean_p_621.jpg,0.6096293382564499,0,0,0,0,5.212056373416803,0,6.550205998619057,1
clean_p_622.jpg,6.44115014956316,0.0,0,0,2.8800300782977226,9.314243789068538,0,7.144139065479737,1
clean_p_623.jpg,0.5291940185535278,0,0,0,0,4.867766137850771,0,6.5049422498677245,1
clean_p_624.jpg,0.5786692116881639,0,0,0,0,0,0,6.1775554102724275,1
clean_p_625.jpg,0.577632176998926,0,0,0,0,5.584663421670736,0,6.479575790023248,1
clean_p_626.jpg,5.159111764508954,2.8729984180703347,0,0,0,4.055623334246544,0,5.086012002194958,1
clean_p_627.jpg,1.8570347986625717,0,0,0,0,4.33600064110658,0,5.3539442412452045,1
clean_p_628.jpg,5.180807393372828,0.0,0,0,1.871611715683602,5.973957255506585,0,6.181459478765744,1
clean_p_629.jpg,0.6343106694446132,0.0,0,0,0,4.823358351264899,0,4.971252876065562,1
clean_p_630.jpg,5.209217711436499,0,0,0,1.8027756377319946,8.828280743177357,5.773502691896258,9.842503505897328,1
clean_p_631.jpg,8.321914669116397,0.0,0,0,3.236277392106289,6.374105440046443,0,10.501573198751554,1
clean_p_632.jpg,0.488560424100705,0,0,0,0,10.833700046371918,0,10.022878181476942,1
clean_p_633.jpg,0.5622181008932525,0,0,0,0,7.5503279866304736,0,8.40923004741031,1
clean_p_634.jpg,13.350444883073163,1.2247723838750417,0,0,1.9984618123997802,6.266672421968024,0,9.771403813702673,1
clean_p_635.jpg,5.4933572785324305,2.8152348444327657,0,0,3.014351694752301,6.762243417920275,0,8.733508414837909,1
clean_p_636.jpg,0.6748646084792626,0.6454972243679028,0,0,1.9929806730841542,7.921047949703916,0,7.936442781448898,1
clean_p_637.jpg,6.107753153853657,3.284362500857214,0,0,1.587812621109016,5.588730765446872,4.624356038657793,8.464430243169454,1
clean_p_638.jpg,3.1147211027028536,0,0,0,1.4142135623730951,7.353427455928802,0,8.18660189482171,1
clean_p_639.jpg,8.338240159161261,1.443119050041469,0,0,3.5803147274366625,7.6586419519298685,0,8.345780005304645,1
clean_p_640.jpg,16.59153891633455,3.257207085969489,0,0,3.4726712551151766,6.8281900920863645,3.181980515339464,11.070544698654048,1
clean_p_641.jpg,5.6657443571515484,0,0,0,3.055908571846113,4.580726751910949,0,7.466053230976045,1
clean_p_642.jpg,16.926719267942175,3.059303968628058,0,0,3.756556423812647,10.242800819286073,0.0,10.724863835299356,1
clean_p_643.jpg,21.398767316106635,2.205385845813186,0,0,3.286392136726984,6.366531543000728,0,10.906228779326254,1
clean_p_644.jpg,6.184512734895024,2.3419041191524337,0,0,4.602549578776398,9.102822631790037,0,10.719949022359389,1
clean_p_645.jpg,0.6263979417742503,0,0,0,0,4.428438235871782,0,4.272443443844018,1
clean_p_646.jpg,2.3212418280449167,0,0,0,5.218379200621727,10.22823144754802,0.0,6.590327870200265,1
clean_p_647.jpg,3.112650268059778,2.1213203435596424,0,0,5.177264715452062,10.810856810143774,0.0,8.404977129170888,1
clean_p_648.jpg,0.5972562810121397,0.0,0,0,0.0,9.127582710223162,0,7.87260684837063,1
clean_p_649.jpg,0.6521154398511988,0,0,0,0,6.86531688364088,6.9768452200671085,8.1448920174783,1
clean_p_650.jpg,5.542813558059066,1.9003785120896004,0,0,0,2.8451116838934762,0,8.076435009788149,1
clean_p_651.jpg,1.3644694531029444,0.0,0,0,2.128006108347074,10.470579980505624,2.8284271247461903,8.832728726483477,1
clean_p_652.jpg,2.5934831133497944,1.0034662148993598,0,0,5.605676686280714,9.734599307731983,0,6.657745914491548,1
clean_p_653.jpg,0.6934204355585801,0,0,0,0,8.45365927857116,0,6.919953731224937,1
clean_p_654.jpg,0.6217472000548763,0,0,0,0,5.3005710071866226,0,5.846640207425632,1
clean_p_655.jpg,0.6679907712261823,0,0,0,0,0,0,5.426751008832886,1
clean_p_656.jpg,1.8402677766999362,0,0,0,0,8.492908427546435,0.0,6.171345750428433,1
clean_p_657.jpg,0.510583127364798,0,0,0,0,6.4856618122956915,0,5.920649261337712,1
clean_p_658.jpg,0.6559400465537432,0,0,0,0,9.219812294710344,0,8.132323800152786,1
clean_p_659.jpg,0.7036947456339132,0,0,0,0,0,0,5.2636990253743985,1
clean_p_660.jpg,12.523493277143352,0.6938886664887125,0,0,0,7.802584949499181,0,7.380405491327597,1
clean_p_661.jpg,0.593309142108449,0,0,0,0,0,0,6.383008213925761,1
clean_p_662.jpg,6.0376963645066635,0,0,0,2.755621142876423,5.914362308244073,0,3.9231320288197056,1
clean_p_663.jpg,2.2325784821551884,0,0,0,2.6575364531836625,10.291827787895427,0,6.810209711043874,1
clean_p_664.jpg,0.5807219742364298,0,0,0,1.8364213081201124,7.962738654097469,0,6.012010212372332,1
clean_p_665.jpg,0.7046124701481272,0,0,0,2.755342809924638,8.4843718655834,0,6.1616077154895645,1
clean_p_666.jpg,12.2690077214763,3.0738210772228336,0,0,0,4.736338499020715,0,5.307652159271374,1
clean_p_667.jpg,0.7224245013596977,0,0,0,2.235325793426567,9.31440567465491,0,5.94365840613691,1
clean_p_668.jpg,0.5694110600458191,0,0,0,0,5.4968107984755195,0,6.582260328004664,1
clean_p_669.jpg,0.5464557756470736,0,0,0,0,7.840678776993429,0,5.367295258464814,1
clean_p_670.jpg,1.5549368803107795,0,0,0,2.5610155759635442,9.022965654895842,0,4.971889762728863,1
clean_p_671.jpg,0.8974290558045133,0,0,0,4.813897704678728,7.190579510850075,0,5.562361990709137,1
clean_p_672.jpg,0.6169395449201831,0,0,0,0,5.944384308351505,0,4.1651925446461835,1
clean_p_673.jpg,1.8367614244451758,1.1754653316902985,0,0,0,5.31222989342212,0,5.618964611632649,1
clean_p_674.jpg,0.6727671330591685,0,0,0,0,4.42578135991039,0.7071067811865476,3.3000630456593623,1
clean_p_675.jpg,0.5778103865632761,0,0,0,0,9.61587790842534,0,4.694969837857127,1
clean_p_676.jpg,0.6539687547904108,0,0,0,0,8.194068804054785,0,6.202034542904537,1
clean_p_677.jpg,3.2211461112331623,0,0,0,1.3728518573474058,9.543059098978237,0,6.522004415830555,1
clean_p_678.jpg,0.6328731628322359,0.0,0,0,0,8.12648313372417,0,4.6188724303968245,1
clean_p_679.jpg,0.5402988511494595,0,0,0,0,8.72882419117385,0,7.1012142288953015,1
clean_p_680.jpg,6.886685790809433,4.768057449354659,0,0,0,1.7520234876190524,0,4.916380532217105,1
clean_p_681.jpg,5.121626369424538,0.4407915100949664,0,0,0,8.258636194858434,0,5.570751036887283,1
clean_p_682.jpg,4.429916611492908,0,0,0,3.659770899172771,8.480499508336703,0,6.498816484611286,1
clean_p_683.jpg,0.6658144316069953,0,0,0,0.0,10.832693469547204,0,7.345269262238186,1
clean_p_684.jpg,0.49794211870797,0,0,0,0,0,0,5.380581063669379,1
clean_p_685.jpg,11.091842025512223,3.6553918715288556,0,0,0,3.7417581587573165,0,6.080098055325289,1
clean_p_686.jpg,0.5484247189994066,0,0,0,0,8.733022730319918,0,6.6569392695761165,1
clean_p_687.jpg,14.668399437569622,1.486630231242605,0,0,2.5386382076895972,7.55429926654624,0,6.204675390772051,1
clean_p_688.jpg,3.4733609576976257,1.1879799225139689,0,0,0,6.054746481199791,0,6.7091357521752455,1
clean_p_689.jpg,3.410362294318207,5.844729746452024,0,0,0,2.9676630079662494,0,6.353395179632933,1
clean_p_690.jpg,0.6224087816850592,0,0,0,0,3.0184335466005234,0,5.903333444676382,1
clean_p_691.jpg,6.349096852648432,2.45103176490831,0,0,0,5.140520239164642,0,5.5660373644502545,1
clean_p_692.jpg,2.1448691320561344,0.375,0,0,0,7.956908294253256,0,6.554376025555088,1
clean_p_693.jpg,3.9039139121597377,3.3956085660492854,0,0,0,6.495113427344857,0,6.939754234273358,1
clean_p_694.jpg,0.7588555987886755,1.317780962639393,0,0,0,9.600314897693828,0,7.9546216183891305,1
clean_p_695.jpg,0.8890573957738002,0,0,0,0,2.7573011050958387,0,3.7548745851383467,1
clean_p_696.jpg,0.5824666506189748,0,0,0,2.639960016532239,7.18300115859791,0,6.211138750621867,1
clean_p_697.jpg,0.566583473755423,0,0,0,0,0,0,5.557859436004654,1
clean_p_698.jpg,3.042031014066742,0,0,0,2.2948103437732907,6.681649435081254,1.3777329741819215,7.186000610379249,1
clean_p_699.jpg,11.361745940525493,7.76317218833406,0,0,0,3.6620674685827903,0,5.47417446940301,1
clean_p_700.jpg,0.7973860531136855,0.0,0,0,0.0,6.319625142648327,0.0,7.5843117759311305,1
clean_p_701.jpg,3.289142477399665,0,0,0,4.561782793305772,7.91198728078536,0,6.663644259838618,1
clean_p_702.jpg,5.245014860425229,1.1813888615639068,0,0,0.7071067811865476,4.922162350589818,0,7.4811997041402964,1
clean_p_703.jpg,0.5708022031394705,0,0,0,0,5.573715414459274,0,5.428604376082262,1
clean_p_704.jpg,5.521374609772394,0,0,0,2.9012206139381247,6.140138681284667,0.6454972243679028,5.299780218354476,1
clean_p_705.jpg,0.6991323550737449,0,0,0,0,3.7025409842772996,0,6.088309799921758,1
clean_p_706.jpg,0.6451570912244756,0.3402069087198839,0,0,0,4.2885677565416955,0,5.784850144981372,1
clean_p_707.jpg,7.420817103631426,0.0,0,0,4.552982756303302,6.19281192119388,0,7.019577775200692,1
clean_p_708.jpg,0.5559444551512439,0,0,0,0,0,0,5.268071847024379,1
clean_p_709.jpg,0.643070957304593,0,0,0,0,3.8568727021457634,0,4.8998462337663256,1
clean_p_710.jpg,2.7715793051256146,3.052043349771639,0,0,0,3.3319841009380116,0,4.693800939452363,1
clean_p_711.jpg,0.606896674252054,0,0,0,0,0.0,0,6.434031419379296,1
clean_p_712.jpg,0.7679838288752404,0,0,0,3.7416573867739413,7.90646552702979,0,4.966055688404897,1
clean_p_713.jpg,0.8225134559274363,0,0,0,0,9.0793330714337,0,4.843822378938663,1
clean_p_714.jpg,0.7113249336652814,0,0,0,0,5.335135995162375,0,3.809144350022269,1
clean_p_715.jpg,1.7193544108995917,1.1096597617138615,0,0,0,6.225166959948509,0,3.9413075893379568,1
clean_p_716.jpg,0.6229951998978298,0,0,0,0,7.139433811261129,0,4.497485827969477,1
clean_p_717.jpg,5.147762271983341,0,0,0,5.1799376424782695,8.765450973055083,0,6.280100582016942,1
clean_p_718.jpg,0.7842613884266039,0,0,0,0,6.907596300336102,0,5.290377239701588,1
clean_p_719.jpg,0.9976968357578865,0,0,0,0,5.9332653488405365,0.7080881928749343,6.7652632152547705,1
clean_p_720.jpg,4.434759897987617,6.23362542848894,0,0,0,4.778945549877109,0,5.979072231198728,1
clean_p_721.jpg,0.6518802072682183,0,0,0,0,0,8.899044582118846,6.179296348411785,1
clean_p_722.jpg,0.5873015484429771,0,0,0,0,4.798559736580896,0,6.7242259605976615,1
clean_p_723.jpg,1.5667076260140123,2.0980943734732254,0,0,0,2.200063130407349,5.588513351642055,7.14598831088659,1
clean_p_724.jpg,0.5454175377828426,0,0,0,0,0,0,5.407842165489055,1
clean_p_725.jpg,1.1819654892537288,4.229458295539537,0,0,0,6.162989333526509,0,5.521837906681386,1
clean_p_726.jpg,0.6379866588369009,0,0,0,0,0.7071067811865476,0,5.735188178872274,1
clean_p_727.jpg,0.591303448244016,0.0,0,0,0,0.0,0,6.59643936612156,1
clean_p_728.jpg,0.5912203157237245,0,0,0,0,0,0,4.037886374546626,1
clean_p_729.jpg,0.702574399483403,0,0,0,0,2.330174863868926,0,5.065040363946077,1
clean_p_730.jpg,0.6451045082210458,0,0,0,0,2.7520808382592516,0,5.451768990780322,1
clean_p_731.jpg,0.6746544926641241,1.0107600568147825,0,0,0,5.252712806424454,0,4.042200583007693,1
clean_p_732.jpg,0.7400332281320874,1.73374284187837,0,0,0,1.7130310370192914,0,4.98820954481923,1
clean_p_733.jpg,0.5307015179016029,0,0,0,0,0,0,6.095292819569536,1
clean_p_734.jpg,10.130276705260123,0.7664595993660187,0,0,0.8989825257582349,5.943682490670307,0,7.584872493403499,1
clean_p_735.jpg,11.355533710837527,2.430635729160378,0,0,0,2.2209002587202513,0,9.06268532344408,1
clean_p_736.jpg,1.3013131764942234,0,0,0,0,0,0,8.926254113758883,1
clean_p_737.jpg,7.531736192164653,4.3745492452564445,0,0,0,4.241673759193891,0,7.5414273985818125,1
clean_p_738.jpg,0.990962176331406,0,0,0,0,2.099189271646875,0,10.457943576931537,1
clean_p_739.jpg,4.226729496931965,3.023311962275135,0,0,0,6.652889577996779,0,10.394348736994635,1
clean_p_740.jpg,3.6267940872895252,2.528677803681225,0,0,0,8.027320154232635,0,8.57592718967598,1
clean_p_741.jpg,4.777565273208324,1.213141773645175,0,0,1.0606601717798212,8.170417484226707,0,11.051769681212733,1
clean_p_742.jpg,1.5099385190371335,0,0,0,0,4.453806210210828,0,11.465013474890224,1
clean_p_743.jpg,2.1863616657676537,0,0,0,0,0,0,6.149718172829979,1
clean_p_744.jpg,7.5649799921589285,3.0875122187225164,0,0,0,6.118694860311878,0,6.499200162686678,1
clean_p_745.jpg,10.217667386672671,1.6894093540253161,0,0,0,3.6470582660296964,0,8.810503134439644,1
clean_p_746.jpg,4.67922563590574,1.7964918360497777,0,0,0,8.241162298446966,0,7.670647404669761,1
clean_p_747.jpg,2.823863190469465,1.1124547431493805,0,0.0,0,0.0,0,7.944032102876839,1
clean_p_748.jpg,8.657139383582434,0.6782841915041521,0,0,1.940521837032503,6.446881953364577,0,7.789599974658366,1
clean_p_749.jpg,1.4683171061472684,0,0,0,0,6.448964621709886,0,11.240270423746649,1
clean_p_750.jpg,1.5227028214599934,0,0,0,1.8730547225060559,6.331765896399562,0,11.87440655219773,1
clean_p_751.jpg,9.18096009818963,2.1096963358585867,0,0,3.0831119747704707,8.935492182754423,0,8.34224375587369,1
clean_p_752.jpg,14.002040889803306,1.5706874773054806,0,0,1.796807869116374,6.778045385067936,0,6.198939890724935,1
clean_p_753.jpg,1.3500013406779474,0,0,0,0,3.358785509624033,0,7.2704791388662455,1
clean_p_754.jpg,1.1189280036864606,1.0614782669047504,0,0,0,1.6006248779773469,0,6.758796102862691,1
clean_p_755.jpg,10.10952462882009,2.0362465970900985,0,0,1.3638977378075776,5.6610045546199625,0,8.411925451005889,1
clean_p_756.jpg,1.6120051355765492,0,0,0,0,8.32163876762457,0,9.235334076395587,1
clean_p_757.jpg,1.804426301177198,1.0408329997330663,0,0,0,8.002124862688339,0,10.044644315408343,1
clean_p_758.jpg,1.4094476292860516,0,0,0,0,0.7773141668763355,0,9.306613275901412,1
clean_p_759.jpg,0.8775863102539578,1.4186260959111108,0,0,0,8.050133875670117,0,9.483293047611925,1
clean_p_760.jpg,11.207848161437106,1.3662001674188438,0,0,0,4.591098285413389,0,8.250941607639533,1
clean_p_761.jpg,4.728502458162432,0,0,0,2.8647151603585983,7.130357670567451,0,10.519123585254896,1
clean_p_762.jpg,16.954710534926548,1.6085732582084784,0,0,0.0,6.7378625040468645,0,7.557411736368172,1
clean_p_763.jpg,2.3109012340601804,0,0,0,0,4.502067492512071,0,10.170914510277672,1
clean_p_764.jpg,1.4464015681957112,0,0,0,0,6.006954057804003,0,7.036521209487362,1
clean_p_765.jpg,1.3915250267184485,2.0658062725133615,0,0,0,5.812084383880492,0,7.675386076095747,1
clean_p_766.jpg,2.8858734817699654,3.669578074376799,0,0,0,7.242640093751686,0,7.4866130869375,1
clean_p_767.jpg,1.8496220635915994,0,0,0,0,0,0,7.461425462030519,1
clean_p_768.jpg,13.263227743299083,4.850282072600001,0,0,0.0,4.913406567138652,0,10.170463778651973,1
clean_p_769.jpg,7.6417249987698215,0.0,0,0,3.3589637390830718,5.813194068339619,0,6.967505015339151,1
clean_p_770.jpg,12.751080433405482,0,2.918154382482188,0,2.8559915385416477,0,4.193323334314607,6.384299468689795,1
clean_p_771.jpg,7.342823683150176,0.7158910531638176,0,0,0,8.61387171750352,0,9.85222620247959,1
clean_p_772.jpg,13.52207202608299,1.3809014768943102,0,0,1.410384452975899,6.320252942128654,0,7.446465925530828,1
clean_p_773.jpg,2.8549831106579173,2.059608153673807,0,0,2.9265704869035374,8.510727855947184,0,10.9924934339976,1
clean_p_774.jpg,1.1962000413061427,0,0,0,0,0,0,9.608421817406969,1
clean_p_775.jpg,1.677854123468047,0,0,0,0,9.366149430614657,3.5200319600821808,11.357135819454864,1
clean_p_776.jpg,5.690170353067476,1.9280963553607882,0,0,3.729192841619111,6.930961907040939,1.7677669529663689,10.436426241439273,1
clean_p_777.jpg,1.6026653241257818,0,0,0,0,0,0,7.477441112409508,1
clean_p_778.jpg,1.3380171634789388,0,0,0,0,0,0,8.41797963490113,1
clean_p_779.jpg,9.316016788911405,2.791798545521836,0,0,0,2.809217912232451,0,11.402305531068388,1
clean_p_780.jpg,2.8717436772567058,0.5869272489172241,0,0,2.486893114985606,6.512696874512696,0,10.874377225725395,1
clean_p_781.jpg,1.468417558976613,0.3535533905932738,0,0,0,1.4561491580090171,0,9.17958515111811,1
clean_p_782.jpg,18.884834815341627,0,0,0,1.676362292998556,4.192582554363504,0,8.774454581988866,1
clean_p_783.jpg,1.3645934718112311,0,0,0,0,4.233928394295179,0,8.072488137346621,1
clean_p_784.jpg,1.5631078897546127,0,0,0,0,0,0,8.423381410561246,1
clean_p_785.jpg,6.590911541609648,0.0,0,0,0.6454972243679028,8.745066359284602,0,9.968682758589116,1
clean_p_786.jpg,9.993545236099488,0,0,0,4.44125723832613,2.005722728095882,0,11.626707531384454,1
clean_p_787.jpg,14.590313949149664,2.209394594255145,0,0,2.843212303175088,8.159718908552735,0,10.336321784658882,1
clean_p_788.jpg,5.222730837696728,4.951384638847534,0,1.8901441823930538,0,1.1704504941459626,0,9.087416032563425,1
clean_p_789.jpg,1.7448709566497522,0.7071067811865476,0,0,0.0,5.736845236818394,0,13.636584612445349,1
clean_p_790.jpg,2.4250935325728804,0,0,0,0,0,0,6.109463675744661,1
clean_p_791.jpg,1.8565613416295192,0,0,0,0,9.634423249881497,0,9.558634038409771,1
clean_p_792.jpg,8.245858481823593,0.5773502691896257,0,0,1.1864533219898605,7.528204637275278,0,9.267735369203193,1
clean_p_793.jpg,3.2889943616348476,1.7368948848096462,0,0,0,8.465743664768349,0,9.963592050225186,1
clean_p_794.jpg,1.4887977634730762,0,0,0,0,0,0,7.907114201943576,1
clean_p_795.jpg,5.412721442851158,3.0516389039334255,0,0.0,0,0.0,0,9.175855544151185,1
clean_p_796.jpg,3.2036408434396697,0.0,0,0,0,5.5037267838890545,0,10.447391426128092,1
clean_p_797.jpg,11.66256279987168,2.3885631396359592,0,0,0,4.208736677603534,0,9.044995845935695,1
clean_p_798.jpg,18.839501616449947,0.0,0,0,0.9459395262391718,5.256664304505611,0,7.518573028316643,1
clean_p_799.jpg,4.031655375478079,2.416736885534442,0,0,0,8.19674994902301,0,10.83714513947399,1
clean_p_800.jpg,5.017767448554148,3.8306642758674108,0,0,0,4.761742745034,0,10.052398285329378,1
clean_p_801.jpg,9.601288183325785,0,0,0,2.6378033893814785,5.018956055139105,0,8.251062738212518,1
clean_p_802.jpg,1.4615894615632283,0.0,0,0,0,6.769293506312882,0,9.539279544844728,1
clean_p_803.jpg,6.350890901473661,2.045896753102066,0,0,0,7.650297352331202,0,10.506036266269529,1
clean_p_804.jpg,1.5669973071317944,1.4689541751336888,0,0,0,5.104389219491367,0,10.2257136536374,1
clean_p_805.jpg,1.6208109360719491,0,0,0,0,0,0,8.793080198787996,1
clean_p_806.jpg,1.4777415006316161,0,0,0,0,1.8790500658304532,0,9.4430042772577,1
clean_p_807.jpg,1.5442104304404256,0,0,0,0,0,0,7.557737764690535,1
clean_p_808.jpg,1.4614259039712238,0,0,0,0,6.854710446606521,0,10.56368445870349,1
clean_p_809.jpg,8.262601008887804,1.2385080007557778,0,0,0,7.3811550840433675,0,7.889503709645594,1
clean_p_810.jpg,1.2270297204617397,0,0,0,0,0,0,9.174041765611197,1
clean_p_811.jpg,12.819508134002218,7.840037849782034,0,0,2.2744561217240267,3.491939143011423,0,9.322245567005066,1
clean_p_812.jpg,3.4620539506851125,1.7320508075688772,0,0,0,10.140473662713513,0,11.415153316539882,1
clean_p_813.jpg,2.895899067230411,3.849001794597503,0.0,0.0,0,0,0.7071067811865476,10.752663568184738,1
clean_p_814.jpg,5.315005625704178,4.200744068247425,0.7071067811865476,0,0,4.8924793157536834,2.091239393936362,9.420435171645147,1
clean_p_815.jpg,1.3046451289620389,0,0,0,0,0,0,6.923796242333272,1
clean_p_816.jpg,1.7074214211740453,0,0,0,0,0,0,8.05960562595863,1
clean_p_817.jpg,1.8868032509734316,0,0,0,0,4.748600272761356,0.3535533905932738,10.914575962277604,1
clean_p_818.jpg,1.6117360379896426,0,0,0,0,3.874335716457847,0,11.030254272478357,1
clean_p_819.jpg,1.761232380857987,0,0,0,0,6.659917351926545,0,8.381786071069541,1
clean_p_820.jpg,12.414568070055347,0.6030553908796815,0,0,2.165320738045485,4.061360739758304,0,10.09517455986704,1
clean_p_821.jpg,7.053845444295974,4.403160244321965,0,0,0,4.460683888656037,0,10.061885041336271,1
clean_p_822.jpg,4.714879048423054,1.9344505664567029,0.3535533905932738,0.0,0,7.917563179576776,0,7.967438026650291,1
clean_p_823.jpg,1.4265675379458256,3.1068110728906824,0,0,0,7.787103814785702,0,8.295965703860487,1
clean_p_824.jpg,1.277581168787045,0,0,0,0,5.557851882811544,0,7.091613360212606,1
clean_p_825.jpg,1.8064945224225537,0,0,0,0,0,0,6.351741899141514,1
clean_p_826.jpg,4.083758486874683,3.536135938148579,0,0,0,5.236722298092705,0,5.867136102041766,1
clean_p_827.jpg,1.129614310652035,0,0,0,0,0,0,6.457857539942213,1
clean_p_828.jpg,1.1393044843625793,0,0,0,0,2.009514509385142,0,5.946338144132818,1
clean_p_829.jpg,1.0203150568323063,0,0,0,0,7.555888748417604,0,6.675376676123469,1
clean_p_830.jpg,0.9801064875784676,0,0,0,0,0,0,6.418765015134899,1
clean_p_831.jpg,1.6352677067865045,0.0,0,0,0,6.2276626243593585,0,9.415701156954155,1
clean_p_832.jpg,2.771814581386922,0.0,0,0,0,5.040421361939371,0,7.774807191025842,1
clean_p_833.jpg,6.928689063425707,0.7219387802559764,0,0,0,6.0377283409357325,0,5.7836260458795845,1
clean_p_834.jpg,1.1316746889864173,0,0,0,0,4.47121385422078,0,7.436210822094591,1
clean_p_835.jpg,1.4168750130395227,0,0,0,0,8.139957613750687,0,10.244855062178349,1
clean_p_836.jpg,10.621052269135152,2.09963185081908,0,0,1.0733126291999016,6.964053626285772,0,6.8894677053127555,1
clean_p_837.jpg,11.035486093367119,2.716010427155399,0,0,0,5.635089242464309,0,6.136809172400704,1
clean_p_838.jpg,1.0803442038907327,0,0,0,0,0,0,6.2543195147152355,1
clean_p_839.jpg,1.3707229082511825,0,0.3535533905932738,0,0,0,0,6.457779536164373,1
clean_p_840.jpg,1.4977150121323188,0,0,0,0,3.7233517251799535,0,8.581741786495893,1
clean_p_841.jpg,7.789677532630019,1.630851288721912,0,0,1.1983610822403388,5.506722829858106,0,8.985142057805252,1
clean_p_842.jpg,1.3606869371056547,0,0,0,0,6.565925914924586,0,6.834991016170245,1
clean_p_843.jpg,1.0113652942958402,0,0,0,0,0,0,6.7924173640895384,1
clean_p_844.jpg,2.619440357163704,2.2073110841524417,0,0,0,6.870733524744091,0,6.941712427471643,1
clean_p_845.jpg,1.4330686788560558,0.0,0,0,0,6.371888553812135,0,6.535916862345973,1
clean_p_846.jpg,0.9870728129480806,0,0,0,0,5.592102916805102,0,8.15166145083375,1
clean_p_847.jpg,1.5297677330147106,0.3861610679112644,0,0,0,6.870026145501179,0,7.1331732541581765,1
clean_p_848.jpg,4.50078372977515,4.450121219883719,0,0,3.217338104798175,6.454791848438805,0,7.271774083199357,1
clean_p_849.jpg,5.630501445528094,3.2899999818589687,0,0,0.0,6.839309501843052,3.5445962762211525,7.30242118878358,1
clean_p_850.jpg,1.6538997600241572,0,0,0,0,7.89518790105355,0,8.412154393946382,1
clean_p_851.jpg,5.7655102391112125,2.295120882880496,0,0,0,5.895620664013441,0,7.531310750998015,1
clean_p_852.jpg,1.5991666810194065,5.316185439777693,0,0,0,8.330998497532834,0,9.78386962532361,1
clean_p_853.jpg,0.8067640624726352,0,0,0,0,4.9593920257542745,0,5.866351567894925,1
clean_p_854.jpg,1.3035886246141146,0,0,0,0,0,0,6.305825589119705,1
clean_p_855.jpg,1.2146496370698905,0,0,0,0,0,0,7.24677781773001,1
clean_p_856.jpg,1.3490161997822483,0,0,0,0,0,0,6.1652185183194925,1
clean_p_857.jpg,1.3020216343587816,0,0,0,0,0,0,8.514115216904644,1
clean_p_858.jpg,4.189925967146385,1.8127104432301873,0,0,0,6.904848424263453,0,5.756237897083249,1
clean_p_859.jpg,1.346553154572836,0,0,0,0,0,0.0,7.028231459564648,1
clean_p_860.jpg,11.34008055705586,0.3577708763999651,0,0,1.535075494088902,7.358661264865931,0,6.038471244304891,1
clean_p_861.jpg,1.1316965379477184,1.0046189622236208,0,0,0,6.368318020602762,0,7.114068449429497,1
clean_p_862.jpg,1.5929644560018397,2.3029541469032435,0,0,0,1.8165956530975613,0,7.629395632464682,1
clean_p_863.jpg,1.0445932015062944,0,0,0,0,5.964000514309063,0,6.380764252010597,1
clean_p_864.jpg,1.573635095177909,0,0,0,0,0,0,5.966860523220036,1
clean_p_865.jpg,1.1326705063047147,0,0,0,0,0,0,6.38838487289482,1
clean_p_866.jpg,1.102464258613375,3.5355339059327378,0,0,0,5.81959036766699,0,8.152192041080665,1
clean_p_867.jpg,3.6176546259102764,0.9006427745823576,0,0,0,8.093201252522372,0,7.015430144313042,1
clean_p_868.jpg,1.114099683062146,0.0,0,0,0,6.843267199436211,0,8.051937217648959,1
clean_p_869.jpg,1.6932341099768184,2.5586889003723914,0.38490017945975324,0.0,0,0.0,0.0,8.745304385505245,1
clean_p_870.jpg,1.1516174557567256,0,0,0,0,0,0.3535533905932738,7.069252616275057,1
clean_p_871.jpg,13.328039908695267,0.9933829107799819,0,0,0.4244471277191366,5.823036138787602,0,6.874102770743577,1
clean_p_872.jpg,0.8547359805042344,0,0,0,0,0,0,6.199608082520273,1
clean_p_873.jpg,1.4752356890169998,0,0,0,0,0,0,6.144446929571763,1
clean_p_874.jpg,9.415993473847767,1.1904524321516587,0,0,1.4743171677461757,7.026074009031144,0,6.7293222544806595,1
clean_p_875.jpg,0.86500561703219,0,0,0,0,5.168617926389068,0,6.358053491495704,1
clean_p_876.jpg,1.353611154199821,0,0,0,0,0,0,6.2865626635560306,1
clean_p_877.jpg,0.9959705537841494,1.0606601717798212,0,0,0,7.129745906532791,0,7.706802561036749,1
clean_p_878.jpg,14.062603697425933,3.015120647985695,0,0,1.8767995511609759,7.315418743576002,0,6.148288143679026,1
clean_p_879.jpg,1.1788848280385416,0,0,0,0,0,0,6.316738864808571,1
clean_p_880.jpg,1.1181768379091723,0,0.0,0,0,0,0.7071067811865476,8.450514553343542,1
clean_p_881.jpg,3.2332254925365844,4.0434706505558635,0,0.0,0,6.4682707744207315,0,8.617707218686702,1
clean_p_882.jpg,0.9324966901316366,0,0,0,0,4.670045876479481,0,6.447065521649253,1
clean_p_883.jpg,1.4562121770349619,0,0,0,0,6.798844361284458,0,7.309009581373674,1
clean_p_884.jpg,8.406461618521236,3.086987611931655,0,0.3535533905932738,0,6.120832541404801,0,8.398279855843123,1
clean_p_885.jpg,0.9039587814859487,0,0,0,0,0,0,6.859026849391176,1
clean_p_886.jpg,1.573192174046468,0,0,0,0,0,0,8.351044184037312,1
clean_p_887.jpg,9.696157947958918,4.152032392021054,0,0,0,6.19384687850356,0,7.915758222076169,1
clean_p_888.jpg,3.97841500203919,2.3756016989338895,0,0,0,5.064004253952049,0,5.847918656831083,1
clean_p_889.jpg,1.7187496592067661,0.8719125423352276,0,0,0,6.714668265937205,0,8.81283347328462,1
clean_p_890.jpg,4.152883722055718,3.2311911627795538,0,0,0,8.545274510136055,0,9.087031096739075,1
clean_p_891.jpg,1.9480341112633912,0,0,0,0,0,0,7.332869354319,1
clean_p_892.jpg,4.992576775585876,3.2044629815953387,0,0,0,6.283650199006806,0,8.238733592645103,1
clean_p_893.jpg,1.7009099774315777,0,0,0,0,0,0,5.738976126309687,1
clean_p_894.jpg,1.8495991256958217,0,0,0,0,4.775091543620202,0,4.552804406469045,1
clean_p_895.jpg,1.1820198916156732,0,0,0,0,5.747091037825944,0,6.1180157879176935,1
clean_p_896.jpg,15.707220204518194,2.614364691043341,0,0,0,2.5252700627283833,0,6.587344404708954,1
clean_p_897.jpg,4.2246799950886125,2.1829491046513327,0,0,0,3.6993665064656427,0,7.068216073390955,1
clean_p_898.jpg,1.4199509354488726,0,0,0,0,0,0,6.53329123013347,1
clean_p_899.jpg,0.9195229690943824,2.231172271225349,0,0.0,0,7.012774136874349,0,7.567258813086068,1
clean_p_900.jpg,1.2364780358040706,1.2308819019621884,0,0,0,5.541534245842952,1.5099695203066097,7.286001351995037,1
clean_p_901.jpg,7.809529347170626,2.2372742831143193,0,0,0,5.038214251029115,0,8.258210162710785,1
clean_p_902.jpg,1.3724188058905316,1.5870567494224899,0,0,0,5.831947556056048,0,7.581745360969949,1
clean_p_903.jpg,1.5558818396965128,0,0,0,0,7.75703793659693,0,10.88294924899232,1
clean_p_904.jpg,3.2806818431112976,2.342520199930491,0,0,0,4.809625327858332,0,6.761289896199318,1
clean_p_905.jpg,1.5017396192533705,2.0497873097656027,0,0,0,7.354156957430863,0,6.864124867201174,1
clean_p_906.jpg,1.8291752354652304,0.962250448649374,0,0,0,7.730132054539934,0,8.153502405524382,1
clean_p_907.jpg,10.953638596874955,2.1979012719031665,0,0,0,6.262435563600015,0,9.738082379324977,1
clean_p_908.jpg,21.46804886721174,0.0,0,0,0,5.458474464618212,0,5.1167092275143755,1
clean_p_909.jpg,8.447907088918603,2.626568328236396,0,0,1.1111401032822683,9.211251957077824,0,6.4618882486122065,1
clean_p_910.jpg,10.17119744677728,0.8501969433013679,0,0,0,7.288713852079837,0,6.1057457741073895,1
clean_p_911.jpg,1.6548391177434798,0,0,0,0,0,0,5.878115440296786,1
clean_p_912.jpg,1.5751018161821349,0,0,0,0,0,0,5.548906266191972,1
clean_p_913.jpg,1.5531943890901219,1.1910854854359858,0,0,0,6.981705993047685,0,6.871950916237153,1
clean_p_914.jpg,1.7151785122892502,0.5928765986693043,0,0,0,4.154424948114642,0,7.727860125771728,1
clean_p_915.jpg,14.665898319504748,0,0,0,3.004692319029879,4.123061214373731,0.0,8.633225619265444,1
clean_p_916.jpg,1.5461903601734903,0.0,0.0,0,0,5.372923876383041,0.0,7.6509798205735375,1
clean_p_917.jpg,0.8715013656932851,1.2781289569669554,0,0,0.0,7.921014450362206,0,7.786374374904036,1
clean_p_918.jpg,1.5473940908772326,0,0,0,0,0,0,6.1964998038825465,1
clean_p_919.jpg,8.418958724781339,3.37057452923914,0,0,2.0298695451605675,6.443658103713112,0,9.819847534262156,1
clean_p_920.jpg,1.2916082131558715,0,0,0,0,0,0,6.069386662111532,1
clean_p_921.jpg,2.1093863379215483,2.153150147006835,0,0,0,2.693226110740697,0,8.731564982469065,1
clean_p_922.jpg,3.540229048094821,4.7130180039117455,0,0,0,3.8182063000971835,0,9.071779900790515,1
clean_p_923.jpg,1.507312597306087,1.2232830765038711,0,0,0,7.730444342300011,0,9.22372594077344,1
clean_p_924.jpg,1.8975457662518025,0,2.146136709945985,0.0,0,0,0,7.1952477137285165,1
clean_p_925.jpg,1.7976395398586487,0.43636718861305585,0,0,0,4.938818448758445,0,8.421461067257267,1
clean_p_926.jpg,1.9417581838794884,0.22975242140705177,0,0,0,7.244067619526217,0,6.583671195859206,1
clean_p_927.jpg,1.4592473161642163,2.152835876418509,0,0,0,7.873226240889543,0,9.240521737134783,1
clean_p_928.jpg,1.932313473780946,0,0,0,0,5.112714469571184,0,5.714259879098126,1
clean_p_929.jpg,4.024787334352766,4.0296534555522,0,0,0,6.863443288941055,0,7.655327038192884,1
clean_p_930.jpg,1.5611355763437638,0,0,0,0,7.660715276773135,0.8871510790372945,9.859353330523021,1
clean_p_931.jpg,6.2389732517408465,3.3331661015901037,0,0,0.0,6.888583019305192,0,6.474781317243786,1
clean_p_932.jpg,1.9653195827908034,0,0,0,0,0,0,8.556680824574814,1
clean_p_933.jpg,8.084402278039658,3.0656135526975135,0,0,2.1322852340986174,7.099687756135625,0,6.554202243379741,1
clean_p_934.jpg,1.1459494826775212,0,0,0,0,7.240011689420219,0,7.864499355439252,1
clean_p_935.jpg,2.569785773745568,1.6242760996525702,0,0,0,6.728274454857035,0,6.17507437248713,1
clean_p_936.jpg,1.6382266086035557,0.3469443332443539,0,0,0,5.632292611936307,0,5.447597017527159,1
clean_p_937.jpg,10.40960090123216,2.9488128922219854,0,0,0,4.742451782891638,0,4.710466163409657,1
clean_p_938.jpg,3.9315655561279383,3.202189342535265,0,0,0,6.926058123083257,0,7.268109741099811,1
clean_p_939.jpg,4.423503415848208,3.396621415029506,0.0,0,0,5.989882274536638,0.0,5.991431637576485,1
clean_p_940.jpg,1.6557996282518748,0.0,0,0,0,7.648526272955457,0,8.542719396374236,1
clean_p_941.jpg,1.7726086859060313,0,0,0,0,0,0,6.608191422423681,1
clean_p_942.jpg,1.1966383402493836,4.258938708160327,0,0,0,4.109321651728389,0,7.28959395099434,1
clean_p_943.jpg,1.3449083997935607,0,0,0,0,0,0,6.516530175224386,1
clean_p_944.jpg,3.9460831363390043,0,0,0,0.4166666666666686,4.3307269835351985,0,5.41005922152281,1
clean_p_945.jpg,2.123977491012161,3.8677994676466954,0,0,0,7.725115822896472,0,8.835252461605966,1
clean_p_946.jpg,3.008792850646499,2.669668723262753,0,0,0,8.171821869512213,0,8.855482264044076,1
clean_p_947.jpg,1.413435742361566,0.0,0,0,0,6.9053974079369755,0,7.431187065304984,1
clean_p_948.jpg,8.98104529954598,0.38490017945975324,0,0,0.0,4.362968212856269,0,6.323019261737801,1
clean_p_949.jpg,1.704912335753863,2.7330003488945924,0,0,0,6.432267148762134,0,10.548889626454967,1
clean_p_950.jpg,2.0424957332519487,2.746525582946165,0,0,0,6.685949485705204,0,8.250689746095597,1
clean_p_951.jpg,1.6925272327467922,2.3365310087428304,0,0,0,6.9342765448610155,0,8.22313568750944,1
clean_p_952.jpg,1.3377398369854276,0,0,0,0,2.4317562022345145,0,6.745552094668182,1
clean_p_953.jpg,1.0696553243678937,0,0,0,0,5.661496276392476,0,6.40230014528927,1
clean_p_954.jpg,1.2953527344155928,0,0,0,0,0,0,6.725584112741627,1
clean_p_955.jpg,1.5712323559765886,0,0,0,0.0,7.121434082902794,0,7.98614127375072,1
clean_p_956.jpg,1.1656434728206388,0,0,0,0,6.81557927175101,0,8.036389139965896,1
clean_p_957.jpg,1.2777554238362208,1.3877773329774203,0,0,0,6.006023843874483,0,6.868950340860766,1
clean_p_958.jpg,8.02971571679421,0.0,0,0,1.8120609302158734,7.171231217325018,0,6.186709469404512,1
clean_p_959.jpg,1.4178900254251623,0.607667062838906,0,0,0,1.0391402999538422,0,6.691756314224897,1
clean_p_960.jpg,1.9494808197601556,1.445523911232018,0,0,0,8.018398582429503,0,6.976970244098068,1
clean_p_961.jpg,2.32295366824307,1.0606601717798212,0.0,0,0,10.39982492766324,0,6.664306692302456,1
clean_p_962.jpg,1.778649574341928,2.230854116341597,0,0,0,6.932492045850357,0,7.523514036912118,1
clean_p_963.jpg,1.8586923676231135,3.159289652930086,0,0,0,6.509506032348688,0,6.8262835371116335,1
clean_p_964.jpg,1.221646706381207,0,0,0,0,0,0,5.551748202370516,1
clean_p_965.jpg,8.106067872583665,2.081466170091064,0,0,3.4379895943882066,5.644634646092241,0,7.097480317768468,1
clean_p_966.jpg,1.1621777192610077,0,0,0,0,10.45853021970176,0,8.103501463944376,1
clean_p_967.jpg,1.9963455220005037,0,0,0,0,7.051535250305589,0,4.91176424570932,1
clean_p_968.jpg,2.0420044064093585,3.2248135614875646,0,0,0,7.16925324105068,0,6.047422429585303,1
clean_p_969.jpg,1.472314589052238,0,0,0,0,0,0,5.735410094591838,1
clean_p_970.jpg,1.084685572420231,0,0,0,0,0,0,4.824678168847449,1
clean_p_971.jpg,1.6435649852688938,0,0,0,0,5.572265883573353,0,7.492232665009973,1
clean_p_972.jpg,1.218374426500063,0,0,0,0,0,0,7.231542150603818,1
clean_p_973.jpg,2.0707687480022363,0,0,0,0,6.980174627480934,0,6.613343874711259,1
clean_p_974.jpg,3.432448644996225,0,3.284362500857214,0,0,6.876097628033932,2.5508713108356633,7.052632716775437,1
clean_p_975.jpg,4.455937203322423,0.0,0,0,0,8.95301317181349,0.0,7.54157731518153,1
clean_p_976.jpg,1.951353154896902,0,0,0,0,7.153036487640344,0,5.459449595133785,1
clean_p_977.jpg,1.387609553690761,0.9166666666666663,0,0,0,6.76973919447123,0,5.816018977584468,1
clean_p_978.jpg,2.5575912247384287,0.0,0,0,0,6.017283294001708,0,7.738535469349451,1
clean_p_979.jpg,13.18830825086615,1.6738544354960518,0,0,0.3535533905932738,7.741166965416766,0,3.166296552558236,1
clean_p_980.jpg,1.40831581736057,0.0,0,0,0,4.338994841322105,0,4.452268187786554,1
clean_p_981.jpg,2.4469293936680416,0,0,0,0,0,0,3.021155468013593,1
clean_p_982.jpg,1.685015957973178,0,0,0,0,0,0,3.317020074006744,1
clean_p_983.jpg,1.6317111617707416,3.4293706715830794,0,0,0,4.583552456214232,0,5.67124471507717,1
clean_p_984.jpg,2.268170822457705,0,0,0,0,3.520314750964906,0,3.2745172421485265,1
clean_p_985.jpg,2.4181913687122045,0,0,0,0,4.066813382986969,1.2689453188464124,4.751462824065488,1
clean_p_986.jpg,2.0726242731495716,2.140170827868322,0,0,0,8.411960264666176,0,5.834624477036822,1
clean_p_987.jpg,1.4835330039192078,0.0,0,0,0,5.658834210616983,0,4.960931145623774,1
clean_p_988.jpg,1.0635238956380262,0.0,0,0,0,7.619190692615793,0,5.560968652184532,1
clean_p_989.jpg,3.324285460124654,1.6205423189190102,0,0,0,7.480145884195929,0,7.4338480645446126,1
clean_p_990.jpg,1.173534633069908,0,0,0,0,8.271209718562206,0,6.218786566068431,1
clean_p_991.jpg,1.5815292015372213,0,0,0,0,0,0,5.724387352556828,1
clean_p_992.jpg,2.5259537418302536,0,0,0,0,4.186472518380688,5.043678426431999,5.2308891307432654,1
clean_p_993.jpg,1.2686738263570514,0,0,0,0,0,0.0,3.360729466428897,1
clean_p_994.jpg,1.2892328178490797,0,0,0,0,0,0,5.449895666113743,1
clean_p_995.jpg,4.0777894745446,0.6938886664887125,4.822785425380155,0,0,6.415588480636676,1.7677669529663689,7.4571813631667325,1
clean_p_996.jpg,1.7156498238681903,0,0,0,0,0,0,3.9059228359544846,1
clean_p_997.jpg,0.9692628924446703,2.7177333695494164,0,0,0,4.6627403356743296,0,7.310715282767425,1
clean_p_998.jpg,9.75340656457393,1.773321337376112,0,0,0,6.357495406966858,3.5118845842842465,5.285107884960813,1
clean_p_999.jpg,1.3841809662510263,0,0,0,0,0,0,3.905796800027065,1
clean_p_1000.jpg,1.3586701184368473,2.8470067717916607,0,0,0,6.705527411907255,0,6.304548312556698,1
clean_p_1001.jpg,1.580496368815069,0,0,0,0,0,0,3.243331646407923,1
clean_p_1002.jpg,1.9250721653120748,0,0,0,0,5.2969616424187915,0.0,7.18036105619118,1
clean_p_1003.jpg,1.8584081000920512,0,0,0,0.0,5.381209922297715,0.0,5.781907111032287,1
clean_p_1004.jpg,9.121688980551294,1.076421477655876,0,0,0,2.92931197503997,0,3.855825741326733,1
clean_p_1005.jpg,2.152130351771264,0,0,0,0,2.5975454448332544,0,2.9968335689128884,1
clean_p_1006.jpg,1.1627906307548397,0,0,0,0,0,0,7.648973878911882,1
clean_p_1007.jpg,1.3801202513945738,0,0,0,0,1.742469169723863,0,5.860756844434934,1
clean_p_1008.jpg,1.3807555141833736,0,0,0,0,0,0,6.180283375333632,1
clean_p_1009.jpg,0.9755924643239912,0,0,0,0,0,0,7.733025766645679,1
clean_p_1010.jpg,1.5093427441671805,0.6228097352404954,0,0,0,7.789250990262271,0,7.011018476241749,1
clean_p_1011.jpg,2.130743152505645,3.3443582259456317,0,0,0.6533673460534215,6.972121927898384,0,9.189991111910146,1
clean_p_1012.jpg,1.1661312291461579,0,0,0,0,0,0,7.807182566044912,1
clean_p_1013.jpg,2.5951634150389964,0,0,0,0,6.0544270106598095,0,6.778622894587857,1
clean_p_1014.jpg,1.54814490849318,0,0,0,0,4.052793918414622,0,8.13531575688241,1
clean_p_1015.jpg,5.385655800667595,2.234148255615067,0,0,0,6.7134755935102035,0,8.803727393217905,1
clean_p_1016.jpg,1.4110202244835257,0,0,0,0,0,0,6.847761769176279,1
clean_p_1017.jpg,9.914864289039276,1.7083970131576844,0,0,0,7.152835734738618,0,7.596417072952415,1
clean_p_1018.jpg,1.0773656752598249,0,0,0,0,5.4910315759261215,0,8.970909876002933,1
clean_p_1019.jpg,2.513607098685218,0,0,0,0,1.4742832584102943,0,13.05300011652813,1
clean_p_1020.jpg,2.234124201285714,0,0,0,0,8.288877094626061,0,7.891504986164001,1
clean_p_1021.jpg,1.214284175604099,1.783735676316131,0,0,0,6.514663435566455,0,8.715697402820801,1
clean_p_1022.jpg,1.2183285698926742,0,0,0,0,2.985202834439271,0,8.560476971502911,1
clean_p_1023.jpg,3.381779829741052,0.3535533905932738,1.0754843869934458,0.0,0.0,7.284489530829757,4.820538310256964,7.756338608039997,1
clean_p_1024.jpg,1.9750615606633246,5.927413077477335,0,0,0,2.01952385279939,0,7.475107213800503,1
clean_p_1025.jpg,3.0262691569135254,0.0,0,0,0.0,7.427553826845794,0,7.479072830066998,1
clean_p_1026.jpg,1.6921883522336896,0,0,0,0,0.8333333333333371,0,9.019094275763857,1
clean_p_1027.jpg,9.986514139909076,3.927258572368182,0,0.0,0,3.119305341834954,0,9.099233413698714,1
clean_p_1028.jpg,1.7219569841680056,0,0,0,0,0,0,7.840398110022503,1
clean_p_1029.jpg,3.136748138035054,3.8484632726412276,0,0,0,5.64502261575102,0.0,9.707341290009467,1
clean_p_1030.jpg,1.382407991993055,0,0,0,0,0,0,5.364243500747975,1
clean_p_1031.jpg,1.0732866565152606,0,0,0,0,0,0,8.087733643190049,1
clean_p_1032.jpg,1.1965620651489204,0,0,0,0,0,0,6.41048639778496,1
clean_p_1033.jpg,1.7262610008371193,0,0,0,0,0,0,6.0848295805296715,1
clean_p_1034.jpg,5.300652364458616,1.651542488885037,0,0,0,6.0800204364040935,0,8.233787982672602,1
clean_p_1035.jpg,1.6968025175552552,0,0,0,0,0,0,7.759819325367953,1
clean_p_1036.jpg,1.2991315560099892,0,0,0,0,5.430875760079636,0,8.91540538236765,1
clean_p_1037.jpg,1.3527195236603045,0.0,0,0,0,3.2390601574912856,0,10.048414178693454,1
clean_p_1038.jpg,1.2795654466495228,1.6890399286715958,0,0,0,7.751203654742122,0,10.597202312116204,1
clean_p_1039.jpg,1.3330925949418941,0,0,0,0,0,0,7.274575747303884,1
clean_p_1040.jpg,1.5055511683575578,0,0,0,0,6.72979551458113,0,7.04002820542148,1
clean_p_1041.jpg,2.002698846778795,0.38490017945975324,0,0,0,6.547332170520345,0,6.207199876025096,1
clean_p_1042.jpg,1.4424181442442074,0,0,0,0,0,0,6.495763442181765,1
clean_p_1043.jpg,4.721771696425971,2.4748737341529163,0,0,0,6.598661471325431,0,8.956757482643985,1
