filename,Bins0,Bins1,Bins2,Bins3,Bins4,Bins5,Bins6,Bins7,Class
transformed_image_covid_1.png,4722,15567,4,7683,12061,1,8864,16634,0
transformed_image_covid_2.png,6556,13701,25,9956,9437,0,12114,13747,0
transformed_image_covid_3.png,10512,12249,1,11502,7743,2,9619,13908,0
transformed_image_covid_4.png,7987,11854,2,10419,11895,9,11931,11439,0
transformed_image_covid_5.png,7761,14159,4,10898,10560,9,9153,12992,0
transformed_image_covid_6.png,6665,12042,3,10858,10996,3,9730,15239,0
transformed_image_covid_7.png,6315,15264,4,7683,7993,7,16893,11377,0
transformed_image_covid_8.png,4926,15363,2,6101,14099,7,11763,13275,0
transformed_image_covid_9.png,5834,13809,14,6456,12284,4,13075,14060,0
transformed_image_covid_10.png,8033,11732,0,7710,9601,3,18237,10220,0
transformed_image_covid_11.png,8197,13370,0,10405,9651,4,9232,14677,0
transformed_image_covid_12.png,7107,11004,0,9153,14472,0,10265,13535,0
transformed_image_covid_13.png,7633,13209,0,8071,9872,13,17331,9407,0
transformed_image_covid_14.png,10765,10968,0,11293,8875,1,13425,10209,0
transformed_image_covid_15.png,8817,11171,0,12440,11924,2,10693,10489,0
transformed_image_covid_16.png,6590,16130,0,12023,8151,0,6477,16165,0
transformed_image_covid_17.png,8835,10718,0,15481,9591,0,8077,12834,0
transformed_image_covid_18.png,5805,13563,0,10296,11602,0,9172,15098,0
transformed_image_covid_19.png,6181,13243,35,10573,11650,0,4680,19174,0
transformed_image_covid_20.png,7507,14124,0,12738,8539,0,9606,13022,0
transformed_image_covid_21.png,8930,9586,0,13335,13007,0,6578,14100,0
transformed_image_covid_22.png,8096,6445,1,12767,14399,0,5216,18612,0
transformed_image_covid_23.png,9141,13453,0,12318,7935,0,7707,14982,0
transformed_image_covid_24.png,11195,11020,3,9481,8205,14,15309,10309,0
transformed_image_covid_25.png,9553,14856,0,12390,4715,1,12901,11120,0
transformed_image_covid_26.png,6540,13457,1,11814,10126,1,7360,16237,0
transformed_image_covid_27.png,9370,10777,0,14515,8908,0,5556,16410,0
transformed_image_covid_28.png,10221,11236,0,10342,10085,0,12602,11050,0
transformed_image_covid_29.png,9177,13758,1,13256,7783,0,6941,14620,0
transformed_image_covid_30.png,6605,10442,0,10401,14831,0,6869,16388,0
transformed_image_covid_31.png,7663,10826,0,8922,15394,0,8032,14699,0
transformed_image_covid_32.png,5277,13828,22,11519,12049,1,5248,17592,0
transformed_image_covid_33.png,7060,13597,1,9918,10648,0,10058,14254,0
transformed_image_covid_34.png,7883,11652,2,11326,11199,0,6261,17213,0
transformed_image_covid_35.png,5745,10892,13,11468,14321,0,5776,17321,0
transformed_image_covid_36.png,5796,10739,0,11502,12692,0,7713,17094,0
transformed_image_covid_37.png,6193,12912,11,7706,13585,3,10206,14920,0
transformed_image_covid_38.png,8572,11886,0,11651,11210,1,11094,11122,0
transformed_image_covid_39.png,5399,13709,10,7186,13305,0,10090,15837,0
transformed_image_covid_40.png,10113,9819,0,10765,11728,1,13836,9274,0
transformed_image_covid_41.png,10222,9858,0,8442,12930,2,12635,11447,0
transformed_image_covid_42.png,7055,13895,0,11002,10269,0,8927,14388,0
transformed_image_covid_43.png,9427,11777,0,10205,10216,20,12672,11219,0
transformed_image_covid_44.png,7525,11438,0,9671,14324,1,10481,12096,0
transformed_image_covid_45.png,6195,8079,11,12563,14854,3,7497,16334,0
transformed_image_covid_46.png,9220,10781,0,13697,11232,2,9806,10798,0
transformed_image_covid_47.png,12239,10269,19,5576,9915,0,8424,19094,0
transformed_image_covid_48.png,9029,12003,0,11019,11366,8,10834,11277,0
transformed_image_covid_49.png,4567,15799,0,7637,11992,0,8679,16862,0
transformed_image_covid_50.png,6576,16251,0,11184,7654,0,6928,16943,0
transformed_image_covid_51.png,5441,14996,0,9812,11355,0,7689,16243,0
transformed_image_covid_52.png,5315,15063,16,11583,10391,0,5606,17562,0
transformed_image_covid_53.png,8582,14529,6,12127,7150,0,7062,16080,0
transformed_image_covid_54.png,10567,12841,0,13034,7795,0,9487,11812,0
transformed_image_covid_55.png,11365,11599,1,15091,6847,2,6004,14627,0
transformed_image_covid_56.png,11780,11222,0,14295,6696,1,8673,12869,0
transformed_image_covid_57.png,9009,13237,0,11951,8590,4,8969,13776,0
transformed_image_covid_58.png,8575,13794,1,14053,7045,0,9516,12552,0
transformed_image_covid_59.png,13240,9836,1,15714,7544,5,7753,11443,0
transformed_image_covid_60.png,7299,11036,4,11464,13153,2,8792,13786,0
transformed_image_covid_61.png,5139,14098,4,10225,12500,0,7239,16331,0
transformed_image_covid_62.png,9943,11868,1,12754,7949,0,10400,12621,0
transformed_image_covid_63.png,6611,16250,0,11110,7961,0,9305,14299,0
transformed_image_covid_64.png,8093,12737,4,10504,10817,2,12148,11231,0
transformed_image_covid_65.png,7134,16254,3,10705,8131,0,7935,15374,0
transformed_image_covid_66.png,6518,15538,1,11016,9246,0,8797,14420,0
transformed_image_covid_67.png,8380,15756,0,9987,7813,0,8966,14634,0
transformed_image_covid_68.png,11810,11699,0,13148,6688,1,9105,13085,0
transformed_image_covid_69.png,3899,14155,32,9439,14712,1,7985,15313,0
transformed_image_covid_70.png,12255,10270,0,11971,10623,7,12749,7661,0
transformed_image_covid_71.png,5199,14442,0,8526,12056,0,8571,16742,0
transformed_image_covid_72.png,7949,9970,0,13120,13717,0,10410,10370,0
transformed_image_covid_73.png,6869,13412,5,11389,9896,0,5751,18214,0
transformed_image_covid_74.png,5408,12925,4,8875,13152,0,7973,17199,0
transformed_image_covid_75.png,7779,10215,0,13071,13727,0,10013,10731,0
transformed_image_covid_76.png,6704,16843,1,9533,9255,2,9338,13860,0
transformed_image_covid_77.png,19584,8706,51,6732,3377,0,4908,22178,0
transformed_image_covid_78.png,6411,10265,6,13081,12580,1,5923,17269,0
transformed_image_covid_79.png,15724,11408,0,13851,1671,0,8102,14780,0
transformed_image_covid_80.png,8350,10805,0,11340,16080,0,6824,12137,0
transformed_image_covid_81.png,9120,13585,0,12308,7481,0,7908,15134,0
transformed_image_covid_82.png,4659,12942,1,9304,13897,0,8065,16668,0
transformed_image_covid_83.png,7879,14357,0,13467,8400,0,7229,14204,0
transformed_image_covid_84.png,12839,9949,0,17352,8090,0,10273,7033,0
transformed_image_covid_85.png,14386,10329,0,18614,6719,18,10399,5071,0
transformed_image_covid_86.png,6688,13565,2,10627,10711,0,6795,17148,0
transformed_image_covid_87.png,7729,12072,5,10503,11194,0,7703,16330,0
transformed_image_covid_88.png,6932,14264,0,10590,9291,0,8442,16017,0
transformed_image_covid_89.png,9260,10532,0,8340,12968,0,14814,9622,0
transformed_image_covid_90.png,8305,10494,4,14858,11762,4,7504,12605,0
transformed_image_covid_91.png,7756,10375,0,10304,13642,0,8291,15168,0
transformed_image_covid_92.png,5367,13027,1,11988,12105,0,6623,16425,0
transformed_image_covid_93.png,6557,14258,5,9945,10238,0,4038,20495,0
transformed_image_covid_94.png,7453,14017,3,12752,9342,1,4369,17599,0
transformed_image_covid_95.png,9620,13457,0,12681,8507,0,7356,13915,0
transformed_image_covid_96.png,6352,13955,0,10666,11503,0,9479,13581,0
transformed_image_covid_97.png,5419,14428,1,9809,11421,0,6822,17636,0
transformed_image_covid_98.png,6878,13551,0,8851,10281,0,13448,12527,0
transformed_image_covid_99.png,8635,8151,5,10331,14171,0,5691,18552,0
transformed_image_covid_100.png,7352,14018,0,11800,9646,0,8150,14570,0
transformed_image_covid_101.png,5429,13664,2,9550,13497,0,8584,14810,0
transformed_image_covid_102.png,5935,15337,0,9885,10110,0,7058,17211,0
transformed_image_covid_103.png,6081,13773,1,12967,10736,0,8244,13734,0
transformed_image_covid_104.png,6537,16351,0,12214,8896,0,8802,12736,0
transformed_image_covid_105.png,8442,11028,0,11623,13749,0,7513,13181,0
transformed_image_covid_106.png,8329,11568,0,8945,12549,0,12316,11829,0
transformed_image_covid_107.png,7011,10498,0,10231,14999,0,8586,14211,0
transformed_image_covid_108.png,16432,6503,13,10788,5124,0,3258,23418,0
transformed_image_covid_109.png,7901,8795,1,13005,13903,0,8300,13631,0
transformed_image_covid_110.png,9258,10316,0,16052,9959,0,5354,14597,0
transformed_image_covid_111.png,9523,10713,0,7145,11784,1,14702,11668,0
transformed_image_covid_112.png,7431,11307,0,10781,16135,0,8319,11563,0
transformed_image_covid_113.png,11132,13237,0,13579,6920,0,8292,12376,0
transformed_image_covid_114.png,7441,11891,6,11966,10846,0,7068,16318,0
transformed_image_covid_115.png,7922,12361,0,10718,10895,0,10379,13261,0
transformed_image_covid_116.png,9248,9805,0,11878,13493,0,8573,12539,0
transformed_image_covid_117.png,7080,12959,0,9649,11521,1,10462,13864,0
transformed_image_covid_118.png,8921,11234,0,9704,12315,0,10850,12512,0
transformed_image_covid_119.png,10980,8247,0,14099,10942,0,9976,11292,0
transformed_image_covid_120.png,10099,9339,0,8165,12897,2,14282,10752,0
transformed_image_covid_121.png,11813,11727,0,12649,7990,1,9377,11979,0
transformed_image_covid_122.png,7647,13670,0,9686,10510,0,14397,9626,0
transformed_image_covid_123.png,9429,11388,0,6947,11918,4,14492,11358,0
transformed_image_covid_124.png,9927,11756,0,12403,9424,4,12825,9197,0
transformed_image_covid_125.png,8596,15584,0,10131,7643,0,8867,14715,0
transformed_image_covid_126.png,11337,11781,0,13173,6953,2,9101,13189,0
transformed_image_covid_127.png,8513,7611,4,11037,14760,0,7147,16464,0
transformed_image_covid_128.png,9895,15273,0,11330,7240,2,7532,14264,0
transformed_image_covid_129.png,9978,14021,1,12068,7708,0,6558,15202,0
transformed_image_covid_130.png,5305,18308,0,9170,8179,0,10646,13928,0
transformed_image_covid_131.png,6844,13028,0,12821,11103,0,6876,14864,0
transformed_image_covid_132.png,6159,10720,34,9305,14659,0,5277,19382,0
transformed_image_covid_133.png,6973,12637,2,12467,10782,0,8154,14521,0
transformed_image_covid_134.png,6804,13838,2,11855,10754,1,6826,15456,0
transformed_image_covid_135.png,6168,13555,3,4530,11140,2,15151,14987,0
transformed_image_covid_136.png,7269,12349,0,10910,14075,0,7778,13155,0
transformed_image_covid_137.png,7670,12895,0,11633,12346,3,9184,11805,0
transformed_image_covid_138.png,8176,11435,1,2984,12117,1,14215,16607,0
transformed_image_covid_139.png,7113,9424,0,13348,13443,0,6051,16157,0
transformed_image_covid_140.png,7248,11236,1,12176,12777,1,8535,13562,0
transformed_image_covid_141.png,8543,12171,1,11849,10843,0,9394,12735,0
transformed_image_covid_142.png,9701,10194,0,11310,12271,6,9839,12215,0
transformed_image_covid_143.png,8081,12305,0,12443,10130,0,6335,16242,0
transformed_image_covid_144.png,8355,10847,5,12617,11374,2,6256,16080,0
transformed_image_covid_145.png,6946,10977,3,11293,13813,0,7940,14564,0
transformed_image_covid_146.png,7281,11357,10,10683,12204,1,7647,16353,0
transformed_image_covid_147.png,7196,9714,0,9146,14190,1,10699,14590,0
transformed_image_covid_148.png,7181,13867,3,10894,9445,0,6842,17304,0
transformed_image_covid_149.png,9021,10707,0,8866,11279,0,14082,11581,0
transformed_image_covid_150.png,10097,8885,2,6465,13440,0,11607,15040,0
transformed_image_covid_151.png,8385,11567,0,9618,12062,2,11657,12245,0
transformed_image_covid_152.png,5871,12092,0,8168,13685,0,11740,13980,0
transformed_image_covid_153.png,10172,9844,4,8691,12721,9,11476,12619,0
transformed_image_covid_154.png,5553,13048,0,7653,12636,0,11421,15225,0
transformed_image_covid_155.png,5382,15610,1,9627,9976,0,7559,17381,0
transformed_image_covid_156.png,11403,7969,0,7745,12235,0,12799,13385,0
transformed_image_covid_157.png,7904,13834,5,8727,9424,0,4970,20672,0
transformed_image_covid_158.png,8842,9755,0,11658,11924,0,9840,13517,0
transformed_image_covid_159.png,8684,8254,4,11157,16356,0,6650,14431,0
transformed_image_covid_160.png,5036,11911,12,9004,14801,0,8891,15881,0
transformed_image_covid_161.png,4674,12987,0,8552,14297,0,9052,15974,0
transformed_image_covid_162.png,7783,13254,0,11140,10984,1,7777,14597,0
transformed_image_covid_163.png,8354,12828,1,12229,9543,0,6589,15992,0
transformed_image_covid_164.png,6041,10734,12,12956,13484,1,5506,16802,0
transformed_image_covid_165.png,10125,13391,0,13308,8107,0,8277,12328,0
transformed_image_covid_166.png,5386,12496,0,9628,12062,0,9829,16135,0
transformed_image_covid_167.png,9067,13149,6,12147,7532,1,4024,19610,0
transformed_image_covid_168.png,6464,11941,0,9492,12659,1,9777,15202,0
transformed_image_covid_169.png,7632,10914,0,12394,11922,0,11076,11598,0
transformed_image_covid_170.png,5674,13481,1,10648,11916,0,5813,18003,0
transformed_image_covid_171.png,9600,11746,0,13531,9654,10,8208,12787,0
transformed_image_covid_172.png,8171,12329,0,12426,10785,3,9460,12362,0
transformed_image_covid_173.png,9538,11034,0,14225,10178,0,9140,11421,0
transformed_image_covid_174.png,8078,11318,1,9944,12075,0,9351,14769,0
transformed_image_covid_175.png,9385,11141,0,14063,10264,0,8821,11862,0
transformed_image_covid_176.png,7007,13163,0,9263,11226,0,9065,15812,0
transformed_image_covid_177.png,9743,10111,0,11541,12393,4,9230,12514,0
transformed_image_covid_178.png,8658,13453,0,12577,9464,0,9341,12043,0
transformed_image_covid_179.png,8211,12247,3,5203,13257,0,15613,11002,0
transformed_image_covid_180.png,8532,13049,0,8345,5677,2,18539,11392,0
transformed_image_covid_181.png,6275,12542,1,10399,14351,0,10345,11623,0
transformed_image_covid_182.png,5010,9467,0,6034,0,0,36176,8849,0
transformed_image_covid_183.png,8123,11690,0,7877,12687,0,13049,12110,0
transformed_image_covid_184.png,7946,12981,0,12463,9444,0,7185,15517,0
transformed_image_covid_185.png,9291,7506,3,12648,13140,0,6789,16159,0
transformed_image_covid_186.png,7077,11574,0,9176,12383,0,12583,12743,0
transformed_image_covid_187.png,5674,14187,2,8739,11872,0,7566,17496,0
transformed_image_covid_188.png,9805,12744,0,12399,8199,0,9962,12427,0
transformed_image_covid_189.png,8011,10841,1,14288,12059,1,4879,15456,0
transformed_image_covid_190.png,8376,13436,19,11449,10199,7,6485,15565,0
transformed_image_covid_191.png,5260,13959,1,10282,11854,0,6055,18125,0
transformed_image_covid_192.png,7254,11414,1,8786,15317,3,9774,12987,0
transformed_image_covid_193.png,6299,13036,9,10267,10979,0,12451,12495,0
transformed_image_covid_194.png,7174,11495,0,9428,13620,0,10579,13240,0
transformed_image_covid_195.png,5404,12962,5,8786,13126,1,8141,17111,0
transformed_image_covid_196.png,7673,13890,0,12757,8920,0,9066,13230,0
transformed_image_covid_197.png,6917,13966,0,11030,10352,0,8711,14560,0
transformed_image_covid_198.png,13245,10003,1,15653,7310,5,7708,11611,0
transformed_image_covid_199.png,8635,11764,0,11691,11351,1,10915,11179,0
transformed_image_covid_200.png,7774,10254,0,12947,13610,0,10139,10812,0
transformed_image_covid_201.png,8065,9915,0,12962,13659,0,10482,10453,0
transformed_image_covid_202.png,9611,14946,0,12166,4727,2,12908,11176,0
transformed_image_covid_203.png,7958,13151,0,11630,10399,2,9668,12728,0
transformed_image_covid_204.png,7485,11391,0,9775,14282,2,10593,12008,0
transformed_image_covid_205.png,5214,13412,9,7356,16431,2,9531,13581,0
transformed_image_covid_206.png,7137,13426,0,10077,10693,0,10050,14153,0
transformed_image_covid_207.png,6858,11179,12,11384,14593,1,6777,14732,0
transformed_image_covid_208.png,7815,10505,31,7356,16130,4,9377,14318,0
transformed_image_covid_209.png,8078,13881,0,11981,9374,1,9084,13137,0
transformed_image_covid_210.png,7160,13736,0,9036,10846,0,11964,12794,0
transformed_image_covid_211.png,9444,11882,0,10322,10113,13,12839,10923,0
transformed_image_covid_212.png,9301,10823,0,13706,11222,2,9541,10941,0
transformed_image_covid_213.png,8816,11146,0,12585,11948,3,10509,10529,0
transformed_image_covid_214.png,9117,14078,0,11379,9909,1,7451,13601,0
transformed_image_covid_215.png,7247,13884,3,8791,10031,0,13394,12186,0
transformed_image_covid_216.png,12147,9733,0,15394,10217,12,11114,6919,0
transformed_image_covid_217.png,6333,11884,1,8535,13038,3,11948,13794,0
transformed_image_covid_218.png,5913,13462,4,10631,12970,0,7147,15409,0
transformed_image_covid_219.png,4591,15680,0,7528,12122,0,8862,16753,0
transformed_image_covid_220.png,8136,6075,2,12890,14633,1,4997,18802,0
transformed_image_covid_221.png,8701,10935,0,15430,9750,1,7991,12728,0
transformed_image_covid_222.png,11070,11222,2,9480,8122,16,15414,10210,0
transformed_image_covid_223.png,15094,6131,131,7190,11200,0,4882,20908,0
transformed_image_covid_224.png,6408,16498,0,10941,7851,0,6797,17041,0
transformed_image_covid_225.png,8572,13930,0,13943,7121,0,9525,12445,0
transformed_image_covid_226.png,9158,10989,0,14302,8909,0,5694,16484,0
transformed_image_covid_227.png,11711,13027,0,13882,5624,6,8388,12898,0
transformed_image_covid_228.png,10870,12407,0,14166,5911,2,10339,11841,0
transformed_image_covid_229.png,5504,13616,6,7099,13413,0,10076,15822,0
transformed_image_covid_230.png,11147,9766,0,15106,12717,1,4871,11928,0
transformed_image_covid_231.png,8248,14528,6,12430,7138,0,7034,16152,0
transformed_image_covid_232.png,7162,12617,0,10908,11452,0,7649,15748,0
transformed_image_covid_233.png,7153,11938,1,7197,16336,0,9527,13384,0
transformed_image_covid_234.png,8551,9784,3,12223,13123,1,7417,14434,0
transformed_image_covid_235.png,7532,11336,0,7434,16374,0,9367,13493,0
transformed_image_covid_236.png,8649,9419,3,12694,13098,0,7511,14162,0
transformed_image_covid_237.png,10542,14018,0,12641,5467,0,6655,16213,0
transformed_image_covid_238.png,8018,14162,2,12550,7351,0,7395,16058,0
transformed_image_covid_239.png,9797,13297,0,13781,7612,0,7858,13191,0
transformed_image_covid_240.png,8993,14316,0,11813,7863,0,9350,13201,0
transformed_image_covid_241.png,5986,13518,0,4593,11698,0,14230,15511,0
transformed_image_covid_242.png,7260,12340,1,10988,14214,1,7442,13290,0
transformed_image_covid_243.png,7910,12365,0,12447,11701,4,8714,12395,0
transformed_image_covid_244.png,7937,11358,1,3385,12489,1,13544,16821,0
transformed_image_covid_245.png,8804,13229,0,12730,9327,0,9406,12040,0
transformed_image_covid_246.png,9419,12010,2,9053,11062,4,17714,6272,0
transformed_image_covid_247.png,5570,14974,0,9026,10215,1,11527,14223,0
transformed_image_covid_248.png,8223,12186,0,5322,13096,0,15979,10730,0
transformed_image_covid_249.png,23191,3846,0,987,6397,19,15991,15105,0
transformed_image_covid_250.png,9199,11624,0,13103,9625,0,11469,10516,0
transformed_image_covid_251.png,5855,13952,1,9754,11011,0,6421,18542,0
transformed_image_covid_252.png,6264,13881,0,9462,11203,0,11403,13323,0
transformed_image_covid_253.png,10436,11755,0,13069,8801,7,10975,10493,0
transformed_image_covid_254.png,11102,13986,0,11839,6217,0,9216,13176,0
transformed_image_covid_255.png,6675,11938,0,9624,13066,0,9049,15184,0
transformed_image_covid_256.png,7875,14406,0,11708,9100,0,6371,16076,0
transformed_image_covid_257.png,7304,12747,0,9332,11757,0,12367,12029,0
transformed_image_covid_258.png,11690,14484,0,12875,5172,0,12846,8469,0
transformed_image_covid_259.png,6665,10434,5,6992,14692,0,8619,18129,0
transformed_image_covid_260.png,6536,10365,0,10598,15029,0,6927,16081,0
transformed_image_covid_261.png,8357,6737,0,14852,18249,2,4813,12526,0
transformed_image_covid_262.png,6019,13190,26,10499,11741,2,4621,19438,0
transformed_image_covid_263.png,6721,13408,5,11851,9999,0,5770,17782,0
transformed_image_covid_264.png,5915,11334,0,7887,14964,0,8749,16687,0
transformed_image_covid_265.png,24232,10972,1143,430,0,0,0,28759,0
transformed_image_covid_266.png,6198,13466,2,7879,14889,4,11767,11331,0
transformed_image_covid_267.png,6740,11696,2,7303,15118,0,10517,14160,0
transformed_image_covid_268.png,6153,8235,11,12312,15188,3,7149,16485,0
transformed_image_covid_269.png,7193,10399,0,11601,12980,0,6438,16925,0
transformed_image_covid_270.png,9074,13831,3,13330,7791,0,6924,14583,0
transformed_image_covid_271.png,6624,15870,0,12143,8242,0,6439,16218,0
transformed_image_covid_272.png,9926,12178,0,12656,8366,0,9778,12632,0
transformed_image_covid_273.png,10092,9909,0,10950,11596,0,13751,9238,0
transformed_image_covid_274.png,10178,11482,0,10448,9996,0,12470,10962,0
transformed_image_covid_275.png,8441,6715,0,14779,18115,1,4764,12721,0
transformed_image_covid_276.png,6898,10837,0,10885,12273,0,6054,18589,0
transformed_image_covid_277.png,8997,9727,0,12479,13660,1,8480,12192,0
transformed_image_covid_278.png,9627,9273,1,12317,12721,0,10441,11156,0
transformed_image_covid_279.png,8061,10569,0,9905,14144,2,10390,12465,0
transformed_image_covid_280.png,9532,9771,466,7086,12851,0,3878,21952,0
transformed_image_covid_281.png,10607,13854,0,11900,6876,0,7015,15284,0
transformed_image_covid_282.png,10909,14710,0,11454,6579,0,7245,14639,0
transformed_image_covid_283.png,7816,11437,4,11266,11361,0,6495,17157,0
transformed_image_covid_284.png,9418,12361,4,12593,8074,0,4583,18503,0
transformed_image_covid_285.png,8820,9697,0,11705,11985,0,9795,13534,0
transformed_image_covid_286.png,5557,10709,36,8966,14883,1,6411,18973,0
transformed_image_covid_287.png,9827,13475,0,13103,7938,2,7972,13219,0
transformed_image_covid_288.png,6753,12703,0,11341,13668,0,9391,11680,0
transformed_image_covid_289.png,14627,9523,49,8247,5164,0,8091,19835,0
transformed_image_covid_290.png,5896,16775,0,10169,9098,0,7265,16333,0
transformed_image_covid_291.png,7320,15819,4,10787,10130,0,6465,15011,0
transformed_image_covid_292.png,6397,9159,1,13982,14116,0,5583,16298,0
transformed_image_covid_293.png,5720,13606,10,10961,11250,0,5098,18891,0
transformed_image_covid_294.png,8474,13080,0,13580,9799,1,6964,13638,0
transformed_image_covid_295.png,6673,14345,0,11425,11828,0,5660,15605,0
transformed_image_covid_296.png,8716,8242,5,11133,16473,0,6536,14431,0
transformed_image_covid_297.png,6155,10910,10,12073,13997,0,4466,17925,0
transformed_image_covid_298.png,6220,8976,6,12480,16926,0,6350,14578,0
transformed_image_covid_299.png,6335,13715,0,12587,12651,0,7214,13034,0
transformed_image_covid_300.png,5951,12912,1,12036,14174,1,6964,13497,0
transformed_image_covid_301.png,8201,10180,3,6154,14253,0,12937,13808,0
transformed_image_covid_302.png,6417,14937,0,12151,9961,0,6646,15424,0
transformed_image_covid_303.png,3782,16193,2,9739,14448,0,7339,14033,0
transformed_image_covid_304.png,5495,13195,16,11072,12223,0,5466,18069,0
transformed_image_covid_305.png,5028,14614,7,10356,14725,3,7370,13433,0
transformed_image_covid_306.png,5631,12083,15,11379,13936,0,6372,16120,0
transformed_image_covid_307.png,8881,9566,1,13711,11409,0,7942,14026,0
transformed_image_covid_308.png,5115,11892,12,9051,14781,0,8887,15798,0
transformed_image_covid_309.png,6645,10249,4,11519,14861,0,6740,15518,0
transformed_image_covid_310.png,6804,10558,24,11404,12482,0,4063,20201,0
transformed_image_covid_311.png,5864,13351,0,11098,12666,0,5656,16901,0
transformed_image_covid_312.png,4985,13574,2,11354,12696,1,7448,15476,0
transformed_image_covid_313.png,5609,11531,17,9170,14452,1,5595,19161,0
transformed_image_covid_314.png,9769,10194,0,10378,11112,0,5351,18732,0
transformed_image_covid_315.png,5693,11196,27,11160,16155,4,5206,16095,0
transformed_image_covid_316.png,6947,9328,0,13226,13509,0,5590,16936,0
transformed_image_covid_317.png,5773,15806,0,11228,9049,0,7517,16163,0
transformed_image_covid_318.png,5320,13015,5,11035,12553,0,6538,17070,0
transformed_image_covid_319.png,4701,12962,0,8539,14344,0,8969,16021,0
transformed_image_covid_320.png,3709,15600,5,10770,12341,0,5376,17735,0
transformed_image_covid_321.png,5371,13660,0,13698,11272,0,4747,16788,0
transformed_image_covid_322.png,8314,13686,0,12530,9353,0,8342,13311,0
transformed_image_covid_323.png,6618,13335,0,10594,12505,0,7371,15113,0
transformed_image_covid_324.png,6401,16032,0,11186,8314,0,6490,17113,0
transformed_image_covid_325.png,5888,13908,1,7302,11256,0,10603,16578,0
transformed_image_covid_326.png,7365,16124,0,12111,8972,0,6427,14537,0
transformed_image_covid_327.png,6171,14902,0,12296,10679,0,5971,15517,0
transformed_image_covid_328.png,8278,15466,3,10817,7540,0,4429,19003,0
transformed_image_covid_329.png,6941,10384,0,11637,12910,0,8678,14986,0
transformed_image_covid_330.png,8034,12365,0,12584,10101,0,6285,16167,0
transformed_image_covid_331.png,6901,10190,0,12432,13042,0,6286,16685,0
transformed_image_covid_332.png,4511,13241,0,9150,14764,1,7090,16779,0
transformed_image_covid_333.png,6362,14845,1,11350,9251,0,7580,16147,0
transformed_image_covid_334.png,5533,16420,5,10966,9275,0,7203,16134,0
transformed_image_covid_335.png,6397,15020,0,12298,9525,0,8726,13570,0
transformed_image_covid_336.png,7220,10304,5,11022,13513,0,7859,15613,0
transformed_image_covid_337.png,4851,12888,8,7691,16105,3,8936,15054,0
transformed_image_covid_338.png,7530,11933,8,9289,11453,0,8444,16879,0
transformed_image_covid_339.png,5897,16012,0,9384,11861,0,6195,16187,0
transformed_image_covid_340.png,5550,13386,12,11235,12301,0,5903,17149,0
transformed_image_covid_341.png,8247,10804,6,12685,11462,0,6184,16148,0
transformed_image_covid_342.png,5798,11376,3,10707,15193,3,7528,14928,0
transformed_image_covid_343.png,5696,14131,0,11350,11655,0,5629,17075,0
transformed_image_covid_344.png,6645,15180,1,11517,8824,0,6682,16687,0
transformed_image_covid_345.png,5825,15603,18,10548,9734,0,5732,18076,0
transformed_image_covid_346.png,6373,15437,4,9768,10257,0,8682,15015,0
transformed_image_covid_347.png,5842,11428,2,12033,13304,0,5706,17221,0
transformed_image_covid_348.png,6313,13956,3,11371,10730,0,5511,17652,0
transformed_image_covid_349.png,6028,10424,8,11446,14642,1,5963,17024,0
transformed_image_covid_350.png,19563,6162,63,7736,4970,0,7021,20021,0
transformed_image_covid_351.png,6805,10898,3,11247,14025,1,8011,14546,0
transformed_image_covid_352.png,7375,16407,13,10241,7676,0,6691,17133,0
transformed_image_covid_353.png,6396,16348,4,10720,8275,0,7435,16358,0
transformed_image_covid_354.png,7142,14603,1,11769,10250,0,8265,13506,0
transformed_image_covid_355.png,5699,13411,1,11179,11516,0,5576,18154,0
transformed_image_covid_356.png,6132,14502,2,11937,10523,0,6203,16237,0
transformed_image_covid_357.png,5958,15472,1,10285,10532,0,9563,13725,0
transformed_image_covid_358.png,6110,15662,3,9685,10093,0,8463,15520,0
transformed_image_covid_359.png,8370,9742,9,11596,13327,1,8932,13559,0
transformed_image_covid_360.png,7146,11561,18,10713,12494,2,7188,16414,0
transformed_image_covid_361.png,5696,13283,0,12704,11864,0,6762,15227,0
transformed_image_covid_362.png,5636,13846,5,9487,11968,0,6250,18344,0
transformed_image_covid_363.png,6082,11658,6,10581,13505,0,8696,15008,0
transformed_image_covid_364.png,7323,11758,0,12388,12014,0,6256,15797,0
transformed_image_covid_365.png,6879,12679,0,9362,12050,0,5648,18918,0
transformed_image_covid_366.png,4538,12219,4,12108,14037,0,5422,17208,0
transformed_image_covid_367.png,5847,10219,6,13449,14655,0,5641,15719,0
transformed_image_covid_368.png,5768,11768,1,13499,11740,0,7044,15716,0
transformed_image_covid_369.png,6220,11269,0,11759,13304,0,5870,17114,0
transformed_image_covid_370.png,7297,9975,0,13139,13223,1,8277,13624,0
transformed_image_covid_371.png,6373,13599,1,8278,13897,0,9274,14114,0
transformed_image_covid_372.png,6139,13952,4,10212,11432,1,9506,14290,0
transformed_image_covid_373.png,6131,14535,3,12177,10588,0,5727,16375,0
transformed_image_covid_374.png,5644,15802,0,11019,10562,0,5114,17395,0
transformed_image_covid_375.png,6212,16577,0,10433,8089,0,6484,17741,0
transformed_image_covid_376.png,10326,13165,2,12463,8565,8,5851,15156,0
transformed_image_covid_377.png,6260,15218,3,10784,9811,0,7355,16105,0
transformed_image_covid_378.png,5444,13943,32,11564,10951,0,4852,18750,0
transformed_image_covid_379.png,10898,13690,4,12942,5971,0,6361,15670,0
transformed_image_covid_380.png,5950,17269,2,10526,7485,0,7779,16525,0
transformed_image_covid_381.png,10479,8636,1,10422,13115,0,8831,14052,0
transformed_image_covid_382.png,8738,13937,1,12244,8813,0,5243,16560,0
transformed_image_covid_383.png,6112,12795,10,13389,12632,6,5153,15439,0
transformed_image_covid_384.png,6298,14129,0,1357,12114,0,16230,15408,0
transformed_image_covid_385.png,6133,11993,0,9104,16482,0,6470,15354,0
transformed_image_covid_386.png,6671,10289,0,11568,17388,0,4614,15006,0
transformed_image_covid_387.png,8802,11795,0,7203,16173,0,9056,12507,0
transformed_image_covid_388.png,5784,11968,38,11575,12346,0,4191,19634,0
transformed_image_covid_389.png,7482,13063,15,9508,9775,0,4391,21302,0
transformed_image_covid_390.png,7801,12820,4,12165,9775,0,5144,17827,0
transformed_image_covid_391.png,7183,15517,1,9263,7035,6,12757,13774,0
transformed_image_covid_392.png,7110,13549,0,1500,11393,0,15834,16150,0
transformed_image_covid_393.png,8077,10371,0,7830,15018,0,9136,15104,0
transformed_image_covid_394.png,8154,10364,3,11473,12766,6,8937,13833,0
transformed_image_covid_395.png,9523,12047,0,12892,8255,0,4452,18367,0
transformed_image_covid_396.png,8608,12256,8,11981,8877,0,9496,14310,0
transformed_image_covid_397.png,6105,12036,1,13379,11627,0,5480,16908,0
transformed_image_covid_398.png,6107,11894,0,8943,16702,1,6871,15018,0
transformed_image_covid_399.png,6840,11800,0,11158,15231,1,7806,12700,0
transformed_image_covid_400.png,11345,8656,0,16271,9730,12,9044,10478,0
transformed_image_covid_401.png,8868,14258,1,11412,7561,0,8745,14691,0
transformed_image_covid_402.png,6900,12662,0,8852,10540,1,14708,11873,0
transformed_image_covid_403.png,6110,12856,4,12641,11057,0,5288,17580,0
transformed_image_covid_404.png,8789,13252,4,12462,8076,0,4562,18391,0
transformed_image_covid_405.png,6926,10126,0,11478,17944,0,4838,14224,0
transformed_image_covid_406.png,8338,11439,0,7127,16980,0,9330,12322,0
transformed_image_covid_407.png,13331,10910,0,14850,6543,0,8601,11301,0
transformed_image_covid_408.png,14093,8507,5,16210,9042,5,9126,8548,0
transformed_image_covid_409.png,4915,15941,0,7836,15430,3,9554,11857,0
transformed_image_covid_410.png,9428,10947,0,8945,7314,0,19025,9877,0
transformed_image_covid_411.png,6190,12592,2,7780,11532,0,13241,14199,0
transformed_image_covid_412.png,7374,13700,0,12372,10058,1,4323,17708,0
transformed_image_covid_413.png,7262,14496,0,12342,9242,0,7940,14254,0
transformed_image_covid_414.png,11347,9663,1,14567,10772,19,7958,11209,0
transformed_image_covid_415.png,6551,12128,8,10205,11923,0,5630,19091,0
transformed_image_covid_416.png,5800,14571,0,8040,10964,0,8872,17289,0
transformed_image_covid_417.png,9807,8596,0,7529,13222,0,12380,14002,0
transformed_image_covid_418.png,11044,10886,4,14141,7738,0,6893,14830,0
transformed_image_covid_419.png,8189,11547,0,7849,12819,1,12845,12286,0
transformed_image_covid_420.png,7005,11511,0,11659,11034,0,5759,18568,0
transformed_image_covid_421.png,6360,16495,0,11335,7798,0,9447,14101,0
transformed_image_covid_422.png,8095,12738,4,10514,10924,0,12003,11258,0
transformed_image_covid_423.png,7649,13924,0,12345,8231,0,6509,16878,0
transformed_image_covid_424.png,7081,16405,3,10865,8092,0,7799,15291,0
transformed_image_covid_425.png,6540,16913,2,5529,7074,14,18153,11311,0
transformed_image_covid_426.png,10950,12761,4,13571,7015,0,7628,13607,0
transformed_image_covid_427.png,7393,13519,6,12489,9096,0,7112,15921,0
transformed_image_covid_428.png,22743,7053,0,9361,3359,489,1817,20714,0
transformed_image_covid_429.png,9635,15480,0,10283,6882,0,8422,14834,0
transformed_image_covid_430.png,6382,10172,73,13279,13450,2,4473,17705,0
transformed_image_covid_431.png,11570,11893,0,13189,6709,1,9082,13092,0
transformed_image_covid_432.png,6632,15601,0,11187,9144,0,8539,14433,0
transformed_image_covid_433.png,8408,15776,0,10272,7785,0,8828,14467,0
transformed_image_covid_434.png,8603,9563,0,14064,12324,0,7167,13815,0
transformed_image_covid_435.png,8013,11698,0,7875,12131,0,13634,12185,0
transformed_image_covid_436.png,8391,11784,0,11561,10044,0,8879,14877,0
transformed_image_covid_437.png,7725,11438,6,11204,11359,0,6493,17311,0
transformed_image_covid_438.png,7036,12623,0,8933,8852,0,17237,10855,0
transformed_image_covid_439.png,10280,12675,0,13951,7947,3,9042,11638,0
transformed_image_covid_440.png,11610,9546,1,12348,11814,4,11273,8940,0
transformed_image_covid_441.png,11602,13274,0,12241,6224,5,8272,13918,0
transformed_image_covid_442.png,8695,10048,0,12874,14836,2,7661,11420,0
transformed_image_covid_443.png,7401,12269,1,7533,12272,3,16037,10020,0
transformed_image_covid_444.png,4953,16285,5,8998,10043,0,4323,20929,0
transformed_image_covid_445.png,8393,9823,382,7016,13769,0,4348,21805,0
transformed_image_covid_446.png,5671,16501,1,9103,9699,0,11490,13071,0
transformed_image_covid_447.png,7648,14463,0,10640,10277,0,7650,14858,0
transformed_image_covid_448.png,7253,14363,0,11323,10135,0,11118,11344,0
transformed_image_covid_449.png,4878,11262,5,10511,14722,0,6637,17521,0
transformed_image_covid_450.png,6805,13328,0,9191,11351,0,9024,15837,0
transformed_image_covid_451.png,9153,11845,1,13216,10549,1,8133,12638,0
transformed_image_covid_452.png,7411,14610,7,11396,8586,1,7704,15821,0
transformed_image_covid_453.png,5902,14607,0,10254,10848,0,8774,15151,0
transformed_image_covid_454.png,10361,13150,0,13255,6714,1,6805,15250,0
transformed_image_covid_455.png,7335,13612,13,8268,10086,1,10790,15431,0
transformed_image_covid_456.png,7580,10800,0,9933,13899,2,10736,12586,0
transformed_image_covid_457.png,7056,12586,0,10862,12640,0,9627,12765,0
transformed_image_covid_458.png,8323,10880,2,12960,11988,0,6527,14856,0
transformed_image_covid_459.png,9149,10280,1,11975,11985,2,9630,12514,0
transformed_image_covid_460.png,6636,11764,2,10048,12554,0,9437,15095,0
transformed_image_covid_461.png,8279,12779,0,13218,8293,0,6550,16417,0
transformed_image_covid_462.png,7077,14295,11,10296,9320,0,9303,15234,0
transformed_image_covid_463.png,11026,10273,0,14224,8818,3,9506,11686,0
transformed_image_covid_464.png,8743,13342,12,12637,8862,2,8177,13761,0
transformed_image_covid_465.png,11169,12767,1,13471,6140,0,6700,15288,0
transformed_image_covid_466.png,11023,12626,0,13498,7150,0,6856,14383,0
transformed_image_covid_467.png,5645,14168,2,8739,11904,0,7524,17554,0
transformed_image_covid_468.png,7361,8893,3,13634,13725,1,6190,15729,0
transformed_image_covid_469.png,9865,12724,0,12438,8171,0,9912,12426,0
transformed_image_covid_470.png,6906,10851,0,10910,12230,0,6112,18527,0
transformed_image_covid_471.png,5886,11307,0,7881,15008,0,8720,16734,0
transformed_image_covid_472.png,8135,14476,0,12074,8020,0,5152,17679,0
transformed_image_covid_473.png,7149,10643,0,11342,13097,0,6349,16956,0
transformed_image_covid_474.png,14015,8555,6,16156,9103,2,9080,8619,0
transformed_image_covid_475.png,6281,12453,1,10497,14352,0,10358,11594,0
transformed_image_covid_476.png,8555,12972,0,8413,5665,1,18596,11334,0
transformed_image_covid_477.png,9311,7464,4,12665,13076,0,6966,16050,0
transformed_image_covid_478.png,7082,11558,0,9178,12408,0,12564,12746,0
transformed_image_covid_479.png,8817,9660,0,11740,12019,0,9812,13488,0
transformed_image_covid_480.png,10564,13013,4,13199,7647,0,7789,13320,0
transformed_image_covid_481.png,8720,8245,6,11114,16406,0,6618,14427,0
transformed_image_covid_482.png,5122,11894,21,9016,14758,0,8965,15760,0
transformed_image_covid_483.png,4698,12968,0,8578,14333,0,8993,15966,0
transformed_image_covid_484.png,4916,15944,0,7812,15533,2,9464,11865,0
transformed_image_covid_485.png,9571,10843,0,8993,7238,0,19030,9861,0
transformed_image_covid_486.png,5344,12991,2,11924,12165,0,6626,16484,0
transformed_image_covid_487.png,8435,10268,3,14989,11752,2,7490,12597,0
transformed_image_covid_488.png,7211,12675,4,13015,10233,0,6676,15722,0
transformed_image_covid_489.png,7444,12319,1,7462,12229,3,16041,10037,0
transformed_image_covid_490.png,8138,10698,2,14509,12035,2,4911,15241,0
transformed_image_covid_491.png,8394,13471,24,11380,10196,6,6490,15575,0
transformed_image_covid_492.png,5265,13986,0,10324,11848,0,6029,18084,0
transformed_image_covid_493.png,11119,12541,0,12997,7151,0,7883,13845,0
transformed_image_covid_494.png,7824,11793,0,11140,10859,1,7293,16626,0
transformed_image_covid_495.png,10484,14082,0,12649,5476,0,6670,16175,0
transformed_image_covid_496.png,8748,15470,0,10447,8182,0,8272,14417,0
transformed_image_covid_497.png,5520,15061,0,8978,10246,0,11504,14227,0
transformed_image_covid_498.png,7221,14473,0,12398,9317,0,7875,14252,0
transformed_image_covid_499.png,13009,11241,0,14871,6521,0,8623,11271,0
transformed_image_covid_500.png,11390,9725,0,14511,10731,16,7974,11189,0
transformed_image_covid_501.png,6257,12556,2,7780,11477,0,13209,14255,0
transformed_image_covid_502.png,6267,13059,0,10301,10978,0,12479,12452,0
transformed_image_covid_503.png,6817,13587,0,8837,10312,0,13471,12512,0
transformed_image_covid_504.png,10994,8302,0,14028,10992,1,9895,11324,0
transformed_image_covid_505.png,7114,5777,26,14553,19148,0,3884,15034,0
transformed_image_covid_506.png,5019,16205,5,9010,10059,0,4269,20969,0
transformed_image_covid_507.png,8860,9575,2,13678,11431,1,7902,14087,0
transformed_image_covid_508.png,16487,6425,15,10718,5093,0,3240,23558,0
transformed_image_covid_509.png,5888,14575,0,10234,10893,0,8752,15194,0
transformed_image_covid_510.png,10957,10268,0,14274,8803,2,9540,11692,0
transformed_image_covid_511.png,7988,12945,0,12436,9454,0,7187,15526,0
transformed_image_covid_512.png,7184,11451,0,9482,13597,0,10592,13230,0
transformed_image_covid_513.png,8141,13809,0,12010,9387,0,9091,13098,0
transformed_image_covid_514.png,8173,14493,0,12035,7975,0,5163,17697,0
transformed_image_covid_515.png,6320,16986,0,5117,6978,13,18034,12088,0
transformed_image_covid_516.png,7085,12358,1,11454,11301,0,8251,15086,0
transformed_image_covid_517.png,7845,14478,0,11704,9034,0,6442,16033,0
transformed_image_covid_518.png,6266,12894,0,8351,14121,0,9770,14134,0
transformed_image_covid_519.png,9745,9673,0,10058,12972,2,12314,10772,0
transformed_image_covid_520.png,7208,14390,0,10380,10089,0,11570,11899,0
transformed_image_covid_521.png,8129,13450,11,11210,10036,0,8547,14153,0
transformed_image_covid_522.png,8792,11026,0,11420,12089,2,12778,9429,0
transformed_image_covid_523.png,8416,11899,0,9693,12181,0,12631,10716,0
transformed_image_covid_524.png,6603,10621,2,11651,13743,0,9025,13891,0
transformed_image_covid_525.png,4860,16537,4,11535,9717,1,5185,17697,0
transformed_image_covid_526.png,6120,16932,1,9357,8810,0,9351,14965,0
transformed_image_covid_527.png,8286,10820,0,9793,11452,4,14931,10250,0
transformed_image_covid_528.png,6492,17020,4,9540,9447,0,7179,15854,0
transformed_image_covid_529.png,6705,9055,0,11927,13539,0,6989,17321,0
transformed_image_covid_530.png,10889,12093,0,14624,7661,1,9656,10612,0
transformed_image_covid_531.png,11056,12505,0,13078,7180,0,7887,13830,0
transformed_image_covid_532.png,22602,3317,3,7935,5455,0,7111,19113,0
transformed_image_covid_533.png,9306,12128,1,9053,11005,6,17780,6257,0
transformed_image_covid_534.png,6905,12752,0,13152,11378,0,7042,14307,0
transformed_image_covid_535.png,12243,12042,0,14885,6468,1,6503,13394,0
transformed_image_covid_536.png,9694,11309,0,13608,11247,0,7413,12265,0
transformed_image_covid_537.png,8108,11827,1,13435,9609,0,9077,13479,0
transformed_image_covid_538.png,7088,11795,0,7627,16292,2,8994,13738,0
transformed_image_covid_539.png,8607,9511,2,12617,13208,1,7498,14092,0
transformed_image_covid_540.png,7704,10357,0,12699,10338,3,12752,11683,0
transformed_image_covid_541.png,9223,10653,0,14231,10425,6,9559,11439,0
transformed_image_covid_542.png,7861,11801,0,11021,10845,2,7285,16721,0
transformed_image_covid_543.png,5435,12933,0,11378,11942,1,6066,17781,0
transformed_image_covid_544.png,9688,11428,0,13869,9653,8,8008,12882,0
transformed_image_covid_545.png,8078,12168,0,12231,11071,4,9409,12575,0
transformed_image_covid_546.png,9628,9122,0,14874,12168,0,5848,13896,0
transformed_image_covid_547.png,7505,11341,0,7342,16592,0,9182,13574,0
transformed_image_covid_548.png,8852,9564,0,12469,12873,0,7611,14167,0
transformed_image_covid_549.png,8372,12386,12,11897,8966,6,9513,14384,0
transformed_image_covid_550.png,7680,10482,0,9539,13429,1,12546,11859,0
transformed_image_covid_551.png,7402,12731,0,10296,8546,0,14444,12117,0
transformed_image_covid_552.png,7191,14044,0,11344,10424,1,7509,15023,0
transformed_image_covid_553.png,8891,12034,2,9763,10950,0,12671,11225,0
transformed_image_covid_554.png,10786,10741,0,14124,9511,11,8457,11906,0
transformed_image_covid_555.png,12221,8773,9,13434,10308,8,9588,11195,0
transformed_image_covid_556.png,11693,8945,6,4340,12364,0,10445,17743,0
transformed_image_covid_557.png,6306,11968,6,9249,12993,0,8524,16490,0
transformed_image_covid_558.png,6637,12601,4,5865,13614,1,12903,13911,0
transformed_image_covid_559.png,9361,9795,12,6896,12386,1,10388,16697,0
transformed_image_covid_560.png,6270,13216,0,11017,10542,0,4870,19621,0
transformed_image_covid_561.png,11942,12535,0,13781,6845,10,9333,11090,0
transformed_image_covid_562.png,12297,10291,4,16381,6940,1,6298,13324,0
transformed_image_covid_563.png,12071,10723,2,14495,6885,0,8852,12508,0
transformed_image_covid_564.png,9099,12902,0,12119,8496,2,9189,13729,0
transformed_image_covid_565.png,11304,10266,0,16287,9080,0,10972,7627,0
transformed_image_covid_566.png,14497,10418,1,18441,6717,20,10171,5271,0
transformed_image_covid_567.png,10150,9934,7,11153,12119,10,10042,12121,0
transformed_image_covid_568.png,10567,9634,8,8709,12559,14,11835,12210,0
transformed_image_covid_569.png,9241,12555,0,9462,9287,2,17360,7629,0
transformed_image_covid_570.png,8551,13819,1,13487,8141,5,7342,14190,0
transformed_image_covid_571.png,6849,13583,15,10442,10647,0,7022,16978,0
transformed_image_covid_572.png,7846,12154,8,10570,11202,0,7710,16046,0
transformed_image_covid_573.png,7029,14187,3,10622,9236,0,8823,15636,0
transformed_image_covid_574.png,7035,13132,3,9186,11372,1,9256,15551,0
transformed_image_covid_575.png,7355,14073,2,10301,9354,0,9302,15149,0
transformed_image_covid_576.png,11683,11800,4,14585,6139,0,6822,14503,0
transformed_image_covid_577.png,8371,13033,1,12924,8243,0,6631,16333,0
transformed_image_covid_578.png,7386,13498,13,1534,11420,2,15704,15979,0
transformed_image_covid_579.png,6048,12625,4,12427,11215,0,5242,17975,0
transformed_image_covid_580.png,7753,13604,8,12112,9899,2,4381,17777,0
transformed_image_covid_581.png,5337,18240,28,9249,8386,0,10433,13863,0
transformed_image_covid_582.png,7308,12878,0,4156,11817,0,14072,15305,0
transformed_image_covid_583.png,8389,9980,0,14427,11813,0,7673,13254,0
transformed_image_covid_584.png,8676,11379,0,14440,10310,0,7722,13009,0
transformed_image_covid_585.png,7684,11583,0,1593,13338,0,12795,18543,0
transformed_image_covid_586.png,12137,5482,1,13082,11434,0,6553,16847,0
transformed_image_covid_587.png,11763,9832,0,13674,9879,3,9538,10847,0
transformed_image_covid_588.png,6122,12290,0,11502,12969,0,10478,12175,0
transformed_image_covid_589.png,14270,8322,4,15788,9083,32,9101,8936,0
transformed_image_covid_590.png,8535,11404,0,7837,12240,2,13326,12192,0
transformed_image_covid_591.png,8360,9698,4,13724,11753,12,10134,11851,0
transformed_image_covid_592.png,9660,10764,4,14593,9626,4,9320,11565,0
transformed_image_covid_593.png,6779,12079,5,12632,11546,0,6477,16018,0
transformed_image_covid_594.png,9867,11106,3,14229,10106,11,7405,12809,0
transformed_image_covid_595.png,7386,11105,3,12039,12601,1,8797,13604,0
transformed_image_covid_596.png,6704,11657,2,9026,16528,5,6716,14898,0
transformed_image_covid_597.png,8401,11684,13,12684,10178,1,5051,17524,0
transformed_image_covid_598.png,7636,12037,15,9038,12500,0,9735,14575,0
transformed_image_covid_599.png,12267,11659,0,14699,6729,118,6584,13480,0
transformed_image_covid_600.png,9368,10912,0,14318,11133,0,7309,12496,0
transformed_image_covid_601.png,8298,11993,5,13288,9209,3,9543,13197,0
transformed_image_covid_602.png,5813,16449,2,9180,9553,1,11229,13309,0
transformed_image_covid_603.png,9603,9564,311,6583,13048,0,4115,22312,0
transformed_image_covid_604.png,11281,14235,4,11708,6583,2,7312,14411,0
transformed_image_covid_605.png,6904,12949,0,9721,12334,0,8820,14808,0
transformed_image_covid_606.png,10076,9769,2,11430,11108,0,8167,14984,0
transformed_image_covid_607.png,7400,10968,19,10975,13145,1,10025,13003,0
transformed_image_covid_608.png,7084,12400,6,12478,11783,3,7099,14683,0
transformed_image_covid_609.png,9008,13801,2,12136,7389,0,7855,15345,0
transformed_image_covid_610.png,6751,10211,0,10619,14693,0,7177,16085,0
transformed_image_covid_611.png,7455,13880,4,11173,8761,0,4884,19379,0
transformed_image_covid_612.png,7129,14859,2,10627,8363,0,6410,18146,0
transformed_image_covid_613.png,8102,11433,8,11508,11080,1,6602,16802,0
transformed_image_covid_614.png,5958,10714,36,11147,14194,0,5950,17537,0
transformed_image_covid_615.png,7179,12107,1,7524,12387,41,14874,11423,0
transformed_image_covid_616.png,7653,13151,0,7690,1729,1,24228,11084,0
transformed_image_covid_617.png,6395,12957,15,7539,13735,5,10182,14708,0
transformed_image_covid_618.png,9459,13193,5,12035,10510,3,7916,12415,0
transformed_image_covid_619.png,7472,14338,8,12474,9023,0,9123,13098,0
transformed_image_covid_620.png,9791,14544,2,12411,4756,5,12918,11109,0
transformed_image_covid_621.png,7770,11288,13,9604,14506,5,10081,12269,0
transformed_image_covid_622.png,7421,13246,4,10003,10511,2,10061,14288,0
transformed_image_covid_623.png,5533,13318,9,8359,12843,0,10918,14556,0
transformed_image_covid_624.png,9502,11838,0,10296,10100,3,12846,10951,0
transformed_image_covid_625.png,9702,10621,0,13635,11111,1,9643,10823,0
transformed_image_covid_626.png,8946,11047,0,12511,11753,1,10629,10649,0
transformed_image_covid_627.png,9422,12422,4,12762,7994,1,4646,18285,0
transformed_image_covid_628.png,8405,14011,7,13841,7119,1,9561,12591,0
transformed_image_covid_629.png,5200,11710,36,9045,14868,0,9103,15574,0
transformed_image_covid_630.png,5812,13934,12,9083,11780,0,7947,16968,0
transformed_image_covid_631.png,9996,12731,0,12212,8143,1,10124,12329,0
transformed_image_covid_632.png,7372,10410,1,11384,12812,0,6771,16786,0
transformed_image_covid_633.png,6098,11224,1,7836,14769,0,8890,16718,0
transformed_image_covid_634.png,10699,12825,0,13761,6481,0,10621,11149,0
transformed_image_covid_635.png,9055,10255,2,15394,9309,0,5661,15860,0
transformed_image_covid_636.png,9898,12752,0,12652,7237,1,7148,15848,0
transformed_image_covid_637.png,5823,14719,2,10459,10292,0,6326,17915,0
transformed_image_covid_638.png,8444,10507,7,14650,12059,6,7246,12617,0
transformed_image_covid_639.png,13417,10845,0,14727,6536,2,8670,11339,0
transformed_image_covid_640.png,5745,11473,19,8461,14021,1,6736,19080,0
transformed_image_covid_641.png,5416,15519,17,9495,9663,1,8780,16645,0
transformed_image_covid_642.png,12499,6891,0,8527,12063,0,12520,13036,0
transformed_image_covid_643.png,6770,12892,0,12340,10162,0,5384,17988,0
transformed_image_covid_644.png,7086,13473,58,8888,10147,1,13480,12403,0
transformed_image_covid_645.png,8649,12812,6,12168,9477,0,6782,15642,0
transformed_image_covid_646.png,7166,13064,2,9229,11328,0,9223,15524,0
transformed_image_covid_647.png,11105,8354,11,13687,10636,59,10167,11517,0
transformed_image_covid_648.png,5335,15983,20,9210,9973,0,4256,20759,0
transformed_image_covid_649.png,9448,9433,18,13101,11220,6,8120,14190,0
transformed_image_covid_650.png,10848,8620,3,13242,13314,12,8427,11070,0
transformed_image_covid_651.png,10862,10641,9,14446,8716,1,6338,14523,0
transformed_image_covid_652.png,5841,13217,0,8727,12101,0,9131,16519,0
transformed_image_covid_653.png,7203,11588,3,10950,15288,8,7689,12807,0
transformed_image_covid_654.png,9259,13924,9,12247,7014,2,7056,16025,0
transformed_image_covid_655.png,7530,12207,53,10949,11316,1,7922,15558,0
transformed_image_covid_656.png,9072,13249,11,12477,9174,6,9515,12032,0
transformed_image_covid_657.png,7488,11872,0,6756,13063,0,16089,10268,0
transformed_image_covid_658.png,8187,12933,0,12351,9383,0,7240,15442,0
transformed_image_covid_659.png,6986,15890,1,11549,8281,1,7750,15078,0
transformed_image_covid_660.png,9439,13362,4,12207,7908,0,7680,14936,0
transformed_image_covid_661.png,7340,12094,10,11447,11180,1,8561,14903,0
transformed_image_covid_662.png,8223,11019,8,11971,10802,5,6514,16994,0
transformed_image_covid_663.png,7473,14655,0,9634,9539,3,10633,13599,0
transformed_image_covid_664.png,7367,12692,18,10813,9925,0,6391,18330,0
transformed_image_covid_665.png,9192,11860,3,12986,10524,11,8284,12676,0
transformed_image_covid_666.png,7396,14453,35,11394,8683,4,7803,15768,0
transformed_image_covid_667.png,7504,13165,66,8300,10418,3,10814,15266,0
transformed_image_covid_668.png,7914,10683,16,9717,13115,12,11421,12658,0
transformed_image_covid_669.png,8597,10902,11,12775,12007,10,6712,14522,0
transformed_image_covid_670.png,9178,10220,16,11689,12102,17,9740,12574,0
transformed_image_covid_671.png,6832,11536,19,10191,12569,2,9278,15109,0
transformed_image_covid_672.png,6539,16773,2,5029,6936,12,18317,11928,0
transformed_image_covid_673.png,9672,15871,0,9493,7731,2,7879,14888,0
transformed_image_covid_674.png,10595,13096,2,12823,7573,8,8006,13433,0
transformed_image_covid_675.png,7713,12112,14,13049,10206,0,6860,15582,0
transformed_image_covid_676.png,8940,14906,3,10847,8205,1,8275,14359,0
transformed_image_covid_677.png,7877,5517,37,14540,19172,2,3777,14614,0
transformed_image_covid_678.png,6258,9474,11,13247,13853,0,8126,14567,0
transformed_image_covid_679.png,11940,11650,6,13036,6768,12,9209,12915,0
transformed_image_covid_680.png,8821,15403,2,10215,7605,15,9113,14362,0
transformed_image_covid_681.png,11256,10397,1,14692,10168,0,8240,10782,0
transformed_image_covid_682.png,10420,12092,0,13177,6954,4,4217,18672,0
transformed_image_covid_683.png,9476,11338,1,6075,11847,0,8126,18673,0
transformed_image_covid_684.png,10511,12780,4,13475,8106,4,8356,12300,0
transformed_image_covid_685.png,5707,14273,3,8633,10721,0,9108,17091,0
transformed_image_covid_686.png,7924,13724,2,9232,9379,0,4957,20318,0
transformed_image_covid_687.png,13420,11427,0,14554,5849,0,7818,12468,0
transformed_image_covid_688.png,8241,12412,5,12227,10003,0,6581,16067,0
transformed_image_covid_689.png,7133,11503,26,10822,12286,3,7793,15970,0
transformed_image_covid_690.png,8310,10905,16,12663,11389,5,6290,15958,0
transformed_image_covid_691.png,6979,10864,18,11112,13817,0,8142,14604,0
transformed_image_covid_692.png,7178,14054,17,10631,9329,0,7118,17209,0
transformed_image_covid_693.png,13712,10094,68,7528,7096,0,7497,19541,0
transformed_image_covid_694.png,10417,11276,1,12776,9748,3,10692,10623,0
transformed_image_covid_695.png,11976,9351,5,13504,11986,18,8350,10346,0
transformed_image_covid_696.png,10626,13971,1,12443,6307,0,7197,14991,0
transformed_image_covid_697.png,6416,12685,0,13437,10038,0,6260,16700,0
transformed_image_covid_698.png,4245,16385,1,6755,11627,0,8579,17944,0
transformed_image_covid_699.png,8206,11494,1,9224,12433,16,11572,12590,0
transformed_image_covid_700.png,6182,12828,1,9078,12033,0,10991,14423,0
transformed_image_covid_701.png,5975,11976,1,10382,12695,0,9928,14579,0
transformed_image_covid_702.png,11818,7835,1,6673,12765,0,10731,15713,0
transformed_image_covid_703.png,8399,10873,1,9362,11872,1,13907,11121,0
transformed_image_covid_704.png,10834,14272,0,14466,5980,0,9812,10172,0
transformed_image_covid_705.png,5833,16551,10,10124,8391,0,6070,18557,0
transformed_image_covid_706.png,6316,11827,0,7958,13761,0,8605,17069,0
transformed_image_covid_707.png,8625,12505,0,11434,10534,3,9547,12888,0
transformed_image_covid_708.png,6245,12672,17,9994,12095,1,6871,17641,0
transformed_image_covid_709.png,9762,8708,18,11138,12479,1,8924,14506,0
transformed_image_covid_710.png,10878,10942,155,13110,9547,34,9594,11276,0
transformed_image_covid_711.png,9070,10032,4,10264,12658,13,9889,13606,0
transformed_image_covid_712.png,8663,13508,5,9131,9696,12,13761,10760,0
transformed_image_covid_713.png,9683,11194,0,13772,10008,1,9016,11862,0
transformed_image_covid_714.png,10196,9546,0,13865,11015,3,9476,11435,0
transformed_image_covid_715.png,6501,17093,5,9290,9490,2,7099,16056,0
transformed_image_covid_716.png,12072,12330,11,13116,5806,0,6827,15374,0
transformed_image_covid_717.png,11396,12500,0,14351,6194,1,6937,14157,0
transformed_image_covid_718.png,14428,11640,8,14291,4188,9,8148,12824,0
transformed_image_covid_719.png,15123,11907,2,13409,3318,0,7167,14610,0
transformed_image_covid_720.png,11991,12990,11,11814,5184,0,6038,17508,0
transformed_image_covid_721.png,6976,9998,9,13021,12639,0,5624,17269,0
transformed_image_covid_722.png,17064,7928,20,9418,6137,0,4639,20330,0
transformed_image_covid_723.png,7057,14503,0,10706,9474,0,10627,13169,0
transformed_image_covid_724.png,8266,13817,17,10248,8620,0,10059,14509,0
transformed_image_covid_725.png,7537,11910,0,13905,10444,2,7416,14322,0
transformed_image_covid_726.png,19985,8813,26,6193,3256,0,4460,22803,0
transformed_image_covid_727.png,7198,12634,3,11649,9708,0,5094,19250,0
transformed_image_covid_728.png,15175,10296,3,16314,5458,33,6850,11407,0
transformed_image_covid_729.png,12349,13640,30,12600,2026,0,6485,18406,0
transformed_image_covid_730.png,18057,10312,0,15313,1012,0,7744,13098,0
transformed_image_covid_731.png,14253,6590,1,15905,13068,5,5916,9798,0
transformed_image_covid_732.png,7092,16582,0,9487,7841,0,6694,17840,0
transformed_image_covid_733.png,5557,15858,11,9533,10145,0,7623,16809,0
transformed_image_covid_734.png,4402,16940,0,7774,10604,0,9253,16563,0
transformed_image_covid_735.png,3926,15378,5,8298,12825,0,7642,17462,0
transformed_image_covid_736.png,6947,11905,2,9490,13340,0,8011,15841,0
transformed_image_covid_737.png,7845,15799,9,9034,7297,0,3708,21844,0
transformed_image_covid_738.png,8312,14162,0,11861,7971,0,4611,18619,0
transformed_image_covid_739.png,11625,11609,0,14426,6505,3,7333,14035,0
transformed_image_covid_740.png,6513,13799,0,11653,10558,0,8505,14508,0
transformed_image_covid_741.png,5375,17318,0,8815,9216,0,6362,18450,0
transformed_image_covid_742.png,7807,8334,0,7649,15688,0,7210,18848,0
transformed_image_covid_743.png,7791,13647,1,12475,9064,0,9086,13472,0
transformed_image_covid_744.png,6028,15584,0,10634,9082,0,8287,15921,0
transformed_image_covid_745.png,5965,18057,10,9399,8130,0,7632,16343,0
transformed_image_covid_746.png,5744,13860,0,11441,10592,0,4690,19209,0
transformed_image_covid_747.png,8679,14260,0,12332,7776,1,5075,17413,0
transformed_image_covid_748.png,6583,11235,40,10234,13588,0,5878,17978,0
transformed_image_covid_749.png,6052,10134,0,14120,12063,0,6200,16967,0
transformed_image_covid_750.png,6216,10334,1,15102,12656,0,7601,13626,0
transformed_image_covid_751.png,6450,14565,0,12610,10074,0,6857,14980,0
transformed_image_covid_752.png,5637,18568,0,9878,7732,0,8736,14985,0
transformed_image_covid_753.png,6068,15292,8,10307,9151,0,5909,18801,0
transformed_image_covid_754.png,6298,15442,2,11730,9084,0,7385,15595,0
transformed_image_covid_755.png,5873,14841,9,10925,9779,0,6424,17685,0
transformed_image_covid_756.png,5885,13396,0,10563,11785,0,7338,16569,0
transformed_image_covid_757.png,7419,10608,14,13636,11691,1,6386,15781,0
transformed_image_covid_758.png,5360,13763,48,8957,11312,0,3729,22367,0
transformed_image_covid_759.png,5688,13935,0,11645,11377,0,5920,16971,0
transformed_image_covid_760.png,5875,14879,14,10423,10361,0,5389,18595,0
transformed_image_covid_761.png,5554,14950,2,10981,10362,0,6333,17354,0
transformed_image_covid_762.png,6320,15450,12,10173,9536,1,8551,15493,0
transformed_image_covid_763.png,6256,16381,3,9976,8791,0,6374,17755,0
transformed_image_covid_764.png,8806,14943,0,12561,7401,0,6238,15587,0
transformed_image_covid_765.png,4307,16697,0,8947,10770,0,7053,17762,0
transformed_image_covid_766.png,6491,15599,2,11218,8839,0,6980,16407,0
transformed_image_covid_767.png,4880,15640,6,8589,11211,0,9489,15721,0
transformed_image_covid_768.png,6317,14521,14,7800,9933,0,8826,18125,0
transformed_image_covid_769.png,6937,14332,1,11385,10816,1,6857,15207,0
transformed_image_covid_770.png,6329,12601,7,11277,11969,0,7897,15456,0
transformed_image_covid_771.png,5342,14152,4,9886,11899,0,6014,18239,0
transformed_image_covid_772.png,7892,15415,1,11228,7198,0,6375,17427,0
transformed_image_covid_773.png,6858,16042,2,11162,8846,0,5216,17410,0
transformed_image_covid_774.png,7963,12794,2,11465,10714,0,8193,14405,0
transformed_image_covid_775.png,6694,14928,2,11642,9583,0,5715,16972,0
transformed_image_covid_776.png,6941,12758,1,9541,11963,0,6010,18322,0
transformed_image_covid_777.png,6006,17242,31,9394,7701,0,5758,19404,0
transformed_image_covid_778.png,6736,16229,7,10461,7818,0,5088,19197,0
transformed_image_covid_779.png,6196,14035,1,10759,10519,0,5734,18292,0
transformed_image_covid_780.png,5985,15034,0,10760,9461,2,9934,14360,0
transformed_image_covid_781.png,6552,16202,0,9869,8290,0,8676,15947,0
transformed_image_covid_782.png,6103,15416,3,10087,8960,0,4732,20235,0
transformed_image_covid_783.png,7018,12541,0,9178,9785,0,16183,10831,0
transformed_image_covid_784.png,10353,12546,5,14147,8007,2,9587,10889,0
transformed_image_covid_785.png,10624,12460,1,13963,7782,2,9096,11608,0
transformed_image_covid_786.png,12124,9189,15,12612,11810,10,10750,9026,0
transformed_image_covid_787.png,12402,12929,5,12605,5471,1,8045,14078,0
transformed_image_covid_788.png,9039,9810,4,12688,14576,5,7670,11744,0
transformed_image_covid_789.png,6600,10511,106,9321,14203,0,5427,19368,0
transformed_image_covid_790.png,6990,13053,12,12217,10063,1,8497,14703,0
transformed_image_covid_791.png,6993,13878,3,12144,9866,2,7028,15622,0
transformed_image_covid_792.png,9855,10093,1,8537,12665,10,15012,9363,0
transformed_image_covid_793.png,8760,10685,2,11893,13674,8,6985,13529,0
transformed_image_covid_794.png,8442,11232,10,8988,12632,4,12083,12145,0
transformed_image_covid_795.png,7150,10555,4,10170,14751,4,8525,14377,0
transformed_image_covid_796.png,8299,8725,11,12495,13747,0,8575,13684,0
transformed_image_covid_797.png,9550,10500,0,15997,8852,0,5697,14940,0
transformed_image_covid_798.png,12350,12087,5,13978,6085,13,8114,12904,0
transformed_image_covid_799.png,7694,12091,22,11707,10355,1,7748,15918,0
transformed_image_covid_800.png,8360,12350,54,10963,10176,5,10432,13196,0
transformed_image_covid_801.png,9372,9574,2,12163,13264,12,8545,12604,0
transformed_image_covid_802.png,7325,12694,36,9722,11444,0,10298,14017,0
transformed_image_covid_803.png,12401,11510,0,13107,7455,25,9227,11811,0
transformed_image_covid_804.png,7908,13368,0,9930,10330,0,14092,9908,0
transformed_image_covid_805.png,7101,11250,24,11445,11868,1,3405,20442,0
transformed_image_covid_806.png,7003,12797,109,10598,11218,6,11236,12569,0
transformed_image_covid_807.png,6302,14361,9,8482,10533,1,9187,16661,0
transformed_image_covid_808.png,10061,8644,9,7699,12749,0,12405,13969,0
transformed_image_covid_809.png,10978,10871,11,14021,7910,4,7240,14501,0
transformed_image_covid_810.png,6702,8992,1,12530,13660,0,6517,17134,0
transformed_image_covid_811.png,8144,9075,36,11674,11807,0,3567,21233,0
transformed_image_covid_812.png,22290,5805,27,11381,1396,0,2221,22416,0
transformed_image_covid_813.png,19339,9549,19,10402,2064,0,2645,21518,0
transformed_image_covid_814.png,11530,9091,54,1808,11840,0,10548,20665,0
transformed_image_covid_815.png,8923,12086,1,5815,11278,16,13432,13985,0
transformed_image_covid_816.png,6604,16469,2,10299,10583,1,7329,14249,0
transformed_image_covid_817.png,9510,14027,1,12340,7024,1,6475,16158,0
transformed_image_covid_818.png,8011,16451,1,10383,7773,0,7046,15871,0
transformed_image_covid_819.png,10862,7114,4,16213,16012,2,3086,12243,0
transformed_image_covid_820.png,12854,5998,3,17971,13696,241,3880,10893,0
transformed_image_covid_821.png,6732,10182,12,12531,13953,3,7022,15101,0
transformed_image_covid_822.png,8577,15644,1,12057,7100,1,7071,15085,0
transformed_image_covid_823.png,7981,15398,2,11035,7837,0,6707,16576,0
transformed_image_covid_824.png,8569,13341,9,11984,8609,0,7425,15599,0
transformed_image_covid_825.png,7072,15039,3,10542,8866,0,7299,16715,0
transformed_image_covid_826.png,8460,15988,5,9384,9090,2,6807,15800,0
transformed_image_covid_827.png,6352,13316,12,12411,10609,0,6275,16561,0
transformed_image_covid_828.png,7485,15442,2,11055,10042,4,6856,14650,0
transformed_image_covid_829.png,7407,8959,36,13360,13645,3,6290,15836,0
transformed_image_covid_830.png,7550,10739,61,11451,13104,11,8916,13704,0
transformed_image_covid_831.png,9399,11721,6,13674,9130,0,5552,16054,0
transformed_image_covid_832.png,7371,13487,0,10201,10943,9,11642,11883,0
transformed_image_covid_833.png,8552,10664,1,14366,10706,1,6687,14559,0
transformed_image_covid_834.png,9649,11502,2,11976,10613,2,8554,13238,0
transformed_image_covid_835.png,9869,8299,0,13688,13864,1,7240,12575,0
transformed_image_covid_836.png,14032,12117,2,13589,4487,2,7471,13836,0
transformed_image_covid_837.png,7622,15712,2,11766,7702,0,7473,15259,0
transformed_image_covid_838.png,6522,14583,7,10673,9794,0,7572,16385,0
transformed_image_covid_839.png,12850,12545,4,11756,5496,0,5635,17250,0
transformed_image_covid_840.png,9489,14700,5,11748,6458,4,7110,16022,0
transformed_image_covid_841.png,9860,13197,13,11583,7483,0,6581,16819,0
transformed_image_covid_842.png,9435,10374,0,12526,11321,8,9581,12291,0
transformed_image_covid_843.png,11174,13210,0,13680,6107,0,7771,13594,0
transformed_image_covid_844.png,13312,12987,2,12872,4454,5,8261,13643,0
transformed_image_covid_845.png,16567,11101,2,16227,3760,5,7950,9924,0
transformed_image_covid_846.png,17675,3224,274,10646,9362,0,3486,20869,0
transformed_image_covid_847.png,6762,10401,36,9987,15450,0,8541,14359,0
transformed_image_covid_848.png,8193,9562,10,14069,13107,6,5840,14749,0
transformed_image_covid_849.png,9116,9635,33,10763,11821,0,4772,19396,0
transformed_image_covid_850.png,10940,6858,80,12167,11707,0,4400,19384,0
transformed_image_covid_851.png,10580,13916,6,8432,7006,0,4492,21104,0
transformed_image_covid_852.png,7181,9256,1,11254,15413,0,6500,15931,0
transformed_image_covid_853.png,13225,11483,33,13828,4619,24,9068,13256,0
transformed_image_covid_854.png,5868,15392,13,10434,9951,2,7013,16863,0
transformed_image_covid_855.png,13537,13275,4,11462,5196,10,6456,15596,0
transformed_image_covid_856.png,11066,13689,125,10644,6464,2,6276,17270,0
transformed_image_covid_857.png,14410,12699,31,11797,3398,3,7223,15975,0
transformed_image_covid_858.png,15402,9718,1,15851,6503,78,8209,9774,0
transformed_image_covid_859.png,7693,13492,1,10786,9304,29,12118,12113,0
transformed_image_covid_860.png,7924,12881,17,9346,9983,4,12157,13224,0
transformed_image_covid_861.png,6652,14727,0,10915,9188,0,5713,18341,0
transformed_image_covid_862.png,7262,13442,0,12043,9433,0,6926,16430,0
transformed_image_covid_863.png,7347,11846,1,12765,11018,0,5387,17172,0
transformed_image_covid_864.png,9630,13859,1,11583,7454,0,4643,18366,0
transformed_image_covid_865.png,7341,14442,3,10857,9581,5,8955,14352,0
transformed_image_covid_866.png,7218,13847,0,10495,10767,1,8463,14745,0
transformed_image_covid_867.png,7102,15511,0,11364,8273,5,8838,14443,0
transformed_image_covid_868.png,7655,16107,1,10798,8065,31,10283,12596,0
transformed_image_covid_869.png,8613,15770,1,11485,6478,23,12936,10230,0
transformed_image_covid_870.png,6132,17021,11,9182,8596,1,9621,14972,0
transformed_image_covid_871.png,9735,13381,12,12146,7087,0,5038,18137,0
transformed_image_covid_872.png,6884,11869,2,7754,12479,0,6674,19874,0
transformed_image_covid_873.png,7339,10999,9,8645,12895,2,10357,15290,0
transformed_image_covid_874.png,9481,12082,0,13370,8420,0,7970,14213,0
transformed_image_covid_875.png,6813,12793,64,10936,10882,0,5787,18261,0
transformed_image_covid_876.png,8606,10402,4,10250,12325,1,10812,13136,0
transformed_image_covid_877.png,8829,11150,1,9537,13080,0,10247,12692,0
transformed_image_covid_878.png,9005,11051,14,3820,12214,0,13214,16218,0
transformed_image_covid_879.png,8481,12616,2,11960,9516,0,7518,15443,0
transformed_image_covid_880.png,9952,11860,1,13899,8859,1,8844,12120,0
transformed_image_covid_881.png,6813,14430,1,8026,9562,2,13753,12949,0
transformed_image_covid_882.png,8770,12799,3,12041,10204,8,7023,14688,0
transformed_image_covid_883.png,7385,13816,3,11521,11170,0,7855,13786,0
transformed_image_covid_884.png,11880,9465,0,14933,10429,0,8327,10502,0
transformed_image_covid_885.png,8662,12992,0,13008,8926,0,4994,16954,0
transformed_image_covid_886.png,7546,11494,23,10740,11666,1,8261,15805,0
transformed_image_covid_887.png,8887,13790,1,11778,7198,0,5874,18008,0
transformed_image_covid_888.png,10331,10626,11,14514,9121,3,8320,12610,0
transformed_image_covid_889.png,10319,9873,0,14566,10209,0,10049,10520,0
transformed_image_covid_890.png,9492,15626,104,6485,6515,0,7275,20039,0
transformed_image_covid_891.png,6852,13339,76,10306,9869,0,5221,19873,0
transformed_image_covid_892.png,7966,11461,3,13297,11757,3,9485,11564,0
transformed_image_covid_893.png,7982,14428,109,9624,7703,0,6970,18720,0
transformed_image_covid_894.png,6730,13402,7,11568,10176,0,7982,15671,0
transformed_image_covid_895.png,7144,15716,0,11437,8092,0,8743,14404,0
transformed_image_covid_896.png,8723,15536,0,11542,7019,1,9993,12722,0
transformed_image_covid_897.png,18504,6216,186,8643,5432,0,5095,21460,0
transformed_image_covid_898.png,6599,14548,16,8920,10330,0,6317,18806,0
transformed_image_covid_899.png,13571,6726,0,13717,13063,0,16066,2393,0
transformed_image_covid_900.png,5655,15620,0,9278,9855,0,9186,15942,0
transformed_image_covid_901.png,7205,9582,140,10099,13004,0,6061,19445,0
transformed_image_covid_902.png,11258,8741,0,8548,13170,6,14535,9278,0
transformed_image_covid_903.png,12929,8598,0,12572,11280,4,19454,699,0
transformed_image_covid_904.png,9388,9122,0,10183,13020,0,12350,11473,0
transformed_image_covid_905.png,8271,13297,4,12046,8527,0,6642,16749,0
transformed_image_covid_906.png,11395,10170,0,10280,11092,32,17072,5495,0
transformed_image_covid_907.png,9208,8335,69,7639,13855,0,5935,20495,0
transformed_image_covid_908.png,6358,14192,2,10134,9971,0,7593,17286,0
transformed_image_covid_909.png,14731,5627,0,16450,13628,33,13755,1312,0
transformed_image_covid_910.png,8608,15963,0,8469,7802,0,6239,18455,0
transformed_image_covid_911.png,5916,13699,0,2335,13789,0,13683,16114,0
transformed_image_covid_912.png,7237,9894,108,10858,12525,0,5947,18967,0
transformed_image_covid_913.png,13828,6535,0,13506,13825,2,16963,877,0
transformed_image_covid_914.png,9257,11990,10,12931,9033,0,5811,16504,0
transformed_image_covid_915.png,6486,11606,79,9082,12346,0,7804,18133,0
transformed_image_covid_916.png,5521,16146,88,7513,10030,0,6868,19370,0
transformed_image_covid_917.png,11429,8713,0,11978,13375,1,18850,1190,0
transformed_image_covid_918.png,11074,9908,0,9470,12925,0,20167,1992,0
transformed_image_covid_919.png,13897,8164,1,13557,10146,5,17011,2755,0
transformed_image_covid_920.png,6435,16039,26,8396,9558,0,5949,19133,0
transformed_image_covid_921.png,22130,7107,384,6798,1023,0,4411,23683,0
transformed_image_covid_922.png,9011,8743,43,5382,14728,0,7109,20520,0
transformed_image_covid_923.png,20872,6421,120,6722,3295,0,6309,21797,0
transformed_image_covid_924.png,7179,14268,1,3683,10604,6,19612,10183,0
transformed_image_covid_925.png,6047,14760,32,10771,9294,0,6086,18546,0
transformed_image_covid_926.png,7340,10361,0,11220,14277,1,8670,13667,0
transformed_image_covid_927.png,21698,6340,350,7197,2243,0,5588,22120,0
transformed_image_covid_928.png,6386,15129,45,9231,9297,0,5560,19888,0
transformed_image_covid_929.png,23488,4488,151,6053,3717,0,6578,21061,0
transformed_image_covid_930.png,7718,13862,60,10165,8903,0,4329,20499,0
transformed_image_covid_931.png,7383,13881,18,9763,9372,0,5614,19505,0
transformed_image_covid_932.png,7479,15534,17,7911,8838,0,5989,19768,0
transformed_image_covid_933.png,7472,8515,0,14222,13971,0,6038,15318,0
transformed_image_covid_934.png,9334,10299,0,8811,13599,3,21607,1883,0
transformed_image_covid_935.png,6243,13075,2,11461,10659,0,6556,17540,0
transformed_image_covid_936.png,16354,3271,19,10741,11670,0,4696,18785,0
transformed_image_covid_937.png,5935,14343,21,10556,10746,0,5693,18242,0
transformed_image_covid_938.png,19280,4941,0,13633,11110,176,15374,1022,0
transformed_image_covid_939.png,6689,14310,5,9521,10318,0,7465,17228,0
transformed_image_covid_940.png,15642,6375,0,9246,12116,7,20084,2066,0
transformed_image_covid_941.png,18396,6629,12,7487,6302,0,6800,19910,0
transformed_image_covid_942.png,7868,8069,55,10814,14509,0,6519,17702,0
transformed_image_covid_943.png,10756,11525,5,13908,7895,2,7435,14010,0
transformed_image_covid_944.png,7805,10521,103,3909,13574,0,9795,19829,0
transformed_image_covid_945.png,10376,12444,16,9765,8419,0,6450,18066,0
transformed_image_covid_946.png,6875,17689,0,7061,8180,0,8167,17564,0
transformed_image_covid_947.png,15592,6090,0,8126,12240,14,20707,2767,0
transformed_image_covid_948.png,7980,15975,0,7833,8332,0,6484,18932,0
transformed_image_covid_949.png,9936,12397,0,1676,9989,1,14337,17200,0
transformed_image_covid_950.png,11530,12081,45,7620,8136,0,5089,21035,0
transformed_image_covid_951.png,6445,11253,10,11919,12403,0,5669,17837,0
transformed_image_covid_952.png,11367,11724,0,11853,8017,5,21475,1095,0
transformed_image_covid_953.png,13560,8051,28,10084,8240,0,7260,18313,0
transformed_image_covid_954.png,9734,11909,10,12648,8314,0,5998,16923,0
transformed_image_covid_955.png,7509,15692,10,8656,8306,0,4912,20451,0
transformed_image_covid_956.png,6309,12217,12,11531,11940,0,5456,18071,0
transformed_image_covid_957.png,7396,9301,4,11092,14263,0,8149,15331,0
transformed_image_covid_958.png,6732,11280,132,9748,12178,0,6124,19342,0
transformed_image_covid_959.png,14210,7143,0,14443,12127,4,15062,2547,0
transformed_image_covid_960.png,8294,8698,21,6442,13978,0,9398,18705,0
transformed_image_covid_961.png,7790,13138,1,1095,11540,1,16035,15936,0
transformed_image_covid_962.png,6814,12986,10,11765,10148,1,6744,17068,0
transformed_image_covid_963.png,6632,17343,64,6743,8038,0,6192,20524,0
transformed_image_covid_964.png,22780,5246,218,4118,3915,0,7910,21349,0
transformed_image_covid_965.png,6581,12725,47,10595,11002,0,4842,19744,0
transformed_image_covid_966.png,7520,14069,0,3339,10054,46,19063,11445,0
transformed_image_covid_967.png,6667,10182,9,11841,13159,0,6364,17314,0
transformed_image_covid_968.png,14642,6862,0,13812,11520,2,17382,1316,0
transformed_image_covid_969.png,16251,6228,0,10998,11379,11,14058,6611,0
transformed_image_covid_970.png,7471,12600,8,10315,10921,2,8397,15822,0
transformed_image_covid_971.png,28070,3186,1227,5044,335,0,5740,21934,0
transformed_image_covid_972.png,16075,4318,0,8115,14256,203,18576,3993,0
transformed_image_covid_973.png,7454,11108,17,11521,11131,0,5532,18773,0
transformed_image_covid_974.png,6017,17927,23,8305,7404,0,5852,20008,0
transformed_image_covid_975.png,7463,13581,0,12695,8995,0,6311,16491,0
transformed_image_covid_976.png,8259,12720,14,12085,9086,0,6737,16635,0
transformed_image_covid_977.png,9873,12305,4,12556,8730,5,8538,13525,0
transformed_image_covid_978.png,13373,12618,71,4915,6313,0,4774,23472,0
transformed_image_covid_979.png,8073,13010,1,12589,8947,0,7329,15587,0
transformed_image_covid_980.png,20943,4602,12,6576,5595,0,7416,20392,0
transformed_image_covid_981.png,6686,16172,4,9290,8347,0,6910,18127,0
transformed_image_covid_982.png,14351,6797,0,14853,11966,4,16860,705,0
transformed_image_covid_983.png,11686,12294,80,7604,7141,0,5543,21188,0
transformed_image_covid_984.png,23894,4030,19,3001,4559,0,9644,20389,0
transformed_image_covid_985.png,8604,8889,0,9612,14879,0,10802,12750,0
transformed_image_covid_986.png,6837,14059,34,10357,9342,0,4956,19951,0
transformed_image_covid_987.png,10091,12445,17,10717,8016,0,5111,19139,0
transformed_image_covid_988.png,6393,16953,6,6610,8889,0,8719,17966,0
transformed_image_covid_989.png,5957,15425,18,8733,9386,0,5534,20483,0
transformed_image_covid_990.png,9257,13381,12,10537,8092,0,5464,18793,0
transformed_image_covid_991.png,10631,11095,2,1442,10536,0,13811,18019,0
transformed_image_covid_992.png,7553,13622,2,11630,9198,0,6938,16593,0
transformed_image_covid_993.png,7571,13894,47,10105,8672,0,4154,21093,0
transformed_image_covid_994.png,7677,9087,0,10328,15196,0,8200,15048,0
transformed_image_covid_995.png,7001,10585,67,11174,12654,0,6743,17312,0
transformed_image_covid_996.png,8271,16608,26,7897,6949,0,5755,20030,0
transformed_image_covid_997.png,5080,19333,7,8559,6862,0,6773,18922,0
transformed_image_covid_998.png,16831,7665,25,8834,6661,0,5570,19950,0
transformed_image_covid_999.png,12145,7526,0,11005,13502,0,19419,1939,0
transformed_image_covid_1000.png,7659,10969,20,9369,11420,0,7346,18753,0
transformed_image_covid_1001.png,16771,4081,0,12914,12537,20,17875,1338,0
transformed_image_covid_1002.png,8810,12622,1,12303,8319,0,5193,18288,0
transformed_image_covid_1003.png,7763,12955,13,10765,10001,0,6455,17584,0
transformed_image_covid_1004.png,7423,13187,71,10161,9166,0,5874,19654,0
transformed_image_covid_1005.png,7392,15239,66,7036,8968,0,6631,20204,0
transformed_image_covid_1006.png,9607,9997,0,11068,12436,4,20205,2219,0
transformed_image_covid_1007.png,6314,13540,73,9235,11312,0,6573,18489,0
transformed_image_covid_1008.png,13900,7242,0,15868,11716,8,13853,2949,0
transformed_image_covid_1009.png,11761,9341,207,3915,10938,0,9734,19640,0
transformed_image_covid_1010.png,9500,9529,0,12694,10460,0,5971,17382,0
transformed_image_covid_1011.png,7930,13156,6,12274,9120,0,7206,15844,0
transformed_image_covid_1012.png,11868,8130,42,5951,11133,0,8756,19656,0
transformed_image_covid_1013.png,15418,9366,7,476,7740,0,12798,19731,0
transformed_image_covid_1014.png,5479,15426,1,11542,9721,0,7181,16186,0
transformed_image_covid_1015.png,6614,10139,27,11688,13070,0,4618,19380,0
transformed_image_covid_1016.png,7497,9791,16,11322,12394,0,6640,17876,0
transformed_image_covid_1017.png,8901,10936,0,9846,12613,0,13427,9813,0
transformed_image_covid_1018.png,8526,13723,3,11983,7881,0,5763,17657,0
transformed_image_covid_1019.png,7379,11569,3,12500,10992,0,8239,14854,0
transformed_image_covid_1020.png,6859,11425,13,11354,12314,0,6329,17242,0
transformed_image_covid_1021.png,8474,10067,0,9465,13990,1,13100,10439,0
transformed_image_covid_1022.png,7900,10902,10,8673,12623,0,10544,14884,0
transformed_image_covid_1023.png,7358,9189,15,8922,14654,1,8294,17103,0
transformed_image_covid_1024.png,14698,7305,161,7884,8532,0,6205,20751,0
transformed_image_covid_1025.png,8218,13998,84,8682,8663,0,5481,20410,0
transformed_image_covid_1026.png,9081,9300,59,10429,11728,0,5481,19458,0
transformed_image_covid_1027.png,9053,13037,5,12565,7815,1,6277,16783,0
transformed_image_covid_1028.png,6805,12891,73,8085,11554,0,6509,19619,0
transformed_image_covid_1029.png,7804,13594,10,9194,11497,1,9233,14203,0
transformed_image_covid_1030.png,8240,10784,4,10919,12056,0,11472,12061,0
transformed_image_covid_1031.png,15666,4181,0,13367,14694,6,15162,2460,0
transformed_image_covid_1032.png,8110,12672,3,11982,9626,0,7410,15733,0
transformed_image_covid_1033.png,6451,13168,73,10354,10612,0,5185,19693,0
transformed_image_covid_1034.png,7778,11617,67,10570,10957,0,5334,19213,0
transformed_image_covid_1035.png,9727,11126,5,2355,11982,22,13658,16661,0
transformed_image_covid_1036.png,8752,8494,0,11469,14239,0,10636,11946,0
transformed_image_covid_1037.png,6052,16242,31,9550,8604,0,6427,18630,0
transformed_image_covid_1038.png,8692,9263,17,10691,12403,0,5511,18959,0
transformed_image_covid_1039.png,6514,11801,86,9375,12068,0,5383,20309,0
transformed_image_covid_1040.png,6559,13481,218,8981,10203,0,6211,19883,0
transformed_image_covid_1041.png,10485,15419,13,7714,6184,0,5393,20328,0
transformed_image_covid_1042.png,13565,7290,388,6596,10954,0,5986,20757,0
transformed_image_covid_1043.png,7643,11496,4,13542,10982,0,5139,16730,0
transformed_image_covid_1044.png,18020,5761,0,17880,10697,27,9707,3444,0
transformed_image_covid_1045.png,8542,13478,1,11927,8216,0,6605,16767,0
transformed_image_covid_1046.png,9402,9169,0,10242,14128,0,14201,8394,0
transformed_image_covid_1047.png,21637,6852,187,4330,2629,0,7533,22368,0
transformed_image_covid_1048.png,16205,4848,0,13776,13396,23,15664,1624,0
transformed_image_covid_1049.png,14208,5541,0,12900,13712,3,16640,2532,0
transformed_image_covid_1050.png,17784,6939,92,3840,7819,0,7153,21909,0
transformed_image_covid_1051.png,11821,8013,0,11513,13678,3,19874,634,0
transformed_image_covid_1052.png,22429,3771,111,6688,5381,0,5657,21499,0
transformed_image_covid_1053.png,11325,9503,0,9588,12444,3,18798,3875,0
transformed_image_covid_1054.png,8215,16072,96,7972,7077,0,5724,20380,0
transformed_image_covid_1055.png,14331,6315,0,9486,14564,5,19800,1035,0
transformed_image_covid_1056.png,12226,8100,0,9793,13037,7,14270,8103,0
transformed_image_covid_1057.png,20563,5436,177,6820,5267,0,5653,21620,0
transformed_image_covid_1058.png,8500,12361,3,9685,9936,0,8164,16887,0
transformed_image_covid_1059.png,10481,16085,44,6653,6174,0,6904,19195,0
transformed_image_covid_1060.png,8911,13106,80,7524,9433,0,5586,20896,0
transformed_image_covid_1061.png,6766,13848,0,12149,10870,26,9785,12092,0
transformed_image_covid_1062.png,6785,13888,0,10207,10789,23,13673,10171,0
transformed_image_covid_1063.png,7035,12631,0,9115,12743,8,12498,11506,0
transformed_image_covid_1064.png,6264,15993,0,10977,9046,20,8965,14271,0
transformed_image_covid_1065.png,3567,17428,0,6966,11563,2,10459,15551,0
transformed_image_covid_1066.png,6573,13961,1,11653,10750,5,7970,14623,0
transformed_image_covid_1067.png,4943,15327,0,7674,10937,17,13916,12722,0
transformed_image_covid_1068.png,7387,14253,0,11009,10351,17,9429,13090,0
transformed_image_covid_1069.png,8330,11424,0,11506,11389,41,11251,11595,0
transformed_image_covid_1070.png,7068,14959,0,9643,9689,68,10037,14072,0
transformed_image_covid_1071.png,6274,12604,1,9533,12620,10,11964,12530,0
transformed_image_covid_1072.png,8528,14245,0,11777,8501,31,9084,13370,0
transformed_image_covid_1073.png,12991,10035,9,2410,9759,15,16560,13757,0
transformed_image_covid_1074.png,7393,8678,58,12436,13956,0,3534,19481,0
transformed_image_covid_1075.png,8118,13860,95,8623,9309,0,4480,21051,0
transformed_image_covid_1076.png,25145,3520,208,7702,2089,0,5507,21365,0
transformed_image_covid_1077.png,5276,14617,7,10131,11341,0,7590,16574,0
transformed_image_covid_1078.png,19387,4354,0,13975,11803,379,10196,5442,0
transformed_image_covid_1079.png,17271,10326,50,5102,4772,0,5808,22207,0
transformed_image_covid_1080.png,12903,10034,37,1258,9690,0,11833,19781,0
transformed_image_covid_1081.png,9217,13605,86,8122,8639,0,5485,20382,0
transformed_image_covid_1082.png,6511,14530,22,9803,9522,0,5682,19466,0
transformed_image_covid_1083.png,16761,5066,23,4868,10888,0,7659,20271,0
transformed_image_covid_1084.png,7423,12314,36,9660,11066,0,6350,18687,0
transformed_image_covid_1085.png,19061,6760,210,7154,5533,0,5204,21614,0
transformed_image_covid_1086.png,16634,4908,0,9557,13975,12,16467,3983,0
transformed_image_covid_1087.png,9974,12839,38,7977,8272,0,5999,20437,0
transformed_image_covid_1088.png,5650,17541,12,8666,8315,0,7261,18091,0
transformed_image_covid_1089.png,9097,15254,26,8814,7219,0,6991,18135,0
transformed_image_covid_1090.png,5395,15363,18,9172,10031,0,7562,17995,0
transformed_image_covid_1091.png,6959,9875,8,8755,14891,0,7684,17364,0
transformed_image_covid_1092.png,5140,18680,5,825,9012,24,18958,12892,0
transformed_image_covid_1093.png,8961,12319,1,11468,10004,0,9293,13490,0
transformed_image_covid_1094.png,9688,11708,3,9516,10134,3,15826,8658,0
transformed_image_covid_1095.png,7596,12400,1,9845,10253,3,13405,12033,0
transformed_image_covid_1096.png,7156,9729,0,11693,17339,0,4253,15366,0
transformed_image_covid_1097.png,7272,11202,7,12610,12280,1,7634,14530,0
transformed_image_covid_1098.png,10770,9400,1,14297,10673,4,9422,10969,0
transformed_image_covid_1099.png,7341,12649,0,9142,12085,3,12937,11379,0
transformed_image_covid_1100.png,9467,13288,5,12189,7494,3,7942,15148,0
transformed_image_covid_1101.png,6988,14343,46,9664,10227,2,8126,16140,0
transformed_image_covid_1102.png,8075,11104,3,10899,13090,1,7649,14715,0
transformed_image_covid_1103.png,6927,10975,5,9367,13462,3,9264,15533,0
transformed_image_covid_1104.png,9984,9628,0,12437,11888,11,11447,10141,0
transformed_image_covid_1105.png,9185,9310,3,12305,13326,4,9236,12167,0
transformed_image_covid_1106.png,9457,12051,2,13373,10392,7,9134,11120,0
transformed_image_covid_1107.png,4772,12815,16,9751,13972,1,8659,15550,0
transformed_image_covid_1108.png,6940,13691,1,12148,10957,2,5934,15863,0
transformed_image_covid_1109.png,11261,11684,9,4191,10920,77,19632,7762,0
transformed_image_covid_1110.png,7958,9186,0,12219,16551,3,5921,13698,0
transformed_image_covid_1111.png,12367,11957,2,13824,5667,0,5912,15807,0
transformed_image_covid_1112.png,9335,9609,1,9257,13974,1,11332,12027,0
transformed_image_covid_1113.png,7088,13296,56,9102,10761,1,9490,15742,0
transformed_image_covid_1114.png,8758,14532,2,11359,7585,0,4576,18724,0
transformed_image_covid_1115.png,8370,9611,123,8085,13988,1,9855,15503,0
transformed_image_covid_1116.png,8220,10997,3,10520,12875,43,11209,11669,0
transformed_image_covid_1117.png,6440,13647,34,10341,10913,10,8043,16108,0
transformed_image_covid_1118.png,13696,10520,12,14567,6897,27,8411,11406,0
transformed_image_covid_1119.png,8427,16703,9,9913,5970,0,7279,17235,0
transformed_image_covid_1120.png,7226,11354,12,12258,10722,0,8688,15276,0
transformed_image_covid_1121.png,5756,12881,7,9390,12298,0,8269,16935,0
transformed_image_covid_1122.png,13047,10071,1,16340,6481,6,7253,12337,0
transformed_image_covid_1123.png,16312,10863,0,14781,7098,40,8225,8217,0
transformed_image_covid_1124.png,14505,11374,3,14091,4685,5,7842,13031,0
transformed_image_covid_1125.png,5501,14299,17,7575,12775,4,12002,13363,0
transformed_image_covid_1126.png,7732,9798,18,9504,14169,2,13045,11268,0
transformed_image_covid_1127.png,6466,10394,37,10718,14234,0,4830,18857,0
transformed_image_covid_1128.png,4901,14621,2,9486,12110,0,11282,13134,0
transformed_image_covid_1129.png,10051,13446,2,8796,8048,23,16033,9137,0
transformed_image_covid_1130.png,10101,11456,1,11945,10088,8,9528,12409,0
transformed_image_covid_1131.png,7498,10681,2,9959,12969,3,9156,15268,0
transformed_image_covid_1132.png,7358,11013,2,13118,11922,2,8440,13681,0
transformed_image_covid_1133.png,5153,13322,15,8886,13803,0,8957,15400,0
transformed_image_covid_1134.png,6348,15225,3,10890,9578,0,7752,15740,0
transformed_image_covid_1135.png,7077,13735,15,11223,11236,6,9011,13233,0
transformed_image_covid_1136.png,8468,13806,4,10902,9423,0,9070,13863,0
transformed_image_covid_1137.png,10480,15122,0,12294,4950,26,10643,12021,0
transformed_image_covid_1138.png,9930,12095,40,12751,8313,5,5150,17252,0
transformed_image_covid_1139.png,8596,14113,0,11600,8255,0,7899,15073,0
transformed_image_covid_1140.png,8585,13068,5,4115,10814,0,17773,11176,0
transformed_image_covid_1141.png,7865,10684,77,8685,11956,0,7505,18764,0
transformed_image_covid_1142.png,10344,8962,7,9756,11692,0,7728,17047,0
transformed_image_covid_1143.png,8843,13417,0,13816,8333,0,6415,14712,0
