gmean_bins0,gmean_bins1,gmean_bins2,gmean_bins3,gmean_bins4,gmean_bins5,gmean_bins6,gmean_bins7
0.8609915809167447,80.66666666666667,0,0,0,98.75862068965517,0,159.22972886353438
0.5243565020541628,79.64285714285714,0,0,0,68.65957446808511,0,157.23671615720525
0.4098469727212242,79.64285714285714,0,0,21.92,65.5015873015873,0,153.84126631737857
0.37352130935018635,62.23076923076923,0,0,21.92,63.81010452961672,0,144.42122297204241
0.37159553375769594,62.23076923076923,0,0,23.27777777777778,61.21629213483146,0,137.5857325891345
0.39172615778876074,62.23076923076923,0,0,30.11340206185567,61.614653465346535,0,132.67042397848084
0.5405796705548119,62.23076923076923,0,0,34.387387387387385,65.77721774193549,0,131.22977444918575
0.5738359535888292,62.23076923076923,0,0,38.08536585365854,67.04818907305095,0,130.13750988828647
0.6572317051025967,62.23076923076923,0,0,38.71511627906977,67.14493183165382,0,128.71175212560638
0.6247148131248185,62.23076923076923,0,0,38.85057471264368,67.58473408652522,0,127.90609819401725
0.680324551429067,62.23076923076923,0,0,40.791666666666664,68.22549544724157,0,127.44414430299398
0.648794421872505,62.23076923076923,0,0,40.791666666666664,67.76210928179432,0,126.83541661330396
0.6778894555296991,60.42307692307692,0,0,40.791666666666664,68.2037539574853,0,126.30784429838705
0.6586600619966665,60.42307692307692,0,0,40.791666666666664,68.11354785816766,0,124.81825162762227
0.6316603894776794,60.42307692307692,0,0,40.791666666666664,68.11354785816766,0,123.98590254527221
0.6152492587358328,60.42307692307692,0,0,41.160377358490564,68.33731635651323,0,123.60766074681914
0.6621575566915716,60.42307692307692,0,0,41.42916666666667,68.03929587482219,0,122.61334548258218
0.6901176942959673,60.42307692307692,0,0,41.44140625,68.21150473518064,0,122.41465874158182
0.7053467810439922,60.42307692307692,0,0,41.95578231292517,68.44709312296347,0,122.41115479818815
0.7361893123493872,62.235955056179776,0,0,42.58360655737705,68.55152444217339,0,122.47651280574158
0.7436952027154023,62.235955056179776,104.0,0,43.28857142857143,68.62667117955661,113.25,123.1805888554805
0.7304067330020069,60.58163265306123,104.0,0,43.28857142857143,68.05248315838948,113.25,122.41723367883982
0.7145957347557574,60.58163265306123,104.0,0,43.28857142857143,67.77844403444034,113.25,122.11177859448219
0.7532324837640042,60.58163265306123,104.0,0,43.32702702702703,67.89390001528818,113.25,122.1575085878588
0.8676943508988284,61.99090909090909,104.0,0,43.77272727272727,69.2873399715505,104.75,122.04293986695995
0.8547660247809229,61.99090909090909,104.0,0,43.77272727272727,68.88660215346871,105.66666666666667,121.57259439312915
0.8362403187137369,61.99090909090909,104.0,0,43.74202127659574,69.04961881380024,105.45454545454545,121.82484831425533
0.8526898543747743,62.05309734513274,104.0,0,44.229974160206716,69.32602118003025,105.45454545454545,121.80975184110154
0.8386362685630622,62.05309734513274,104.0,0,43.950782997762865,69.5896338028169,105.45454545454545,121.30272839463053
0.8230474886212591,61.99122807017544,104.0,0,44.733752620545076,69.59910913140311,105.45454545454545,121.28619380012763
0.8093839363421609,61.99122807017544,102.83333333333333,0,43.680890538033395,69.57350011069293,104.5,121.34942589079613
0.8581342254571758,62.10434782608696,102.83333333333333,0,43.95963302752293,70.02526997840172,104.5,121.4469923328079
0.8677543759887438,62.46610169491525,100.85714285714286,0,43.95963302752293,70.04988149105796,103.38461538461539,121.28263931661904
0.852170250376324,62.203252032520325,100.85714285714286,0,44.012773722627735,70.03899303695769,103.38461538461539,121.16858910590804
0.8382652958167531,62.203252032520325,100.85714285714286,0,43.98360655737705,69.61062861869314,103.38461538461539,121.07341456017136
0.8444418306803628,62.203252032520325,100.85714285714286,0,45.314335060449054,69.72037817284965,103.38461538461539,121.28542207554759
0.8357524190857524,62.203252032520325,100.85714285714286,0,45.29137931034483,69.5554092382496,104.35714285714286,120.93438125037797
0.8217513965257317,62.233870967741936,100.85714285714286,0,45.29137931034483,69.41501699660068,104.35714285714286,120.85280512058122
0.8085123270609209,62.208,100.85714285714286,0,44.54226475279107,69.35468517600397,104.35714285714286,120.71399613304207
0.8115004696633381,62.208,100.85714285714286,0,43.65006553079947,69.41429835775396,104.35714285714286,120.67780176447833
0.8022465336687533,62.18604651162791,100.85714285714286,0,43.65006553079947,69.27630170316301,104.35714285714286,120.52351903766757
0.7926077559095639,60.463235294117645,100.85714285714286,0,43.65006553079947,68.2238751147842,104.35714285714286,120.0756855730023
0.7720855938971661,60.463235294117645,100.85714285714286,0,43.65006553079947,68.06416090280305,104.35714285714286,120.18321420155526
0.7659326487775662,60.463235294117645,100.85714285714286,0,43.605011933174225,68.08162338841474,104.35714285714286,119.99893584121368
0.7643491720204397,60.463235294117645,100.85714285714286,0,42.56404736275565,68.02848468613269,104.35714285714286,119.84896638639655
0.789214922800569,60.78321678321678,100.85714285714286,0,41.17860465116279,68.12853916970644,104.35714285714286,119.75042943609327
0.8092235063802886,60.78321678321678,100.85714285714286,0,41.366515837104075,68.22661623108665,104.35714285714286,119.74692339408824
0.8110785915464723,61.64473684210526,100.85714285714286,0,41.366515837104075,68.24738197424892,104.35714285714286,119.63919552717348
0.8116719631463553,61.64473684210526,100.85714285714286,0,41.364536453645364,68.55447882736156,104.35714285714286,119.69566262767789
0.7878783569850885,61.64473684210526,100.85714285714286,0,41.364536453645364,68.56768277969918,104.35714285714286,120.8271162788346
0.7859289134177693,61.64473684210526,100.85714285714286,0,41.364536453645364,68.56768277969918,104.35714285714286,120.85146436476913
0.7560028627661478,61.64473684210526,100.85714285714286,0,41.364536453645364,68.56768277969918,104.35714285714286,121.67045426426411
0.7431298043326345,62.90625,100.85714285714286,0,41.364536453645364,68.98727457256616,104.35714285714286,122.38569771911737
0.7129861448459408,62.90625,100.85714285714286,0,41.364536453645364,68.83685146524395,104.35714285714286,123.31301259749557
0.7003066247074962,62.90625,100.85714285714286,0,41.364536453645364,68.826301786393,104.35714285714286,124.28327816015184
0.6928930899660408,63.03529411764706,100.85714285714286,0,41.39928057553957,68.9194912083801,104.35714285714286,125.04745413323036
0.6838030133928571,63.03529411764706,100.85714285714286,0,41.39928057553957,68.86340091756696,104.35714285714286,125.41222606074349
0.6550376072329226,63.03529411764706,100.85714285714286,0,41.39928057553957,68.80530258519389,104.35714285714286,126.35746885816138
0.6531016863289635,63.03529411764706,100.85714285714286,0,41.39928057553957,69.08789147063068,104.35714285714286,126.11681000359586
0.6357781476721238,63.03529411764706,100.85714285714286,0,41.39928057553957,68.97755860491709,104.35714285714286,126.56804925831074
0.6280194236366897,63.03529411764706,100.85714285714286,0,41.39928057553957,68.7497348136624,104.35714285714286,126.99632273653238
0.6201955717687592,63.03529411764706,100.85714285714286,0,41.39928057553957,68.95111142374789,104.35714285714286,127.63177450179293
0.6106451463658055,63.03529411764706,100.85714285714286,0,41.39928057553957,68.95111142374789,104.35714285714286,127.94950480212155
0.6069898859014505,63.03529411764706,100.85714285714286,0,41.39928057553957,69.03136401908505,104.35714285714286,128.1800012482289
0.6007096579101443,64.07428571428571,100.85714285714286,0,41.39928057553957,69.04236812570146,104.35714285714286,128.62962304572363
0.5884921678374215,64.07428571428571,100.85714285714286,0,41.39928057553957,69.18434360928299,104.35714285714286,129.2480818348901
0.5816342220992097,64.07428571428571,100.85714285714286,0,41.39928057553957,69.17908902691511,104.35714285714286,129.3631119288158
0.5749284854642548,64.07428571428571,100.85714285714286,0,41.39928057553957,69.16801203995074,104.35714285714286,129.52751892363324
0.559599824136917,64.07428571428571,100.85714285714286,0,41.39928057553957,69.13414799728446,104.35714285714286,130.20033712692938
0.5520915458357614,64.07428571428571,100.85714285714286,0,41.39928057553957,69.13414799728446,104.35714285714286,129.99043141485882
0.5451490770088754,64.07428571428571,100.85714285714286,0,41.39928057553957,69.13414799728446,104.35714285714286,130.20540723330373
0.5416694326429456,64.07428571428571,100.85714285714286,0,41.40880503144654,69.0691777614237,104.35714285714286,130.49447326013217
0.5321948994491362,64.07428571428571,100.85714285714286,0,41.40880503144654,69.16774791473587,104.35714285714286,131.057634620398
0.527962039800597,64.07428571428571,100.85714285714286,0,41.40880503144654,69.13205321449637,104.35714285714286,131.2978214144471
0.5247233912392284,64.07428571428571,100.85714285714286,0,41.40880503144654,69.02878954518988,104.35714285714286,131.5511402976956
0.5216094525222977,64.07428571428571,100.85714285714286,0,41.40880503144654,69.02878954518988,104.35714285714286,131.78270574959157
0.5163333333333333,64.07428571428571,100.85714285714286,0,41.40880503144654,69.02878954518988,104.35714285714286,132.15835657408084
0.512584416931715,64.07428571428571,100.85714285714286,0,41.40880503144654,69.18762026940347,104.35714285714286,132.485693377482
0.5064282844515869,64.07428571428571,100.85714285714286,0,41.40880503144654,69.18762026940347,104.35714285714286,132.72821691905176
0.5009971718353813,64.07428571428571,100.85714285714286,0,41.40880503144654,69.18762026940347,104.35714285714286,132.82679346569057
0.49788151914336337,64.07428571428571,100.85714285714286,0,41.40880503144654,69.28121027205695,104.35714285714286,132.5659289675146
0.49165516671974335,64.07428571428571,100.85714285714286,0,41.40880503144654,69.31068206195974,104.35714285714286,132.83736908602992
0.481262530789941,64.07428571428571,100.85714285714286,0,41.40880503144654,69.31068206195974,104.35714285714286,133.0691165191862
0.46960471505805196,64.07428571428571,100.85714285714286,0,41.40880503144654,69.31068206195974,104.35714285714286,133.43016724161134
0.46312965993817057,64.07428571428571,100.85714285714286,0,41.40880503144654,69.1877220317856,104.35714285714286,133.7551850961946
0.4557846011940273,64.07428571428571,100.85714285714286,0,41.40880503144654,68.94799727604779,104.35714285714286,133.92128113077223
0.45566434855853344,63.994505494505496,100.85714285714286,0,41.40880503144654,68.85344298514791,104.13333333333334,134.00232054971332
0.4499380148723189,63.994505494505496,100.85714285714286,0,41.40880503144654,68.62182434067263,104.13333333333334,134.14665980634115
0.447195730160119,63.994505494505496,100.85714285714286,0,41.40880503144654,68.54129323308271,104.13333333333334,134.21648870040423
0.4431841146422133,63.994505494505496,100.85714285714286,0,41.40880503144654,68.5504482964734,104.13333333333334,134.49534794448698
0.4385365977936868,63.994505494505496,100.85714285714286,0,41.40880503144654,68.46116074069691,104.13333333333334,134.80089027809942
0.4363521817512164,63.994505494505496,100.85714285714286,0,41.40880503144654,68.46116074069691,104.13333333333334,134.59376940034127
0.43373263167170817,63.994505494505496,100.85714285714286,0,41.40880503144654,68.36484898342931,104.13333333333334,134.76118744799058
0.4312789209412228,63.994505494505496,100.85714285714286,0,41.40880503144654,68.48263605640368,104.13333333333334,135.05473734340916
0.4281506942515709,63.994505494505496,100.85714285714286,0,41.40880503144654,68.46880250275187,104.13333333333334,135.23791576062163
0.42776177783035785,63.994505494505496,100.85714285714286,0,41.40880503144654,68.63190465276186,104.13333333333334,135.501704107072
0.41044795721632965,63.994505494505496,100.85714285714286,0,41.40880503144654,68.63190465276186,104.13333333333334,136.0740533619045
0.4104997998998633,63.994505494505496,100.85714285714286,0,41.45135845749343,68.70753054845126,104.13333333333334,136.51607285112922
0.4063016435740289,63.994505494505496,100.85714285714286,0,41.45135845749343,68.68569168173599,104.13333333333334,136.75188284022465
0.40289971983544937,63.994505494505496,100.85714285714286,0,41.45135845749343,68.61589812633233,104.13333333333334,136.9152356045853
0.4010007348630595,63.42391304347826,100.85714285714286,0,41.45135845749343,68.53234771009338,104.13333333333334,137.21665340126097
0.3975195557238584,63.42391304347826,100.85714285714286,0,41.45135845749343,68.53234771009338,104.70588235294117,137.49973457248285
0.39535632058152986,63.42391304347826,100.85714285714286,0,41.45135845749343,68.53234771009338,104.70588235294117,137.39124388292998
0.39489023165346043,63.42391304347826,100.85714285714286,0,41.69834350479512,68.5934453318645,104.75,137.5296924097898
0.3910725401080391,63.42391304347826,100.85714285714286,0,41.69834350479512,68.48335516262824,104.75,137.85090676160402
0.3870024335529566,63.42391304347826,100.85714285714286,0,41.72236727589208,68.45404051404923,104.75,138.1161632577343
0.38626361251285923,63.42391304347826,100.85714285714286,0,41.72236727589208,68.46452584583939,104.75,138.34024698296628
0.38464648894033115,63.42391304347826,100.85714285714286,0,41.72236727589208,68.21579450164526,104.75,138.54262560678822
0.382251687332301,63.42391304347826,100.85714285714286,0,41.72236727589208,68.2342275474499,104.75,138.77538937841624
0.37966321771484135,63.42391304347826,100.85714285714286,0,41.72236727589208,68.24601919223875,104.75,139.00874120140838
0.37879623321285466,63.42391304347826,100.85714285714286,0,41.72236727589208,68.21201524087896,104.75,139.16776585420655
0.3775694127056673,63.42391304347826,100.85714285714286,0,41.72236727589208,68.24204052098408,104.75,139.4100140823261
0.3755594714648441,63.42391304347826,100.85714285714286,0,41.72236727589208,68.1681857974149,104.28571428571429,139.62214707084445
0.37184621019966685,63.42391304347826,100.85714285714286,0,41.72236727589208,68.18649385382915,104.28571428571429,139.82393261287444
0.371542632950259,62.44502617801047,100.85714285714286,0,41.72236727589208,67.99154759508956,104.28571428571429,139.58691133053557
0.36954705520570835,62.44502617801047,100.85714285714286,0,41.72236727589208,67.91720860430215,104.28571428571429,139.71332412706903
0.3683891723088934,62.44502617801047,100.85714285714286,0,41.72236727589208,67.96976617187111,104.28571428571429,139.96071558719376
0.36437216478775375,62.44502617801047,100.85714285714286,0,41.72236727589208,67.87233098279007,104.28571428571429,140.14153877288047
0.3616693129461536,62.44502617801047,100.85714285714286,0,41.72236727589208,68.00098154691794,104.28571428571429,140.4120381934925
0.35871544193020305,62.44502617801047,100.85714285714286,0,41.822916666666664,68.00147224812288,104.28571428571429,140.58366881827843
0.3575917432349929,62.177083333333336,100.85714285714286,0,41.86135181975737,67.84074975657254,104.28571428571429,140.72480133974076
0.3559748239397092,62.177083333333336,100.85714285714286,0,41.86135181975737,67.69647761769383,104.28571428571429,140.88422260606515
0.3560435912079254,62.8955223880597,100.85714285714286,0,41.86135181975737,67.6830013851077,104.28571428571429,141.04248629252976
0.3543497724847608,62.8955223880597,100.85714285714286,0,41.86135181975737,67.6830013851077,104.28571428571429,141.16764583549963
0.35203550100136294,62.8955223880597,100.85714285714286,0,41.86135181975737,67.6478250534823,104.28571428571429,141.3200716723747
0.3517110311837025,61.0990990990991,100.85714285714286,0,41.917169974115616,67.66311890472618,104.28571428571429,141.1486165513527
0.3498538857859098,61.0990990990991,100.85714285714286,0,41.917169974115616,67.6111524509348,104.28571428571429,141.3727185972735
0.3475647469691602,61.0990990990991,100.85714285714286,0,41.917169974115616,67.3479581971364,104.28571428571429,141.49170258984125
0.3451973250837205,61.0990990990991,100.85714285714286,0,41.917169974115616,67.28267143053456,104.28571428571429,141.64864614489582
0.3454062244538468,61.0990990990991,100.85714285714286,0,42.01033591731266,67.28267143053456,105.6774193548387,141.77127325240917
0.3443385188275153,61.0990990990991,100.85714285714286,0,42.01033591731266,67.18402872466139,105.6774193548387,141.85188771868278
0.34335985965995736,61.0990990990991,100.85714285714286,0,42.01033591731266,67.15197404002163,105.6774193548387,142.08117157183133
0.34450304223495143,60.929515418502206,100.85714285714286,0,42.26541095890411,67.22978286122778,107.61764705882354,142.16093370361673
0.34274971765143175,60.929515418502206,100.85714285714286,0,42.26541095890411,67.3092,107.61764705882354,142.33110281146426
0.3416864873102525,60.929515418502206,100.85714285714286,0,42.287179487179486,67.24297082228117,107.61764705882354,142.4445090803323
0.3395818514024297,60.929515418502206,100.85714285714286,0,42.44387755102041,67.06637844447356,107.61764705882354,142.6059812480919
0.3387621211636317,60.929515418502206,100.85714285714286,0,42.44387755102041,67.06637844447356,107.61764705882354,142.42495927106012
0.3375202186519772,60.929515418502206,100.85714285714286,0,42.44387755102041,67.08911449520586,107.61764705882354,142.5169921569389
0.3356013051812183,60.929515418502206,100.85714285714286,0,42.44387755102041,67.07181150021617,107.61764705882354,142.60305228577695
0.3329972434462472,60.929515418502206,100.85714285714286,0,42.44387755102041,67.0707786076058,107.61764705882354,142.79896765885434
0.3322939680091717,60.929515418502206,100.85714285714286,0,42.44387755102041,67.0644158719346,107.61764705882354,142.9259238000769
0.33015392744525446,60.929515418502206,100.85714285714286,0,42.44387755102041,67.00224063583326,107.61764705882354,142.95438182827198
0.32770722040920963,60.456896551724135,100.85714285714286,0,42.44387755102041,67.01499413637126,107.61764705882354,143.12479629955985
0.3274847415207716,60.456896551724135,100.85714285714286,0,42.44387755102041,67.00699475393455,107.61764705882354,143.24491294756564
0.3267817175282798,60.456896551724135,100.85714285714286,0,42.44387755102041,66.92750629931017,107.61764705882354,143.37220095517196
0.32567357776068945,60.456896551724135,100.85714285714286,0,42.44387755102041,66.95469853786759,107.61764705882354,143.42648791493062
0.32509274259257487,60.377682403433475,100.85714285714286,0,42.485131690739166,66.94339622641509,106.94444444444444,143.4936298228348
0.3252253010389094,60.377682403433475,100.85714285714286,0,42.485131690739166,66.83645676653522,106.94444444444444,143.29102414908178
0.32333498907400027,60.377682403433475,100.85714285714286,0,42.485131690739166,66.82586458840721,106.94444444444444,143.4003029484268
0.3203739180911298,60.377682403433475,100.85714285714286,0,42.485131690739166,66.76885212830341,106.94444444444444,143.55648117122988
0.31952344900028046,60.377682403433475,101.375,0,42.49660441426146,66.7486206757682,106.94444444444444,143.65503061619472
0.3192136162741032,60.38367346938775,101.375,0,42.49660441426146,66.82045627681327,106.94444444444444,143.77263563747104
0.3164459538373354,60.38367346938775,101.375,0,42.49660441426146,66.58716471289489,106.94444444444444,143.83973552926605
0.315679775065818,60.38367346938775,101.375,0,42.49660441426146,66.52693735682124,106.94444444444444,143.9231134674669
0.3157313753093004,60.38367346938775,101.375,0,42.49660441426146,66.52693735682124,107.63157894736842,143.9895548455762
0.31475066575791005,60.38367346938775,101.375,0,42.49660441426146,66.54823889739663,107.63157894736842,144.03042039196296
0.3147384739751291,60.38367346938775,101.375,0,42.49660441426146,66.55691659514707,107.63157894736842,144.0853945147999
0.3134542517040634,60.38367346938775,101.375,0,42.49660441426146,66.44633975753808,107.63157894736842,144.15497382911275
0.31324724723343944,60.38367346938775,101.375,0,42.49660441426146,66.4641722829034,107.63157894736842,144.00522995546626
0.31150926984018695,60.38367346938775,101.375,0,42.49660441426146,66.40216007714561,107.63157894736842,144.01904871415286
0.31058770582224,60.38367346938775,101.375,0,42.49660441426146,66.40216007714561,107.63157894736842,144.08822153307364
0.30988891607618385,60.38367346938775,99.0,0,42.49660441426146,66.40313934204944,105.23809523809524,144.05001458033144
0.3099605200291699,60.38367346938775,99.0,0,42.49660441426146,66.47532147532148,105.23809523809524,144.12179923486195
0.310762355748243,60.41129032258065,99.0,0,42.59187129551228,66.49076852065544,105.23809523809524,144.13801239765212
0.30915989356296414,60.41129032258065,99.0,0,42.59187129551228,66.37080543332695,105.23809523809524,144.11435077323523
0.30839789647876037,60.41129032258065,99.0,0,42.59187129551228,66.27785393343996,105.23809523809524,144.16209284110198
0.30828070409268704,59.55343511450382,99.0,0,42.59187129551228,66.35628484825806,105.23809523809524,144.24688702013466
0.307305550678674,59.55343511450382,99.0,0,42.59187129551228,66.24637789116913,105.23809523809524,144.3186563381392
0.30691103590717,59.55343511450382,99.0,0,42.59187129551228,66.15412000296669,105.23809523809524,144.34894699698293
0.3072935586868822,58.36363636363637,99.0,0,42.59187129551228,66.1874029718341,105.23809523809524,144.22312165379236
0.3071260327225079,58.36363636363637,99.0,0,42.598984771573605,66.21714725952015,105.23809523809524,144.295132732425
0.3055944066884442,58.36363636363637,99.0,0,42.598984771573605,66.13859251680795,105.23809523809524,144.36946171584327
0.30518461580269346,58.36363636363637,99.0,0,42.598984771573605,66.19015342006486,105.23809523809524,144.40852153747488
0.3037636762832775,58.36363636363637,99.0,0,42.598984771573605,66.14204811889046,105.23809523809524,144.4418729542634
0.3004063354167753,58.36363636363637,99.0,0,42.598984771573605,66.08798275552363,105.23809523809524,144.62280352419762
0.30060651009104056,59.692546583850934,99.0,0,42.81112984822934,66.20247593831621,105.4186046511628,144.68613603207044
0.301255914901987,60.09538461538462,99.0,0,42.87207357859532,66.25316004984867,105.4186046511628,144.78604694513976
0.30017077957077304,60.09538461538462,99.0,0,42.87207357859532,66.27793176972281,105.4186046511628,144.884006053927
0.2998962678660077,60.09538461538462,99.0,0,42.853923205342234,66.24380676396791,105.4186046511628,145.01978929336335
0.29953701314499304,60.09538461538462,99.0,0,42.853923205342234,66.22877944625293,105.4186046511628,145.10585097261531
0.29942398819462407,60.09538461538462,99.0,0,42.853923205342234,66.22877944625293,105.4186046511628,145.01369564381608
0.2982227729989794,60.09538461538462,99.0,0,42.853923205342234,66.1680985009217,105.4186046511628,145.06828458482752
0.297435311126725,60.09538461538462,99.0,0,42.853923205342234,66.2894145312446,105.4186046511628,145.21911013244497
0.29602676428185454,60.09538461538462,99.0,0,42.853923205342234,66.29296037618423,105.4186046511628,145.34513254536571
0.2954414005543837,60.09538461538462,99.0,0,42.853923205342234,66.32572628390473,105.4186046511628,145.40666623785302
0.29464804912987363,60.09538461538462,99.0,0,42.853923205342234,66.31647002332282,105.4186046511628,145.52463808474653
0.2943335251233087,60.09538461538462,99.0,0,42.853923205342234,66.29062010754883,105.4186046511628,145.54024226538831
0.29372788230682884,60.09538461538462,99.0,0,42.853923205342234,66.29438635671505,105.4186046511628,145.59898758206123
0.29367297839630474,60.09538461538462,99.0,0,42.853923205342234,66.28187398812736,105.4186046511628,145.61964545357395
0.29268691052898616,60.09538461538462,99.0,0,42.853923205342234,66.25412662805103,105.4186046511628,145.73607542979627
0.2924988790044452,60.09538461538462,99.0,0,42.853923205342234,66.36898005244117,105.4186046511628,145.84872681028065
0.2932008807457054,58.90571428571429,99.0,0,42.853923205342234,66.3776498991302,105.4186046511628,145.74228969053405
0.29284334629029407,58.90571428571429,99.0,0,42.853923205342234,66.49072009443861,105.4186046511628,145.83185613257126
0.29271048929592397,58.90571428571429,99.0,0,42.9325,66.49522966460115,105.4186046511628,145.86157032634944
0.2922379714498534,58.90571428571429,99.0,0,42.9325,66.45423994257561,105.4186046511628,145.95700317563154
0.2921623399076566,61.20899470899471,99.0,0,42.9325,66.56933689073989,105.4186046511628,146.09271775687208
0.2921726776339667,61.20899470899471,99.0,0,42.9325,66.5764732635956,105.4186046511628,146.15590746170884
0.2928267603835583,61.6171875,99.0,0,42.92339716902581,66.56398900921286,105.4186046511628,146.2031622169911
0.29196901225737076,61.6171875,99.0,0,42.92339716902581,66.66840990759754,105.4186046511628,146.26622075506504
0.291891576227253,61.6171875,99.0,0,42.92339716902581,66.61678797317484,105.4186046511628,146.32232213084902
0.29167800447524217,61.6171875,99.0,0,42.92339716902581,66.58850145551196,105.4186046511628,146.3571190706444
0.29248437588381,61.97692307692308,99.0,0,42.92339716902581,66.55734659824324,105.4186046511628,146.4173956378365
0.2920280048110762,61.97692307692308,99.0,0,42.92339716902581,66.57188197215851,105.4186046511628,146.29257299015097
0.2923474027501215,61.97692307692308,99.0,0,42.92339716902581,66.57188197215851,105.4186046511628,146.34510900586412
0.2914960789909104,61.97692307692308,99.0,0,42.92339716902581,66.48614980124573,105.4186046511628,146.40018643831147
0.2912687321942821,61.97692307692308,99.0,0,42.92339716902581,66.51809553446398,105.4186046511628,146.48304880633003
0.29091705060853823,61.58269720101781,99.0,0,42.92339716902581,66.38543500416937,105.4186046511628,146.43648075972607
0.29086210820528163,61.58269720101781,99.0,0,42.92339716902581,66.34050135542627,105.97727272727273,146.35672812820195
0.29085482513201194,61.58269720101781,99.0,0,42.92339716902581,66.36600334194137,105.97727272727273,146.29762815271954
0.29233179486657573,63.38241758241758,99.0,93.0,42.92339716902581,66.40240167389392,105.97727272727273,146.21027264015666
0.2927849741096998,63.23913043478261,99.0,93.0,42.73684210526316,66.51948677790494,105.97727272727273,146.19816263333118
0.29294472900882623,63.23913043478261,99.0,93.0,42.50798722044728,66.52255661501788,105.97727272727273,146.17555694353177
0.2928919568621397,63.23644251626898,99.0,93.0,42.35923869944489,66.3966452301218,105.97727272727273,146.1539497500741
0.29309953077942225,63.23644251626898,99.0,93.0,42.35923869944489,66.39840047393365,105.97727272727273,146.02603926832637
0.2928922667646666,63.23644251626898,99.0,93.0,42.35923869944489,66.39840047393365,105.97727272727273,146.04244936961496
0.29297960343027246,63.23644251626898,99.0,93.0,41.379925650557624,66.44019251779018,105.97727272727273,146.0251494155039
0.2931889659838386,63.44703389830509,99.0,93.0,41.42199108469539,66.62845202957422,105.97727272727273,145.99964156918247
0.2948417376077972,63.44703389830509,99.0,93.0,41.57322485207101,66.65560420315236,105.97727272727273,146.00330138426338
0.29494415152150943,63.420718816067655,99.0,93.0,40.8431654676259,66.6353509205666,105.97727272727273,145.95797336023196
0.2958694062944147,63.4873417721519,99.0,93.0,40.63091037402964,66.64349386432045,105.97727272727273,145.9429534379735
0.29625492513304336,63.4873417721519,99.0,93.0,40.869384934346925,66.68661001378044,105.97727272727273,145.92088676813765
0.2995762388521156,64.78498985801217,99.0,93.0,40.869384934346925,66.7553084792389,105.97727272727273,145.9217472879616
0.3003138530196316,64.82995951417004,99.0,93.0,41.29624664879356,66.78694384078692,105.97727272727273,145.92181009716555
0.3020806781596338,63.783365570599614,99.0,93.0,41.15700325732899,65.78242226402567,106.82978723404256,145.93763213131135
0.3028167770741974,63.652091254752854,99.0,93.0,41.15700325732899,65.8320783340229,106.82978723404256,145.9929090310343
0.3028392239924022,63.652091254752854,99.0,93.0,41.15700325732899,65.75656737744559,106.82978723404256,145.86374541065402
0.3036169098028764,63.951310861423224,99.0,93.0,41.15700325732899,65.91366808044876,106.82978723404256,145.89711279177337
0.30370901672776757,64.07434944237919,99.0,93.0,41.180989583333336,65.97610289108695,106.82978723404256,145.89383058761345
0.3037537912900476,64.06493506493507,99.0,93.0,41.26865671641791,66.02806503270635,108.69811320754717,145.907761296674
0.303774928989014,64.06493506493507,99.0,93.0,41.26865671641791,66.02806503270635,108.69811320754717,145.88383707907767
0.30371553670096524,64.06493506493507,99.0,93.0,41.26865671641791,66.03324468085107,108.69811320754717,145.86506436626135
0.30376160468041746,63.71134020618557,99.0,93.0,41.26865671641791,66.05069972660586,108.69811320754717,145.8607692346064
0.305650787904625,63.77739726027397,99.0,93.0,41.380181347150256,66.06143981819658,109.33928571428571,145.84317460191357
0.3057659316165062,63.77739726027397,99.0,93.0,41.380181347150256,66.09055075593953,109.33928571428571,145.79762542803812
0.3053929789396604,63.77739726027397,99.0,93.0,41.380181347150256,66.10431577248022,109.33928571428571,145.76645198335416
0.30561292742204593,63.83617747440273,99.0,93.0,40.99618563254927,66.10186371889351,109.33928571428571,145.74131910597808
0.3053014043427931,63.83783783783784,99.0,93.0,40.99618563254927,66.05399527939109,109.33928571428571,145.6302746609986
0.3054436639297384,63.83783783783784,99.0,93.0,40.99618563254927,66.05399527939109,109.33928571428571,145.6639421851143
0.30533133353909114,63.83783783783784,99.0,93.0,40.99618563254927,66.05399527939109,109.33928571428571,145.69597575663994
0.30524319079218326,63.83783783783784,99.0,93.0,41.184293856871435,66.1011301072153,109.29824561403508,145.67755574600199
0.30589757901631387,63.63394342762063,99.58333333333333,93.0,41.17282404508453,66.11159978009896,110.84848484848484,145.63122110381028
0.3070227949812994,63.69320066334992,99.58333333333333,99.5,40.82208588957055,66.19664737473278,110.84848484848484,145.61371932259027
0.30825641769398116,63.8495867768595,99.58333333333333,99.5,41.07168246445497,66.25123765584095,110.84848484848484,145.6204684056586
0.30787609208891026,63.8495867768595,99.58333333333333,99.5,41.023612750885476,66.1573007592583,110.84848484848484,145.58177383171142
0.30803729854041173,63.60129659643436,99.58333333333333,99.5,41.00765606595995,66.16767593475404,110.84848484848484,145.58318156734205
0.3108536366605186,64.30486008836525,99.58333333333333,99.5,41.00765606595995,66.26296467447115,110.84848484848484,145.56143907501584
0.3108760126982962,64.30486008836525,99.58333333333333,99.5,40.561344537815124,66.32358360202672,110.84848484848484,145.54992629017374
0.3106149121864332,64.30486008836525,99.58333333333333,99.5,40.561344537815124,66.32314578005115,110.84848484848484,145.3860289748739
0.31055772769285944,64.22173274596182,99.58333333333333,99.5,40.561344537815124,66.39380014217528,110.84848484848484,145.39191815329224
0.31094608694663284,64.26783114992722,99.58333333333333,99.5,40.56152125279642,66.4588785046729,110.84848484848484,145.41690214666252
0.3142553554998419,64.95142857142856,99.58333333333333,99.5,40.6286990508096,66.53324089247447,111.55223880597015,145.4325085674291
0.31587045492770865,64.66925064599484,99.58333333333333,99.5,40.6286990508096,66.55985090790037,111.55223880597015,145.44074921006674
0.3173954382826981,64.72236503856041,99.58333333333333,99.5,40.69197160021846,66.61883284472174,112.04285714285714,145.43642763599826
0.3181427818236669,64.72143774069319,99.58333333333333,99.5,40.45948827292111,66.66799780362402,112.04285714285714,145.41438137280562
0.31795369183365946,64.72143774069319,99.58333333333333,99.5,40.45948827292111,66.7792843129951,112.04285714285714,145.41993749581485
0.31771284665842175,64.72143774069319,99.58333333333333,99.5,40.45948827292111,66.81120512120685,112.04285714285714,145.43111089982227
0.31736069295843,64.72143774069319,99.58333333333333,99.5,40.45948827292111,66.89875485803401,112.04285714285714,145.478122819472
0.31740668243982784,64.72143774069319,99.58333333333333,99.5,40.44997353096877,66.94246656176239,112.04285714285714,145.4702718037655
0.3174682371389369,64.70934699103714,94.61111111111111,89.0,40.47435219460603,66.86771437663705,109.31645569620254,145.36827609288883
0.3173460059711036,64.91180124223602,94.61111111111111,89.0,40.47435219460603,66.9425306957708,109.31645569620254,145.41144771113488
0.31778778820858766,65.07151664611591,94.61111111111111,89.0,40.53890641430073,66.9902910270689,109.14634146341463,145.43469945420725
0.31760625625531735,65.16870415647922,94.61111111111111,89.0,40.53890641430073,67.18611489636376,109.14634146341463,145.42410132251769
0.3175990210430564,65.16870415647922,94.61111111111111,89.0,40.53890641430073,67.19715185344211,109.14634146341463,145.37100339687223
0.3175443808590779,65.18115942028986,94.61111111111111,89.0,39.8094512195122,67.29183981866264,109.14634146341463,145.3822846845478
0.31676631393972643,65.18115942028986,94.61111111111111,89.0,39.8094512195122,67.20260945338075,109.14634146341463,145.38289963045173
0.3166507089947321,65.18115942028986,94.61111111111111,89.0,39.8094512195122,67.24407877749348,109.14634146341463,145.37844687463618
0.3161477733979247,65.18115942028986,94.61111111111111,89.0,39.8094512195122,67.16594898197988,109.14634146341463,145.36611137243105
0.3160055311859848,65.18115942028986,94.61111111111111,89.0,39.8094512195122,67.31737848068929,109.14634146341463,145.34947437541717
0.31625021132896075,65.14437869822486,94.61111111111111,89.0,39.8094512195122,67.38614159373986,109.14634146341463,145.3747547021266
0.31621384070104,65.19074492099323,94.61111111111111,89.0,39.8094512195122,67.39073276859695,109.14634146341463,145.25093236285954
0.31616058974498285,65.19074492099323,94.61111111111111,89.0,39.8094512195122,67.4349341148778,109.14634146341463,145.2274793472965
0.31600133283182225,65.19074492099323,94.61111111111111,89.0,39.8094512195122,67.43947574876552,109.14634146341463,145.25016212663868
0.31579321555699646,65.19074492099323,94.61111111111111,89.0,39.8094512195122,67.46518246499885,109.14634146341463,145.311788454751
0.31562569602001767,65.19074492099323,94.61111111111111,89.0,39.8094512195122,67.55661196690588,109.14634146341463,145.39419579547197
0.31528476003016437,65.19074492099323,94.61111111111111,89.0,39.75975671566143,67.4645390070922,109.14634146341463,145.4190912146792
0.31488105662078375,65.19074492099323,94.61111111111111,89.0,39.75975671566143,67.45831445400997,109.14634146341463,145.44083565651508
0.31482343440392146,65.18560179977503,94.61111111111111,89.0,39.76,67.46039548149986,109.14634146341463,145.48262740962411
0.3146921571579106,65.18560179977503,94.61111111111111,89.0,39.76,67.43237230624031,109.14634146341463,145.45522008920793
0.3159203862443289,65.35791757049891,94.61111111111111,89.0,39.78137651821862,67.60414061104163,109.14634146341463,145.46684238684475
0.31568016614745587,65.35791757049891,94.61111111111111,89.0,39.78137651821862,67.60414061104163,109.14634146341463,145.522389870994
0.31566069879492886,65.34344528710726,94.61111111111111,89.0,39.7718765806778,67.54291123733155,109.14634146341463,145.4204123970667
0.31549262270965966,65.34344528710726,94.61111111111111,89.0,39.7718765806778,67.61065382823419,109.14634146341463,145.43806580523054
0.3166439713831214,65.29796355841371,94.61111111111111,89.0,39.7718765806778,67.6542838166925,109.14634146341463,145.45031958714603
0.3163919235650935,65.29796355841371,94.61111111111111,89.0,39.7718765806778,67.6765180842827,109.14634146341463,145.46740135832076
0.31559331886749303,65.29796355841371,94.61111111111111,89.0,39.7718765806778,67.58212767831583,109.14634146341463,145.4584852612181
0.3152875240278839,65.29796355841371,94.61111111111111,89.0,39.7718765806778,67.48927584543182,109.14634146341463,145.44325320299944
0.31506617883047694,65.29796355841371,94.61111111111111,89.0,39.7718765806778,67.53831837092183,109.14634146341463,145.483119981268
0.3151092960822212,65.29796355841371,94.61111111111111,89.0,39.7718765806778,67.7319750573767,109.14634146341463,145.50549887936228
0.3148003911229176,65.29796355841371,94.61111111111111,89.0,39.7718765806778,67.61725525641853,109.14634146341463,145.51726955434336
0.3147136597005703,65.29796355841371,94.61111111111111,89.0,39.7718765806778,67.64159935034407,109.14634146341463,145.5422243540565
0.31461139486645023,65.23982869379014,94.61111111111111,89.0,39.7718765806778,67.57057395895427,109.14634146341463,145.54399499390024
0.31459475381858176,65.23982869379014,94.61111111111111,89.0,39.7718765806778,67.57188777247957,109.14634146341463,145.44927698731092
0.31422896786079674,65.23982869379014,94.61111111111111,89.0,39.606425702811244,67.53214838039955,109.14634146341463,145.46981964576406
0.3140773496676165,65.23982869379014,94.61111111111111,89.0,39.606425702811244,67.45661763154007,109.14634146341463,145.45525869535354
0.31403009590207387,64.82875264270614,94.61111111111111,89.0,39.606425702811244,67.47556627516778,109.14634146341463,145.457015719192
0.31383820549015845,64.77133825079031,94.61111111111111,89.0,39.578210894552726,67.46901787390243,109.14634146341463,145.48332387183333
0.3138377110928185,64.77133825079031,94.61111111111111,89.0,39.826195219123505,67.62133228418197,110.5,145.55921123764506
0.3141523347876548,64.94031413612565,94.61111111111111,89.0,39.87152777777778,67.65673398587536,110.5,145.6036672966657
0.31401073518085304,64.94031413612565,94.61111111111111,89.0,39.87952404561229,67.7424142886471,110.5,145.62743687859066
0.3138769481431097,64.94031413612565,94.61111111111111,89.0,39.87574257425742,67.70897561373461,110.5,145.6528787865195
0.31350389282025953,64.94031413612565,94.61111111111111,89.0,39.87574257425742,67.80254815898562,110.5,145.72493947787856
0.3127864484817282,64.94031413612565,94.61111111111111,89.0,39.87574257425742,67.74712085332038,110.5,145.74076545877486
0.3139437875920844,64.92914979757084,94.61111111111111,91.25,39.87574257425742,67.75287286558226,110.5,145.65059703882932
0.3137925561231545,64.92517694641052,94.61111111111111,91.25,39.9085516559565,67.85949897297515,110.5,145.7054645871902
0.3138102409638554,64.92517694641052,94.61111111111111,91.25,39.92623351245725,67.83488446726572,110.5,145.73453091125592
0.313667590870635,64.92517694641052,94.61111111111111,91.25,39.92623351245725,67.8899117376892,110.5,145.75008588756899
0.3135738046652657,64.92517694641052,94.61111111111111,91.25,39.9306640625,67.92206836178426,110.5,145.79642855212012
0.313571882278213,64.91010101010102,94.61111111111111,91.25,39.9306640625,68.1644094860725,110.5,145.8541667895445
0.31364708531701924,64.91010101010102,94.61111111111111,91.25,39.91566265060241,68.17835734360567,110.5,145.87615352681397
0.3136620302216626,64.91742195367573,94.61111111111111,91.25,39.91566265060241,68.19824021634757,110.5,145.8955141382571
0.31373877583855597,64.93762575452716,94.61111111111111,91.25,39.91566265060241,68.17049052179011,110.5,145.87123149402044
0.3137953200845892,64.87675350701403,94.61111111111111,91.25,39.903689506468616,68.16891179571277,110.5,145.87820156399175
0.31406929583477866,64.95712861415753,94.61111111111111,91.25,39.70663507109005,68.23954690292997,110.5,145.86786195269616
0.31402292989510167,64.95712861415753,94.61111111111111,91.25,39.70663507109005,68.23954690292997,110.5,145.78725535634223
0.31418152657701687,64.97609561752988,94.61111111111111,91.25,39.25390984360626,68.25858194498257,110.5,145.76395102673413
0.31510686151976514,65.3076923076923,94.61111111111111,91.25,39.25390984360626,68.36292408043538,112.23076923076923,145.72845439221513
0.31480884603532433,65.3076923076923,94.61111111111111,91.25,39.23023897058823,68.27211930202168,112.12903225806451,145.6982646666891
0.316362741286756,65.32555879494655,94.61111111111111,91.25,39.29785290086797,68.39498414638805,112.12903225806451,145.71748831992346
0.3162700599643587,65.22868217054264,94.61111111111111,91.25,39.29785290086797,68.34754878629224,112.27659574468085,145.7080201576872
0.31611677327147913,65.26666666666667,94.61111111111111,91.25,39.29785290086797,68.39293510240495,112.27659574468085,145.70915493584823
0.3159637733294625,65.26666666666667,94.61111111111111,91.25,39.29785290086797,68.34084586999717,112.27659574468085,145.67209358316603
0.315965104371653,65.26666666666667,94.61111111111111,91.25,39.30776255707762,68.30384905660377,112.36458333333333,145.6581638475607
0.31548636368070754,65.26666666666667,94.61111111111111,91.25,39.30776255707762,68.28350234229488,112.36458333333333,145.6624135916754
0.31546317774477245,65.26666666666667,94.61111111111111,91.25,39.35197817189631,68.26607280449531,112.45360824742268,145.65859413740424
0.3155258162112842,64.84398496240601,94.61111111111111,91.25,39.35197817189631,68.26405707312495,112.4795918367347,145.59477704665358
0.31545275204123063,64.84398496240601,94.61111111111111,91.25,39.35197817189631,68.25378157545389,112.4795918367347,145.5682241249799
0.31541966558428236,64.84398496240601,94.61111111111111,91.25,39.35197817189631,68.23986946386947,112.4795918367347,145.55549103603076
0.31604687351138494,65.74863387978142,94.61111111111111,91.25,39.35197817189631,68.40679508851449,112.4795918367347,145.6134209860349
0.315932243870624,65.74863387978142,94.61111111111111,91.25,39.35197817189631,68.38428788271445,112.4795918367347,145.59991705956884
0.31592629539174205,65.74863387978142,94.61111111111111,91.25,39.30706888788834,68.36692387211106,112.4795918367347,145.58936300424742
0.31601652524797486,65.74863387978142,94.61111111111111,91.25,39.34124496193462,68.35266740250184,112.91919191919192,145.5803010836624
0.31613996176677367,65.74863387978142,94.61111111111111,91.25,38.994323144104804,68.34598722373156,113.7128712871287,145.56174584664316
0.3159017773202231,65.74863387978142,94.61111111111111,91.25,38.994323144104804,68.36304077300343,113.7128712871287,145.57528167130616
0.3158367272644536,65.74863387978142,94.61111111111111,91.25,39.055097613882864,68.44815986617209,113.7128712871287,145.58458181811267
0.31576499908268046,65.74863387978142,94.61111111111111,91.25,39.055097613882864,68.47708533425148,113.7128712871287,145.5836244606697
0.31839202275896206,65.88949275362319,94.61111111111111,91.25,39.08196010407632,68.50538705296515,113.7128712871287,145.6123362838512
0.3182234287270158,65.88949275362319,94.61111111111111,91.25,39.08196010407632,68.50538705296515,113.7128712871287,145.54235769178948
0.31825075765714445,65.88949275362319,94.61111111111111,91.25,39.08196010407632,68.52156268600184,113.7128712871287,145.51964573613665
0.31807308548281144,65.88949275362319,94.61111111111111,91.25,39.04706390328152,68.49867727248187,113.7128712871287,145.5129622257639
0.3180653440238304,65.88949275362319,94.61111111111111,91.25,38.76121930567316,68.49626369678462,113.7128712871287,145.52061183835352
0.31793866097683426,65.88949275362319,94.61111111111111,91.25,38.76724502750741,68.53408053282725,113.7128712871287,145.48982671568615
0.31788107013533884,65.88949275362319,94.61111111111111,91.25,38.76724502750741,68.55223560910308,113.7128712871287,145.47943537974814
0.3178216787618054,65.88949275362319,94.61111111111111,91.25,38.76724502750741,68.55223560910308,113.7128712871287,145.48576210213207
0.31797010632653344,65.88949275362319,94.61111111111111,91.25,38.832699619771866,68.5771924509472,114.0576923076923,145.4793873356707
0.31785904676877136,65.88949275362319,94.61111111111111,91.25,38.82144364710849,68.52123922069626,114.0576923076923,145.45679313154739
0.3178967330479117,65.88949275362319,94.61111111111111,91.25,38.82144364710849,68.52123922069626,114.0576923076923,145.43161145305
0.3178201874484198,65.88949275362319,94.61111111111111,91.25,38.82144364710849,68.49325639845658,114.0576923076923,145.41239136574356
0.31753807745405116,65.88949275362319,94.61111111111111,91.25,38.82144364710849,68.49325639845658,114.0576923076923,145.360047327627
0.31741737618072663,65.9,94.61111111111111,91.25,38.82144364710849,68.5743568990393,114.0576923076923,145.36954272533572
0.31730417032695546,65.9,94.61111111111111,91.25,38.82144364710849,68.90984704797368,114.0576923076923,145.38546720766976
0.31733770630182273,65.85354896675652,94.61111111111111,91.25,38.86720067453626,69.01424053367437,114.22429906542057,145.40096423855985
0.3165097629772639,65.85354896675652,94.61111111111111,91.25,38.86720067453626,69.00414994920186,114.22429906542057,145.41514399105475
0.3163125965293722,65.85354896675652,94.61111111111111,91.25,38.86720067453626,69.16534787141319,114.22429906542057,145.42303655325253
0.3162915855535242,65.85354896675652,94.61111111111111,91.25,38.86720067453626,69.27203520875462,114.21296296296296,145.42465680601063
0.3162850043183263,65.85354896675652,94.61111111111111,91.25,39.32572614107884,69.33398434211634,113.89565217391305,145.42961862103263
0.3175260721064595,65.70714285714286,94.61111111111111,91.25,39.600158353127476,69.33238893545683,113.89565217391305,145.41688778137183
0.3175017218003751,65.70714285714286,94.61111111111111,91.25,39.600158353127476,69.41963455149502,113.89565217391305,145.41031993945785
0.31742681190306776,65.70714285714286,94.61111111111111,91.25,39.600158353127476,69.61358140453042,113.89565217391305,145.40986503931308
0.3170800042759063,65.70714285714286,94.61111111111111,91.25,39.600158353127476,69.61358140453042,113.89565217391305,145.34017616516437
0.31707821780389234,65.70714285714286,94.61111111111111,91.25,39.604034810126585,69.66432182178089,113.89565217391305,145.33682823804293
0.3171703088559953,65.64539007092199,94.61111111111111,91.25,39.604034810126585,69.6638645860538,113.89565217391305,145.3326613130874
0.3170742573960517,65.64539007092199,94.61111111111111,91.25,39.604034810126585,69.64839885446499,113.89565217391305,145.3228357201783
0.3170315766781526,65.64539007092199,94.61111111111111,91.25,39.604034810126585,69.7037264669729,113.89565217391305,145.2980833927082
0.31682890107701933,65.64539007092199,94.61111111111111,91.25,39.604034810126585,69.69554880889274,113.89565217391305,145.32473313671727
0.3170846373644701,65.65013286093888,94.61111111111111,91.25,39.92941176470588,69.85009029742213,114.275,145.34137838457
0.3167892359635033,65.65013286093888,94.61111111111111,91.25,39.92941176470588,69.9133250390787,114.275,145.3814661572657
0.31680992209599024,65.65013286093888,94.61111111111111,91.25,40.08763086467623,69.92989606040501,114.275,145.37079745824218
0.31707788391199737,65.61310043668122,94.61111111111111,91.25,40.08763086467623,70.00242485317041,114.275,145.4054474841612
0.3170129963319869,65.61310043668122,94.61111111111111,91.25,40.08763086467623,70.20082300663412,114.275,145.41812082513118
0.3169295826764121,65.61310043668122,94.61111111111111,91.25,40.08763086467623,70.20082300663412,114.275,145.3304683791721
0.31679319143207524,65.61310043668122,94.61111111111111,91.25,40.08763086467623,70.19623977270963,114.275,145.3138385584147
0.3168250698194943,65.61310043668122,94.61111111111111,91.25,40.34110898661568,70.28095898859081,114.275,145.29544644434995
0.31681629921140964,65.6151832460733,94.61111111111111,91.25,40.39419404125287,70.30983903667752,114.275,145.28214931856922
0.3165443379425609,65.6151832460733,94.61111111111111,91.25,40.39419404125287,70.3362559676827,114.275,145.2943030625978
0.316443615002599,65.62685265911072,94.61111111111111,91.25,40.39419404125287,70.35421738072054,114.275,145.2814472819775
0.3163424779299239,65.62685265911072,94.61111111111111,91.25,40.39419404125287,70.70592444616715,114.275,145.28814811442925
0.316567966188333,65.62685265911072,94.61111111111111,91.25,40.53220338983051,70.76331360946746,114.275,145.31048475105965
0.31641211843689054,65.62685265911072,94.61111111111111,91.25,40.53953313253012,70.70894598815453,114.275,145.31246076190158
0.3162472166251435,65.62685265911072,94.61111111111111,91.25,40.53953313253012,70.67542449659526,114.275,145.28871777581966
0.3160997159779038,65.62685265911072,94.61111111111111,91.25,40.578412937194436,70.57731555297869,113.95934959349593,145.27461599452556
0.31624105532446317,65.5680832610581,94.61111111111111,91.25,40.578412937194436,70.56890173410405,113.95934959349593,145.21476203428304
0.3160613907194171,65.5680832610581,94.61111111111111,91.25,40.62885048835462,70.68575567220262,113.95934959349593,145.23538608202276
0.31600449011113313,65.5680832610581,94.61111111111111,91.25,40.62885048835462,70.68575567220262,113.95934959349593,145.22110732944606
0.3161038983376381,65.5680832610581,94.61111111111111,91.25,40.66080777860883,70.75544811455303,113.95934959349593,145.21582712826086
0.3178199600056376,66.58018471872376,94.61111111111111,91.25,40.66080777860883,70.8861469831934,113.95934959349593,145.25483338370486
0.3176621495321389,66.5929648241206,94.61111111111111,91.25,40.66080777860883,70.87864614337954,113.95934959349593,145.25294119229656
0.3174779354943669,66.5929648241206,94.61111111111111,91.25,40.66080777860883,70.9298428728596,113.95934959349593,145.2517403715408
0.3180397430975526,66.5929648241206,94.61111111111111,91.25,40.76350851221318,70.94218309859156,113.89516129032258,145.26667996974476
0.31849616542763654,66.5929648241206,94.61111111111111,91.25,40.98845182244677,70.99773701595333,113.89516129032258,145.27601521435838
0.321029594805199,67.22459016393442,94.61111111111111,91.25,40.98845182244677,71.00667462938242,113.89516129032258,145.28325289627662
0.32102412525124163,67.22459016393442,94.61111111111111,91.25,40.98845182244677,71.09218699833885,113.89516129032258,145.28145328934653
0.32096346189809827,67.22459016393442,94.61111111111111,91.25,40.98845182244677,71.09218699833885,113.89516129032258,145.22624527124125
0.3208171152230286,67.22459016393442,94.61111111111111,91.25,40.98845182244677,71.02511199532542,113.89516129032258,145.2200949837351
0.3210369809666882,67.09623095429029,94.61111111111111,91.25,40.98845182244677,71.04496630306399,113.89516129032258,145.23136961552515
0.3208919754482921,67.09623095429029,94.61111111111111,91.25,40.98845182244677,71.0470511918071,113.89516129032258,145.22138831833374
0.320809747328473,67.09623095429029,94.61111111111111,91.25,41.04233943308217,71.02073123726667,113.728,145.22346631805573
0.32076939579374,67.09623095429029,94.61111111111111,91.25,41.10447227191413,71.08544585507485,113.728,145.21659604099884
0.3206900861413591,67.09623095429029,94.61111111111111,91.25,41.165117941386704,71.11749760961617,113.80952380952381,145.22699578137488
0.32071844466528887,67.09623095429029,94.61111111111111,91.25,41.165117941386704,71.16621660130542,113.80952380952381,145.23874583649228
0.32069358879367654,67.09623095429029,94.61111111111111,91.25,41.23271560940841,71.14521073314337,113.80952380952381,145.2454020304083
0.32052870174955195,67.09623095429029,94.61111111111111,91.25,41.3049822064057,71.21404673286484,113.953125,145.2565246122886
0.3204005110082458,67.09623095429029,94.61111111111111,91.25,41.32088224831021,71.22323206672102,113.73846153846154,145.25973609155392
0.3202128074716755,67.09623095429029,94.61111111111111,91.25,41.32088224831021,71.21166168304144,113.73846153846154,145.2049598603909
0.320392150375774,66.96019108280255,94.61111111111111,91.25,41.31985815602837,71.19884837362696,113.73846153846154,145.18909927341065
0.3203160053401599,66.96019108280255,94.61111111111111,91.25,41.31985815602837,71.18951767553199,113.73846153846154,145.1466739124448
0.32011180327894573,66.96019108280255,94.61111111111111,91.25,41.31985815602837,71.18951767553199,113.73846153846154,145.15337332371456
0.32018548854834183,66.96019108280255,94.61111111111111,91.25,41.39473684210526,71.21196587936858,113.73846153846154,145.14867104571366
0.3200884357198988,66.96019108280255,94.61111111111111,91.25,41.39473684210526,71.31108787977784,113.73846153846154,145.13851867222857
0.3204258988987661,66.98249801113764,94.61111111111111,91.25,41.42618964918375,71.37297586013732,113.73846153846154,145.16382839563946
0.3205813772673756,66.98249801113764,94.61111111111111,91.25,41.51036627505183,71.38330608961884,113.73846153846154,145.15547433728676
0.3206454837335843,66.98249801113764,94.61111111111111,91.25,41.6590051457976,71.44635176552399,113.73846153846154,145.1637450066064
0.32054202885836297,66.98249801113764,94.61111111111111,91.25,41.667352537722905,71.51080545070693,113.73846153846154,145.18303822966655
0.320562393563124,66.8342541436464,94.61111111111111,91.25,41.657299520219325,71.50264381322162,113.73846153846154,145.18967509964978
0.32045284677270847,66.83280757097792,94.61111111111111,91.25,41.657299520219325,71.5030264334057,113.73846153846154,145.14680768874462
0.320432063373828,66.83280757097792,94.61111111111111,91.25,41.657299520219325,71.56420716566159,113.73846153846154,145.13945848862585
0.3204695266911606,66.83280757097792,94.61111111111111,91.25,41.657299520219325,71.57808834287732,113.73846153846154,145.12071820675177
0.32040001741618557,66.83280757097792,94.61111111111111,91.25,41.70044505306402,71.5155573306042,113.62595419847328,145.10041444321567
0.3211572727584035,66.85421591804571,94.61111111111111,91.25,42.129839786381844,71.60837785000062,113.62595419847328,145.1429424852514
0.32120005376240857,66.85421591804571,94.61111111111111,91.25,42.509905813575834,71.60724951979677,113.62595419847328,145.17101669428882
0.3211301268663838,66.85421591804571,94.61111111111111,91.25,42.509905813575834,71.64562424481542,113.62595419847328,145.2025729466448
0.32113112279423245,66.85421591804571,94.61111111111111,91.25,42.509905813575834,71.73706986380297,113.62595419847328,145.19744525030916
0.3210665704497669,66.85421591804571,94.61111111111111,91.25,42.509905813575834,71.74386285993167,113.62595419847328,145.17133550476166
0.3210044372884848,66.85421591804571,94.61111111111111,91.25,42.509905813575834,71.85130242077092,113.62595419847328,145.17928382563738
0.3203260385135179,66.85421591804571,94.61111111111111,91.25,42.509905813575834,71.83088679838455,113.62595419847328,145.18765495109636
0.3203441600899221,66.66848673946959,94.61111111111111,91.25,42.509905813575834,71.7778434090772,113.62595419847328,145.12421396194264
0.3200681212461362,66.66848673946959,94.61111111111111,91.25,42.509905813575834,71.64387454225519,113.47727272727273,145.12687749927542
0.3212233368310915,66.71673151750973,94.61111111111111,91.25,42.57411612066169,71.64991917463034,113.32394366197182,145.12811737722316
0.3210178948596987,66.71673151750973,94.61111111111111,91.25,42.57411612066169,71.65228528735086,113.32394366197182,145.14619088348846
0.32101432252268847,66.71673151750973,94.61111111111111,91.25,42.57411612066169,71.68346308091532,113.32394366197182,145.14366079111332
0.3209243336441462,66.71673151750973,94.61111111111111,91.25,42.57411612066169,71.72445776758948,113.32394366197182,145.1516715257477
0.32081391804043674,66.71673151750973,94.61111111111111,91.25,42.57411612066169,71.779274587142,113.32394366197182,145.15338222632468
0.321105234457547,66.72783825816485,94.61111111111111,91.25,42.5875486381323,71.8297554775592,113.32394366197182,145.19193013177932
0.32105246076903765,66.72783825816485,94.61111111111111,91.25,42.51981952948759,71.83025813119056,113.32394366197182,145.2015837160021
0.32108324850901,66.72783825816485,94.61111111111111,91.25,42.620503024514484,71.88156145603348,113.3986013986014,145.217877295009
0.3211048360834906,66.70942812982999,94.61111111111111,91.25,42.620503024514484,72.04282611180976,113.3986013986014,145.2011581764873
0.3210044365769888,66.70942812982999,94.61111111111111,91.25,42.620503024514484,72.04282611180976,113.3986013986014,145.12721510619141
0.32046542931842303,66.70942812982999,94.61111111111111,91.25,42.620503024514484,71.98663451366691,113.3986013986014,145.14100359100186
0.32039130263052495,66.72145061728395,94.61111111111111,91.25,42.62126034373011,72.02667794698252,113.3986013986014,145.1306568921939
0.3203285352881534,66.72145061728395,94.61111111111111,91.25,42.644395186827104,72.04902521328714,113.3986013986014,145.1422490449533
0.3203089656836386,66.72145061728395,94.61111111111111,91.25,42.644395186827104,72.0905363624143,113.3986013986014,145.1850414336536
0.3205115255966642,66.710100231303,94.61111111111111,91.25,42.76807511737089,72.10616900873953,113.3986013986014,145.19740077588398
0.3205395408051018,66.710100231303,94.61111111111111,91.25,42.72795263321907,72.10995613304459,113.3986013986014,145.19761075660162
0.3204274620738674,66.710100231303,94.61111111111111,91.25,42.744627841793836,72.09707633343274,113.3986013986014,145.1829276912351
0.31991763132108736,66.710100231303,94.61111111111111,91.25,42.752179327521795,72.05958557784462,111.08176100628931,145.1676727350868
0.3199493163709213,66.710100231303,94.61111111111111,91.25,42.76740650653694,72.07250602383127,111.08176100628931,145.18065638189807
0.31963673940635073,66.710100231303,94.61111111111111,91.25,42.76740650653694,72.02389453446855,111.08176100628931,145.16791586978093
0.3195575231491538,65.94713328369322,94.61111111111111,91.25,42.76740650653694,72.0253103478528,111.08176100628931,145.19296981280203
0.3195372547998623,65.94713328369322,94.61111111111111,91.25,42.76740650653694,71.9911876933842,111.08176100628931,145.13824891414342
0.3196044462597947,65.8427299703264,94.61111111111111,91.25,42.76139817629179,71.95522469458987,111.08176100628931,145.12691207497718
0.31948183466136176,65.8427299703264,94.61111111111111,91.25,42.76139817629179,71.89858480296103,111.08176100628931,145.1284104591646
0.31939627682930166,65.8427299703264,94.61111111111111,91.25,42.76139817629179,71.89858480296103,111.08176100628931,145.1271827298378
