filename,Bins0,Bins1,Bins2,Bins3,Bins4,Bins5,Bins6,Bins7,class
transformed_image_normal_1.png,5822,14402,0,9189,10538,0,11831,13754,1
transformed_image_normal_2.png,6325,11758,0,10893,13314,0,8460,14786,1
transformed_image_normal_3.png,5911,15666,0,9025,13587,0,8205,13142,1
transformed_image_normal_4.png,5688,15515,0,8941,10462,0,11009,13921,1
transformed_image_normal_5.png,6101,12231,0,10258,14797,0,7655,14494,1
transformed_image_normal_6.png,5901,12153,0,11416,12535,0,7160,16371,1
transformed_image_normal_7.png,8223,9656,0,7992,14840,0,9509,15316,1
transformed_image_normal_8.png,6286,11740,0,11723,14069,0,6801,14917,1
transformed_image_normal_9.png,6885,9989,2,10305,14955,0,7300,16100,1
transformed_image_normal_10.png,6970,9051,0,11654,16098,0,6442,15321,1
transformed_image_normal_11.png,6959,15000,0,9666,12170,0,8867,12874,1
transformed_image_normal_12.png,6750,9423,0,11078,14566,0,8425,15294,1
transformed_image_normal_13.png,8327,13444,3,11813,9630,0,8716,13603,1
transformed_image_normal_14.png,6847,13823,1,9882,13097,0,7217,14669,1
transformed_image_normal_15.png,6730,15014,0,9653,14228,0,6057,13854,1
transformed_image_normal_16.png,6436,11995,0,11071,14449,0,7486,14099,1
transformed_image_normal_17.png,6117,12290,0,12303,12849,0,6488,15489,1
transformed_image_normal_18.png,5630,10266,0,12887,15447,0,6663,14643,1
transformed_image_normal_19.png,8533,7903,0,12770,15027,0,6254,15049,1
transformed_image_normal_20.png,5801,12768,0,8219,12723,0,11618,14407,1
transformed_image_normal_21.png,5504,12560,0,10526,15215,0,7965,13766,1
transformed_image_normal_22.png,7348,9562,0,8749,15324,0,9097,15456,1
transformed_image_normal_23.png,6336,11346,1,8991,15211,0,8945,14706,1
transformed_image_normal_24.png,6865,13081,0,10454,12376,0,8338,14422,1
transformed_image_normal_25.png,6461,10743,0,12500,13469,0,7709,14654,1
transformed_image_normal_26.png,6619,10111,2,10303,14137,0,8011,16353,1
transformed_image_normal_27.png,6364,13664,0,10322,13535,0,7018,14633,1
transformed_image_normal_28.png,5788,12690,1,10361,15385,0,6736,14575,1
transformed_image_normal_29.png,7371,13427,0,11018,11513,0,7812,14395,1
transformed_image_normal_30.png,7396,13025,7,10768,11742,0,9778,12820,1
transformed_image_normal_31.png,7499,12269,0,10528,11987,1,8895,14357,1
transformed_image_normal_32.png,8548,11040,0,9739,17484,0,6282,12443,1
transformed_image_normal_33.png,6643,14316,0,10252,11538,0,7982,14805,1
transformed_image_normal_34.png,6767,14734,0,10383,10590,0,7585,15477,1
transformed_image_normal_35.png,5634,13948,4,9867,14083,0,6859,15141,1
transformed_image_normal_36.png,6737,13438,0,10611,13012,1,7027,14710,1
transformed_image_normal_37.png,7143,13609,0,10212,13574,0,8620,12378,1
transformed_image_normal_38.png,6816,13282,0,10698,13234,0,7954,13552,1
transformed_image_normal_39.png,6583,13241,0,11219,12474,0,7571,14448,1
transformed_image_normal_40.png,7290,13314,0,10009,12803,0,7922,14198,1
transformed_image_normal_41.png,5883,11686,0,10989,14769,0,8726,13483,1
transformed_image_normal_42.png,6840,14804,0,10437,10945,0,8051,14459,1
transformed_image_normal_43.png,6443,9710,1,11705,15831,0,6741,15105,1
transformed_image_normal_44.png,6585,12015,2,11531,14461,0,7182,13760,1
transformed_image_normal_45.png,6523,12224,0,11899,12152,0,7351,15387,1
transformed_image_normal_46.png,10598,6910,0,10078,15795,0,7331,14824,1
transformed_image_normal_47.png,6583,11214,0,8876,14655,0,8860,15348,1
transformed_image_normal_48.png,6693,12310,0,9761,15270,0,7786,13716,1
transformed_image_normal_49.png,6083,10240,0,10650,15271,0,7705,15587,1
transformed_image_normal_50.png,6335,9698,0,12688,15802,0,6681,14332,1
transformed_image_normal_51.png,6704,12579,0,10007,11627,0,9561,15058,1
transformed_image_normal_52.png,6784,14510,0,9538,12927,0,8553,13224,1
transformed_image_normal_53.png,6592,14123,2,10660,11700,0,8996,13463,1
transformed_image_normal_54.png,7165,14256,1,9664,13353,0,7549,13548,1
transformed_image_normal_55.png,6077,14772,0,9250,14728,0,7346,13363,1
transformed_image_normal_56.png,5802,12659,0,7145,13963,0,11909,14058,1
transformed_image_normal_57.png,7571,12816,3,10593,11689,0,9720,13144,1
transformed_image_normal_58.png,7313,13032,2,10413,11843,0,9526,13407,1
transformed_image_normal_59.png,6008,14234,0,8822,14445,0,8887,13140,1
transformed_image_normal_60.png,6697,15371,0,10026,8706,0,11697,13039,1
transformed_image_normal_61.png,5629,13342,0,9917,16551,0,6415,13682,1
transformed_image_normal_62.png,6009,13942,1,9890,13562,0,9335,12797,1
transformed_image_normal_63.png,6061,14108,0,11041,10505,0,7865,15956,1
transformed_image_normal_64.png,7135,13975,0,11184,8463,0,13598,11181,1
transformed_image_normal_65.png,8332,7665,0,11634,16313,0,6500,15092,1
transformed_image_normal_66.png,6193,11493,0,12066,14507,0,7582,13695,1
transformed_image_normal_67.png,6931,12116,0,9027,16985,1,7939,12537,1
transformed_image_normal_68.png,8845,8797,0,10009,14984,0,7199,15702,1
transformed_image_normal_69.png,6912,12964,1,9841,13505,0,8532,13781,1
transformed_image_normal_70.png,7297,12298,1,12343,11954,0,8348,13295,1
transformed_image_normal_71.png,6427,13621,0,8354,16154,0,7904,13076,1
transformed_image_normal_72.png,7119,13970,9,8907,10878,0,12224,12429,1
transformed_image_normal_73.png,5749,11908,2,9606,15669,1,8104,14497,1
transformed_image_normal_74.png,5252,13267,0,9544,16369,0,7971,13133,1
transformed_image_normal_75.png,6733,11471,1,9719,14556,0,8529,14527,1
transformed_image_normal_76.png,6419,10938,1,11234,14969,0,7714,14261,1
transformed_image_normal_77.png,6731,13605,1,10452,13670,0,8762,12315,1
transformed_image_normal_78.png,6448,13742,0,9543,13643,0,8793,13367,1
transformed_image_normal_79.png,7087,12302,1,10929,11663,0,9856,13698,1
transformed_image_normal_80.png,6340,14803,0,9904,9510,0,13117,11862,1
transformed_image_normal_81.png,9311,7025,2,10702,14932,0,6128,17436,1
transformed_image_normal_82.png,6777,13181,0,10168,13197,0,8549,13664,1
transformed_image_normal_83.png,7399,11266,22,8603,16861,0,7819,13566,1
transformed_image_normal_84.png,5342,15883,0,6768,11189,0,13863,12491,1
transformed_image_normal_85.png,5951,12636,0,12163,11999,0,6994,15793,1
transformed_image_normal_86.png,6498,13213,2,10541,13707,0,6449,15126,1
transformed_image_normal_87.png,7031,13889,1,9406,14669,0,8085,12455,1
transformed_image_normal_88.png,5652,12902,0,10322,14975,0,7722,13963,1
transformed_image_normal_89.png,6228,10824,0,10732,16194,0,7076,14482,1
transformed_image_normal_90.png,6088,13870,0,9856,11792,1,10411,13518,1
transformed_image_normal_91.png,6581,13995,1,10524,11962,0,8619,13854,1
transformed_image_normal_92.png,6344,13979,0,10479,12107,0,8865,13762,1
transformed_image_normal_93.png,7129,11257,0,10171,17408,0,6463,13108,1
transformed_image_normal_94.png,6786,11248,4,10230,16280,0,6652,14336,1
transformed_image_normal_95.png,6271,14507,0,9691,13022,0,9069,12976,1
transformed_image_normal_96.png,6965,13586,0,10646,10390,1,11443,12505,1
transformed_image_normal_97.png,7560,12607,0,11599,10121,0,7597,16052,1
transformed_image_normal_98.png,5763,11164,1,10901,14089,0,7530,16088,1
transformed_image_normal_99.png,6732,12630,0,8635,12691,0,11056,13792,1
transformed_image_normal_100.png,7193,11806,0,10931,13272,0,8049,14285,1
transformed_image_normal_101.png,6522,13161,1,11009,11752,0,8279,14812,1
transformed_image_normal_102.png,6014,15151,0,8849,11403,0,11631,12488,1
transformed_image_normal_103.png,7204,15062,0,10268,10744,3,9287,12968,1
transformed_image_normal_104.png,6102,14158,6,10619,11306,0,9586,13759,1
transformed_image_normal_105.png,6354,13438,0,9235,13634,0,9030,13845,1
transformed_image_normal_106.png,5770,11718,3,10043,16412,4,6863,14723,1
transformed_image_normal_107.png,8778,9193,0,10454,15420,0,6858,14833,1
transformed_image_normal_108.png,6568,9548,3,12016,16602,0,6879,13920,1
transformed_image_normal_109.png,6579,13288,2,11025,12608,0,8060,13974,1
transformed_image_normal_110.png,6874,13048,2,10478,12767,0,8452,13915,1
transformed_image_normal_111.png,7139,13609,0,11565,9113,0,12180,11930,1
transformed_image_normal_112.png,6251,12309,1,11551,12443,0,7728,15253,1
transformed_image_normal_113.png,6081,15076,1,9952,12378,0,7507,14541,1
transformed_image_normal_114.png,6198,11798,0,11033,16287,1,6692,13527,1
transformed_image_normal_115.png,5745,13108,0,9904,15699,0,6676,14404,1
transformed_image_normal_116.png,6794,13605,0,10144,10724,0,11782,12487,1
transformed_image_normal_117.png,6287,9884,3,10352,14582,0,7367,17061,1
transformed_image_normal_118.png,6378,13816,0,8688,11731,0,11793,13130,1
transformed_image_normal_119.png,6791,11044,2,8431,16214,0,8799,14255,1
transformed_image_normal_120.png,6898,13718,1,10814,9711,0,9891,14503,1
transformed_image_normal_121.png,7448,12056,0,11139,12274,1,8710,13908,1
transformed_image_normal_122.png,7275,13746,0,11128,10892,0,8626,13869,1
transformed_image_normal_123.png,5113,12976,0,10327,14588,0,8004,14528,1
transformed_image_normal_124.png,6476,11545,2,10945,14618,0,8147,13803,1
transformed_image_normal_125.png,5617,14295,0,9908,11921,0,9648,14147,1
transformed_image_normal_126.png,6091,14796,0,8503,16284,0,7438,12424,1
transformed_image_normal_127.png,8796,8925,0,10580,15773,0,7222,14240,1
transformed_image_normal_128.png,6384,10989,1,12217,13462,0,6894,15589,1
transformed_image_normal_129.png,6278,10278,2,10900,14300,0,8142,15636,1
transformed_image_normal_130.png,6705,14248,1,9713,10545,0,11670,12654,1
transformed_image_normal_131.png,6799,14483,0,9907,10998,0,10868,12481,1
transformed_image_normal_132.png,6691,11585,0,11360,14684,0,7229,13987,1
transformed_image_normal_133.png,6585,10675,0,10662,15977,0,6644,14993,1
transformed_image_normal_134.png,6717,11110,0,10079,16000,0,7292,14338,1
transformed_image_normal_135.png,6247,11477,1,11508,13643,0,8182,14478,1
transformed_image_normal_136.png,6499,10908,0,10857,13526,0,8399,15347,1
transformed_image_normal_137.png,6436,12588,0,11578,11118,0,7081,16735,1
transformed_image_normal_138.png,6266,9819,2,9600,15274,0,8805,15770,1
transformed_image_normal_139.png,6149,12540,0,11188,14711,0,6947,14001,1
transformed_image_normal_140.png,5988,12494,0,10113,13843,0,8468,14630,1
transformed_image_normal_141.png,7061,10512,1,11745,13805,0,8209,14203,1
transformed_image_normal_142.png,6583,14408,1,10763,12183,0,8265,13333,1
transformed_image_normal_143.png,6349,13395,0,10018,11897,0,8959,14918,1
transformed_image_normal_144.png,6450,10279,0,8943,14847,0,9664,15353,1
transformed_image_normal_145.png,5620,13058,0,9790,14360,0,8782,13926,1
transformed_image_normal_146.png,6653,11430,2,9460,14010,1,9130,14850,1
transformed_image_normal_147.png,7252,13803,0,11726,10782,0,8735,13238,1
transformed_image_normal_148.png,6467,11123,0,10653,13004,0,8488,15801,1
transformed_image_normal_149.png,6806,14354,4,9165,10609,0,10975,13623,1
transformed_image_normal_150.png,8469,12873,0,11516,9342,0,12991,10345,1
transformed_image_normal_151.png,6717,12631,1,10873,12666,0,7996,14652,1
transformed_image_normal_152.png,6893,10372,31,8925,12986,0,9416,16913,1
transformed_image_normal_153.png,6584,12204,0,9057,17698,0,7478,12515,1
transformed_image_normal_154.png,4857,15260,13,7425,11440,0,9587,16954,1
transformed_image_normal_155.png,6173,9900,0,11283,16398,0,6973,14809,1
transformed_image_normal_156.png,5969,12598,1,10986,12745,0,8760,14477,1
transformed_image_normal_157.png,6526,14881,1,9049,13228,0,8876,12975,1
transformed_image_normal_158.png,6508,12798,0,11091,13124,0,7629,14386,1
transformed_image_normal_159.png,6423,10757,3,8659,14387,0,9736,15571,1
transformed_image_normal_160.png,6464,10891,1,9657,14193,0,8507,15823,1
transformed_image_normal_161.png,5939,12084,0,11292,14082,0,7827,14312,1
transformed_image_normal_162.png,10983,8189,0,8361,14066,0,8557,15380,1
transformed_image_normal_163.png,6064,12920,0,12285,11182,0,7371,15714,1
transformed_image_normal_164.png,7805,13692,1,10087,12310,0,8829,12812,1
transformed_image_normal_165.png,8259,12365,0,10202,6978,0,15950,11782,1
transformed_image_normal_166.png,6503,14344,0,10570,12246,0,6767,15106,1
transformed_image_normal_167.png,6218,10756,0,9534,14738,0,10128,14162,1
transformed_image_normal_168.png,5435,13323,0,10252,16752,0,6754,13020,1
transformed_image_normal_169.png,6309,10957,0,8617,14634,0,9552,15467,1
transformed_image_normal_170.png,6581,12260,12,6367,14888,0,11537,13891,1
transformed_image_normal_171.png,7217,13668,0,10067,12492,0,7848,14244,1
transformed_image_normal_172.png,6641,9796,6,10619,14523,0,8956,14995,1
transformed_image_normal_173.png,5695,14318,0,8021,11659,0,10922,14921,1
transformed_image_normal_174.png,5747,13390,2,9184,12813,0,10616,13784,1
transformed_image_normal_175.png,6343,13655,0,9790,13150,0,7897,14701,1
transformed_image_normal_176.png,5761,12134,0,11253,15989,0,7089,13310,1
transformed_image_normal_177.png,6350,9687,1,12245,14531,0,7090,15632,1
transformed_image_normal_178.png,5283,11131,2,11468,14292,0,7004,16356,1
transformed_image_normal_179.png,5690,13640,0,9579,15980,0,7525,13122,1
transformed_image_normal_180.png,6311,11405,1,12638,12679,0,6545,15957,1
transformed_image_normal_181.png,5457,12741,0,10758,13740,0,7814,15026,1
transformed_image_normal_182.png,8453,8881,9,8758,13949,0,9141,16345,1
transformed_image_normal_183.png,7644,13462,0,11185,10265,0,10985,11995,1
transformed_image_normal_184.png,6543,12557,2,11174,12319,0,8364,14577,1
transformed_image_normal_185.png,9214,9879,0,12321,12073,0,10317,11732,1
transformed_image_normal_186.png,6364,11422,1,10585,14905,0,8179,14080,1
transformed_image_normal_187.png,5826,12287,1,10945,13594,0,7588,15295,1
transformed_image_normal_188.png,6246,11456,1,10791,15010,0,7910,14122,1
transformed_image_normal_189.png,5628,11584,1,11905,14410,0,7918,14090,1
transformed_image_normal_190.png,7052,9429,4,11175,15657,0,7759,14460,1
transformed_image_normal_191.png,6252,14700,0,9876,9923,0,13817,10968,1
transformed_image_normal_192.png,7988,12159,0,10082,8717,0,14705,11885,1
transformed_image_normal_193.png,7059,13458,4,9926,12341,0,9418,13330,1
transformed_image_normal_194.png,6111,13719,0,9892,12778,0,9093,13943,1
transformed_image_normal_195.png,7204,14293,0,10752,11705,0,7853,13729,1
transformed_image_normal_196.png,6105,11151,0,11442,14356,0,7547,14935,1
transformed_image_normal_197.png,5058,14205,1,9980,11588,0,11060,13644,1
transformed_image_normal_198.png,6567,13813,0,8885,15664,0,7491,13116,1
transformed_image_normal_199.png,10648,8350,0,7823,14308,0,9342,15065,1
transformed_image_normal_200.png,8157,12315,0,8835,1520,1,23532,11176,1
transformed_image_normal_201.png,6097,13949,1,10575,12379,0,8315,14220,1
transformed_image_normal_202.png,6831,11861,0,11682,12592,0,8289,14281,1
transformed_image_normal_203.png,6516,11346,0,11846,12574,0,6360,16894,1
transformed_image_normal_204.png,6240,11461,0,10718,15957,0,7599,13561,1
transformed_image_normal_205.png,7755,13789,0,11461,10708,2,9073,12748,1
transformed_image_normal_206.png,6431,14145,3,10612,9908,0,9400,15037,1
transformed_image_normal_207.png,6411,10328,0,11491,14283,0,7821,15202,1
transformed_image_normal_208.png,5978,14406,1,8396,11064,0,11981,13710,1
transformed_image_normal_209.png,7305,13065,0,11766,11141,0,8094,14165,1
transformed_image_normal_210.png,6174,11725,1,11712,12132,0,6531,17261,1
transformed_image_normal_211.png,7062,14067,0,10215,11621,0,9755,12816,1
transformed_image_normal_212.png,5935,13557,0,10083,14631,0,7356,13974,1
transformed_image_normal_213.png,6767,14908,1,10035,10083,0,10690,13052,1
transformed_image_normal_214.png,6582,10478,1,11373,14303,0,8520,14279,1
transformed_image_normal_215.png,6312,11304,0,12308,13149,0,8237,14226,1
transformed_image_normal_216.png,6486,15412,0,9487,12611,0,7468,14072,1
transformed_image_normal_217.png,6042,12416,0,12723,12349,0,6520,15486,1
transformed_image_normal_218.png,6936,9729,1,10258,15094,0,8543,14975,1
transformed_image_normal_219.png,11562,6792,0,9179,14388,0,7801,15814,1
transformed_image_normal_220.png,6046,13530,1,10331,10994,0,10378,14256,1
transformed_image_normal_221.png,5966,13036,0,10065,13937,0,7911,14621,1
transformed_image_normal_222.png,6611,10324,0,10668,15987,0,7905,14041,1
transformed_image_normal_223.png,8239,13003,0,11359,12150,0,8210,12575,1
transformed_image_normal_224.png,7501,13838,0,10560,11635,0,7787,14215,1
transformed_image_normal_225.png,6498,12055,0,9915,13621,0,8721,14726,1
transformed_image_normal_226.png,6902,11751,0,11087,14491,0,7198,14107,1
transformed_image_normal_227.png,6469,14393,0,9090,13937,0,8390,13257,1
transformed_image_normal_228.png,6802,13764,0,9878,12796,0,9016,13280,1
transformed_image_normal_229.png,6256,13241,0,11229,12535,0,7155,15120,1
transformed_image_normal_230.png,6152,14351,1,9354,13932,0,8125,13621,1
transformed_image_normal_231.png,6255,13477,0,11102,14533,0,5185,14984,1
transformed_image_normal_232.png,6307,13754,0,11310,10374,0,9703,14088,1
transformed_image_normal_233.png,6198,9725,0,10078,14607,0,7203,17725,1
transformed_image_normal_234.png,6984,9697,6,9922,15418,1,7980,15528,1
transformed_image_normal_235.png,6735,11255,2,8237,15024,0,8928,15355,1
transformed_image_normal_236.png,6626,12958,0,11392,12348,0,7577,14635,1
transformed_image_normal_237.png,6170,9531,0,12790,15007,0,6353,15685,1
transformed_image_normal_238.png,6893,13928,1,9944,13417,0,7741,13612,1
transformed_image_normal_239.png,7833,13199,0,10782,11936,0,8528,13258,1
transformed_image_normal_240.png,7169,14067,0,9772,12139,0,7831,14558,1
transformed_image_normal_241.png,5578,11019,0,11774,14401,0,7591,15173,1
transformed_image_normal_242.png,6596,13322,0,9640,14154,0,8494,13330,1
transformed_image_normal_243.png,6772,11357,0,10237,15504,0,7743,13923,1
transformed_image_normal_244.png,6183,13834,1,9044,13213,0,8765,14496,1
transformed_image_normal_245.png,5827,11459,0,12741,12920,0,6597,15992,1
transformed_image_normal_246.png,7530,13504,0,10615,12104,0,8745,13038,1
transformed_image_normal_247.png,6678,12966,0,11521,12028,0,7159,15184,1
transformed_image_normal_248.png,6621,13258,0,10133,14059,0,8584,12881,1
transformed_image_normal_249.png,6316,10193,0,10606,17606,0,6683,14132,1
transformed_image_normal_250.png,6370,11303,0,11940,13443,0,7129,15351,1
transformed_image_normal_251.png,5993,12848,0,10215,14060,0,8552,13868,1
transformed_image_normal_252.png,5743,12350,0,11752,12695,0,7431,15565,1
transformed_image_normal_253.png,6088,13389,0,9158,14969,0,8597,13335,1
transformed_image_normal_254.png,6447,10367,3,10605,15892,0,7367,14855,1
transformed_image_normal_255.png,6455,13132,0,11857,12682,0,6074,15336,1
transformed_image_normal_256.png,6574,14383,1,10491,10850,0,7608,15629,1
transformed_image_normal_257.png,6882,12545,1,10775,12773,0,8744,13816,1
transformed_image_normal_258.png,7685,14017,0,10604,12456,0,7202,13572,1
transformed_image_normal_259.png,6039,11210,0,11854,14112,0,7288,15033,1
transformed_image_normal_260.png,7463,13156,0,10178,12861,0,8212,13666,1
transformed_image_normal_261.png,6475,12846,0,10830,13950,0,7564,13871,1
transformed_image_normal_262.png,6195,11585,0,10024,15708,0,7127,14897,1
transformed_image_normal_263.png,7270,13618,0,12073,10055,0,6848,15672,1
transformed_image_normal_264.png,5494,14961,0,8489,16694,0,7671,12227,1
transformed_image_normal_265.png,7416,14051,0,10803,12048,0,8942,12276,1
transformed_image_normal_266.png,6812,11684,2,11068,13121,0,8053,14796,1
transformed_image_normal_267.png,6452,13064,0,10053,15846,0,6918,13203,1
transformed_image_normal_268.png,5360,13600,0,10336,14742,0,6787,14711,1
transformed_image_normal_269.png,7857,13396,0,10906,12138,0,8712,12527,1
transformed_image_normal_270.png,6966,14617,0,10178,12124,0,7565,14086,1
transformed_image_normal_271.png,8317,13638,0,11014,8996,0,11274,12297,1
transformed_image_normal_272.png,8091,13044,1,11472,10267,0,8985,13676,1
transformed_image_normal_273.png,6687,13789,2,9694,13015,0,8692,13657,1
transformed_image_normal_274.png,6321,14712,1,8839,13701,0,8665,13297,1
transformed_image_normal_275.png,6521,13401,0,10359,13617,0,7859,13779,1
transformed_image_normal_276.png,6290,13348,0,9970,15072,0,7654,13202,1
transformed_image_normal_277.png,6394,14287,0,8960,13004,1,8949,13941,1
transformed_image_normal_278.png,5845,10032,0,13068,14159,0,7274,15158,1
transformed_image_normal_279.png,4346,11613,0,13043,15004,0,7042,14488,1
transformed_image_normal_280.png,6029,12472,0,9016,15948,0,8518,13553,1
transformed_image_normal_281.png,6935,9575,4,9563,15665,0,8747,15047,1
transformed_image_normal_282.png,6842,12125,0,11210,12541,0,7866,14952,1
transformed_image_normal_283.png,5595,13119,0,10989,12292,0,7969,15572,1
transformed_image_normal_284.png,5605,14482,0,8597,13996,0,9013,13843,1
transformed_image_normal_285.png,6301,10714,0,10817,14011,0,7931,15762,1
transformed_image_normal_286.png,5755,15120,0,8502,14237,0,8446,13476,1
transformed_image_normal_287.png,8927,13376,0,11916,10916,0,7445,12956,1
transformed_image_normal_288.png,7383,8749,0,11369,14686,0,6586,16763,1
transformed_image_normal_289.png,7874,13276,0,12213,10733,0,7611,13829,1
transformed_image_normal_290.png,7014,10388,1,11151,14251,0,7467,15264,1
transformed_image_normal_291.png,7413,12272,0,9164,13567,0,8199,14921,1
transformed_image_normal_292.png,7253,13900,0,11411,12145,0,7446,13381,1
transformed_image_normal_293.png,6638,14485,3,8853,15806,0,7503,12248,1
transformed_image_normal_294.png,7351,12921,1,10738,12794,0,8731,13000,1
transformed_image_normal_295.png,7370,9368,0,10116,15821,0,7336,15525,1
transformed_image_normal_296.png,6728,15239,0,10443,10465,0,7177,15484,1
transformed_image_normal_297.png,6623,15139,0,9255,13830,0,8240,12449,1
transformed_image_normal_298.png,6368,13429,0,11640,11418,0,6967,15714,1
transformed_image_normal_299.png,7554,13246,1,11224,11057,0,9144,13310,1
transformed_image_normal_300.png,5923,10851,0,11338,14301,0,7911,15212,1
transformed_image_normal_301.png,6752,13476,0,10210,13081,0,8498,13519,1
transformed_image_normal_302.png,6260,13370,0,9949,12147,0,8062,15748,1
transformed_image_normal_303.png,6624,13845,0,9205,13712,0,8686,13464,1
transformed_image_normal_304.png,6984,13762,2,10643,11114,0,8593,14438,1
transformed_image_normal_305.png,7758,12819,0,11338,12976,0,8611,12034,1
transformed_image_normal_306.png,6160,11185,1,11463,14601,0,7635,14491,1
transformed_image_normal_307.png,5456,11637,0,11407,15421,0,6800,14815,1
transformed_image_normal_308.png,7713,11997,0,9289,12641,0,10978,12918,1
transformed_image_normal_309.png,9719,12299,0,13058,6821,0,12893,10746,1
transformed_image_normal_310.png,6558,12336,0,9437,14521,0,7548,15136,1
transformed_image_normal_311.png,6403,14928,0,8891,14492,0,7984,12838,1
transformed_image_normal_312.png,7195,12369,0,10809,13974,0,9086,12103,1
transformed_image_normal_313.png,6124,14816,0,10061,12800,0,8078,13657,1
transformed_image_normal_314.png,6285,11726,1,8696,14837,0,9378,14613,1
transformed_image_normal_315.png,6811,14130,1,10841,11697,0,8895,13161,1
transformed_image_normal_316.png,6326,12714,0,10346,14865,0,7482,13803,1
transformed_image_normal_317.png,6374,14937,0,9100,13934,0,7953,13238,1
transformed_image_normal_318.png,7283,13956,0,9370,13314,0,8949,12664,1
transformed_image_normal_319.png,6921,13756,0,9754,14449,0,7260,13396,1
transformed_image_normal_320.png,5752,12937,1,10981,13132,0,8012,14721,1
transformed_image_normal_321.png,5373,13461,0,10379,15421,0,7209,13693,1
transformed_image_normal_322.png,6851,14832,1,9232,13692,0,7733,13195,1
transformed_image_normal_323.png,6276,11105,3,12159,13168,0,7248,15577,1
transformed_image_normal_324.png,6510,13256,1,9613,14309,0,8640,13207,1
transformed_image_normal_325.png,6844,15070,1,9330,12040,0,8053,14198,1
transformed_image_normal_326.png,9040,8727,0,10511,14785,0,8182,14291,1
transformed_image_normal_327.png,6433,15951,0,8919,14472,0,6977,12784,1
transformed_image_normal_328.png,6488,10784,0,11556,15617,0,6593,14498,1
transformed_image_normal_329.png,8207,9545,0,11564,16508,0,5612,14100,1
transformed_image_normal_330.png,5331,11342,0,11655,13872,0,6078,17258,1
transformed_image_normal_331.png,7264,12502,1,10375,13909,0,7835,13650,1
transformed_image_normal_332.png,7877,13261,0,11278,11972,0,7984,13164,1
transformed_image_normal_333.png,5682,12017,2,12341,12340,0,7620,15534,1
transformed_image_normal_334.png,6145,14542,0,9625,14043,0,7122,14059,1
transformed_image_normal_335.png,5360,11377,0,12447,14730,0,6693,14929,1
transformed_image_normal_336.png,6790,11258,1,11487,12938,0,6442,16620,1
transformed_image_normal_337.png,6505,11354,0,9233,17097,0,7204,14143,1
transformed_image_normal_338.png,6584,14351,0,10271,11842,0,7810,14678,1
transformed_image_normal_339.png,6627,14158,2,10396,11622,0,8000,14731,1
transformed_image_normal_340.png,6267,11534,0,13418,12454,0,7033,14830,1
transformed_image_normal_341.png,7523,12561,0,11132,12587,0,8179,13554,1
transformed_image_normal_342.png,8205,12898,0,10966,12112,0,8311,13044,1
transformed_image_normal_343.png,6424,12148,0,7259,14482,0,10132,15091,1
transformed_image_normal_344.png,6347,11998,0,11175,12592,0,7620,15804,1
transformed_image_normal_345.png,5412,12141,0,10867,14724,0,7838,14554,1
transformed_image_normal_346.png,5811,13852,0,9552,15393,0,6974,13954,1
transformed_image_normal_347.png,6192,14467,0,9117,14843,0,7086,13831,1
transformed_image_normal_348.png,6504,11979,1,8803,15182,0,8655,14412,1
transformed_image_normal_349.png,7123,12940,0,11026,12634,0,7732,14081,1
transformed_image_normal_350.png,5814,11052,0,10829,14115,0,8359,15367,1
transformed_image_normal_351.png,8279,13186,1,11439,10691,0,8877,13063,1
transformed_image_normal_352.png,6044,14301,1,8872,14349,0,7730,14239,1
transformed_image_normal_353.png,6138,13502,0,9515,15262,0,7643,13476,1
transformed_image_normal_354.png,6601,11615,0,12424,12033,0,6623,16240,1
transformed_image_normal_355.png,6417,9720,1,10872,16002,0,7750,14774,1
transformed_image_normal_356.png,7505,13362,0,10633,12110,0,8488,13438,1
transformed_image_normal_357.png,6386,12459,1,10333,13604,0,8066,14687,1
transformed_image_normal_358.png,6481,14381,0,9921,11779,0,8613,14361,1
transformed_image_normal_359.png,7228,14155,0,9308,15394,0,6845,12606,1
transformed_image_normal_360.png,6258,13866,0,10106,13558,0,7236,14512,1
transformed_image_normal_361.png,6109,13043,0,12068,13109,0,6690,14517,1
transformed_image_normal_362.png,7064,13623,0,10679,12105,0,8495,13570,1
transformed_image_normal_363.png,6603,10230,0,10629,14960,0,8662,14452,1
transformed_image_normal_364.png,6593,12486,0,10612,12796,0,8010,15039,1
transformed_image_normal_365.png,6383,14526,0,9665,14071,0,7851,13040,1
transformed_image_normal_366.png,6637,13989,0,8947,16670,0,6781,12512,1
transformed_image_normal_367.png,5967,15111,0,9402,12497,0,8173,14386,1
transformed_image_normal_368.png,6652,10235,7,10901,15753,0,7785,14203,1
transformed_image_normal_369.png,5804,10931,0,12672,13268,0,7667,15194,1
transformed_image_normal_370.png,6257,13814,0,10180,13271,0,8254,13760,1
transformed_image_normal_371.png,6044,11742,0,10620,16639,1,6387,14103,1
transformed_image_normal_372.png,6757,13546,0,10135,14198,0,7834,13066,1
transformed_image_normal_373.png,6654,14168,0,9831,13641,0,8020,13222,1
transformed_image_normal_374.png,6249,14634,0,8652,15205,0,7455,13341,1
transformed_image_normal_375.png,8714,11194,0,12237,11713,0,8384,13294,1
transformed_image_normal_376.png,5606,13381,0,9140,17251,0,7044,13114,1
transformed_image_normal_377.png,6817,11457,0,10664,14658,0,8369,13571,1
transformed_image_normal_378.png,6244,14455,0,9738,13265,0,8461,13373,1
transformed_image_normal_379.png,6595,14878,0,9202,13238,0,8226,13397,1
transformed_image_normal_380.png,6065,12419,0,10851,11924,0,8243,16034,class
transformed_image_normal_381.png,6165,10459,0,11833,16107,0,6524,14448,1
transformed_image_normal_382.png,6445,12794,0,10298,13952,0,7977,14070,1
transformed_image_normal_383.png,5922,11831,0,9149,15650,0,7734,15250,1
transformed_image_normal_384.png,6636,14994,0,11126,12277,0,6749,13754,1
transformed_image_normal_385.png,6475,12882,0,9975,14003,0,8387,13814,1
transformed_image_normal_386.png,6421,13968,0,10012,13156,0,8308,13671,1
transformed_image_normal_387.png,6842,12220,1,10043,14743,0,7446,14241,1
transformed_image_normal_388.png,7764,9517,0,8706,15732,0,9136,14681,1
transformed_image_normal_389.png,7007,14546,2,10701,10996,0,8680,13604,1
transformed_image_normal_390.png,6787,14410,0,10423,12215,1,7476,14224,1
transformed_image_normal_391.png,6271,11287,0,11837,13787,0,7320,15034,1
transformed_image_normal_392.png,5671,12032,0,10212,14820,0,7605,15196,1
transformed_image_normal_393.png,6872,10088,0,9808,13774,0,8919,16075,1
transformed_image_normal_394.png,5874,13151,0,11387,13645,0,6843,14636,1
transformed_image_normal_395.png,6041,15088,0,9237,13986,0,8206,12978,1
transformed_image_normal_396.png,6211,11733,1,12449,12776,0,7309,15057,1
transformed_image_normal_397.png,6056,11980,0,10845,13912,0,8466,14277,1
transformed_image_normal_398.png,5799,11751,0,10970,13227,0,7940,15849,1
transformed_image_normal_399.png,8481,13370,1,11767,9939,1,9420,12557,1
transformed_image_normal_400.png,5976,12046,0,11806,13097,0,8153,14458,1
transformed_image_normal_401.png,6958,13298,0,10505,14121,0,6230,14424,1
transformed_image_normal_402.png,6415,14115,8,10146,9342,0,10016,15494,1
transformed_image_normal_403.png,6856,14286,0,10447,12006,0,7204,14737,1
transformed_image_normal_404.png,6771,14895,3,10222,10837,0,7637,15171,1
transformed_image_normal_405.png,7367,10669,0,12744,13610,0,6576,14570,1
transformed_image_normal_406.png,8200,12805,0,11342,11226,0,7830,14133,1
transformed_image_normal_407.png,7809,8722,1,10778,14137,0,7159,16930,1
transformed_image_normal_408.png,5782,12597,3,11339,12527,0,7401,15887,1
transformed_image_normal_409.png,7208,13901,0,9480,12850,0,8608,13489,1
transformed_image_normal_410.png,5915,12917,0,10629,14888,0,6506,14681,1
transformed_image_normal_411.png,6660,13661,0,9916,12676,0,8840,13783,1
transformed_image_normal_412.png,6282,13622,0,10523,11890,0,8827,14392,1
transformed_image_normal_413.png,6483,10518,2,11013,15044,0,7273,15203,1
transformed_image_normal_414.png,6143,14417,0,10251,13336,0,7726,13663,1
transformed_image_normal_415.png,6331,10476,2,10279,15749,0,7861,14838,1
transformed_image_normal_416.png,6167,10337,0,8750,15098,0,8631,16553,1
transformed_image_normal_417.png,5654,10503,1,11976,15191,0,7233,14978,1
transformed_image_normal_418.png,6394,13909,0,11142,10307,0,8980,14804,1
transformed_image_normal_419.png,5353,12308,0,11665,13230,0,7731,15249,1
transformed_image_normal_420.png,7746,13637,1,10222,11815,0,9609,12506,1
transformed_image_normal_421.png,7854,11372,0,10361,13408,0,11407,11134,1
transformed_image_normal_422.png,5976,11615,1,12141,12970,0,7130,15703,1
transformed_image_normal_423.png,6222,13209,0,8959,17166,0,7500,12480,1
transformed_image_normal_424.png,6499,13919,0,9057,15137,0,7553,13371,1
transformed_image_normal_425.png,5595,10173,4,11795,14970,0,7475,15524,1
transformed_image_normal_426.png,6820,14025,0,10396,12421,0,7705,14169,1
transformed_image_normal_427.png,6482,14235,0,10646,11608,0,7812,14753,1
transformed_image_normal_428.png,6519,13444,2,9915,13054,0,9302,13300,1
transformed_image_normal_429.png,6822,13163,0,9966,13332,0,7526,14727,1
transformed_image_normal_430.png,8367,8250,0,11351,15212,0,7083,15273,1
transformed_image_normal_431.png,5868,13731,1,9505,13489,0,7920,15022,1
transformed_image_normal_432.png,8478,8110,1,10836,14922,0,6703,16486,1
transformed_image_normal_433.png,6921,13733,0,10072,12817,0,9037,12956,1
transformed_image_normal_434.png,9061,8360,1,11380,13211,0,6730,16793,1
transformed_image_normal_435.png,9694,11661,2,12522,10004,0,8669,12984,1
transformed_image_normal_436.png,6293,12369,6,10006,14110,0,7962,14790,1
transformed_image_normal_437.png,6388,13825,1,10503,12961,0,7510,14348,1
transformed_image_normal_438.png,6473,9129,0,13263,15933,0,6028,14710,1
transformed_image_normal_439.png,5657,9818,0,12007,15818,0,7061,15175,1
transformed_image_normal_440.png,6656,14170,0,10622,12485,0,6745,14858,1
transformed_image_normal_441.png,5617,15129,0,8696,14309,0,8045,13740,1
transformed_image_normal_442.png,5375,14865,0,9276,16414,0,7418,12188,1
transformed_image_normal_443.png,6375,15454,1,9450,12258,0,8449,13549,1
transformed_image_normal_444.png,6248,9532,1,10046,15734,0,7913,16062,1
transformed_image_normal_445.png,7012,14139,0,10709,11341,0,7156,15179,1
transformed_image_normal_446.png,7447,9388,4,10228,14796,0,7729,15944,1
transformed_image_normal_447.png,6192,11696,0,9482,14169,0,9124,14873,1
transformed_image_normal_448.png,6691,13920,0,10878,12983,0,7818,13246,1
transformed_image_normal_449.png,6381,13300,0,10177,12765,0,8734,14179,1
transformed_image_normal_450.png,6681,13200,0,10964,12907,0,6855,14929,1
transformed_image_normal_451.png,7035,13462,1,11528,11297,0,8309,13904,1
transformed_image_normal_452.png,7894,12299,13,6675,9461,0,18297,10897,1
transformed_image_normal_453.png,7106,13489,0,8654,15483,0,8025,12779,1
transformed_image_normal_454.png,5748,13831,0,10084,14061,1,8354,13457,1
transformed_image_normal_455.png,5986,13069,0,9784,15133,0,7487,14077,1
transformed_image_normal_456.png,6728,14452,0,9783,13471,0,8440,12662,1
transformed_image_normal_457.png,6672,9398,0,11790,15752,0,7497,14427,1
transformed_image_normal_458.png,6054,11302,0,10807,15933,0,7601,13839,1
transformed_image_normal_459.png,6368,13125,0,9945,13267,0,8436,14395,1
transformed_image_normal_460.png,6363,10767,3,10184,14812,0,8653,14754,1
transformed_image_normal_461.png,7360,8884,1,11085,15550,0,7796,14860,1
transformed_image_normal_462.png,6907,14058,0,10113,12644,0,8290,13524,1
transformed_image_normal_463.png,6386,13772,1,10090,11742,0,8044,15501,1
transformed_image_normal_464.png,5841,10907,0,11196,14174,0,6926,16492,1
transformed_image_normal_465.png,7270,13471,0,8984,14934,0,7727,13150,1
transformed_image_normal_466.png,6335,13924,0,10332,12760,0,7921,14264,1
transformed_image_normal_467.png,6150,13299,0,11102,11968,0,8471,14546,1
transformed_image_normal_468.png,6565,10972,3,10528,13860,0,8673,14935,1
transformed_image_normal_469.png,5396,12433,0,11508,13306,0,7072,15821,1
transformed_image_normal_470.png,6535,14530,0,9366,13711,0,8476,12918,1
transformed_image_normal_471.png,6446,14724,0,9024,14385,0,7205,13752,1
transformed_image_normal_472.png,6345,11179,3,10606,14704,0,7481,15218,1
transformed_image_normal_473.png,7153,12074,0,11272,13708,0,8010,13319,1
transformed_image_normal_474.png,6442,14205,0,9127,12271,0,8659,14832,1
transformed_image_normal_475.png,8076,12327,4,11278,12054,0,8349,13448,1
transformed_image_normal_476.png,7652,13365,0,11729,10784,0,7007,14999,1
transformed_image_normal_477.png,6001,11077,0,12878,13396,0,7028,15156,1
transformed_image_normal_478.png,6412,13470,0,10383,12685,0,8150,14436,1
transformed_image_normal_479.png,6852,11491,0,9361,14610,0,8326,14896,1
transformed_image_normal_480.png,7090,13347,0,10886,12205,1,8486,13521,1
transformed_image_normal_481.png,5910,14264,0,9446,13319,0,7987,14610,1
transformed_image_normal_482.png,6713,14043,1,9572,12473,1,9555,13178,1
transformed_image_normal_483.png,7831,13975,0,11087,13070,0,6651,12922,1
transformed_image_normal_484.png,5973,11851,0,10822,15433,0,6800,14657,1
transformed_image_normal_485.png,6452,10085,2,10142,16207,0,7371,15277,1
transformed_image_normal_486.png,10211,7770,4,8134,14949,0,8009,16459,1
transformed_image_normal_487.png,6927,14499,0,9683,10848,0,10938,12641,1
transformed_image_normal_488.png,7018,14572,0,10328,12174,0,7717,13727,1
transformed_image_normal_489.png,5784,11827,2,8584,13815,0,10322,15202,1
transformed_image_normal_490.png,7063,13272,1,10330,12137,0,8750,13983,1
transformed_image_normal_491.png,5963,13983,1,8832,14410,0,8911,13436,1
transformed_image_normal_492.png,5475,13768,0,10748,13572,0,7064,14909,1
transformed_image_normal_493.png,6246,14030,0,9885,14719,0,7841,12815,1
transformed_image_normal_494.png,5854,13566,0,10199,14303,0,8328,13286,1
transformed_image_normal_495.png,7783,10069,5,9526,15784,0,8648,13721,1
transformed_image_normal_496.png,7812,11331,0,7930,16280,0,9863,12320,1
transformed_image_normal_497.png,5951,14086,0,9115,14317,0,8557,13510,1
transformed_image_normal_498.png,6080,14601,1,9953,9787,0,11347,13767,1
transformed_image_normal_499.png,6665,13815,4,8596,15117,0,8730,12609,1
transformed_image_normal_500.png,6513,13747,1,10599,12878,0,7100,14698,1
transformed_image_normal_501.png,8196,14392,0,11506,10221,1,7156,14064,1
transformed_image_normal_502.png,6236,14243,0,9589,15192,0,7523,12753,1
transformed_image_normal_503.png,6155,12351,0,11495,13585,0,6672,15278,1
transformed_image_normal_504.png,7798,14459,0,11111,11310,0,7641,13217,1
transformed_image_normal_505.png,5702,10330,0,12944,14643,0,7141,14776,1
transformed_image_normal_506.png,7734,13578,0,11049,11675,0,8280,13220,1
transformed_image_normal_507.png,6420,13236,1,11616,11722,0,7876,14665,1
transformed_image_normal_508.png,5471,12638,0,10676,15060,0,6566,15125,1
transformed_image_normal_509.png,6574,12289,0,10768,14642,0,8021,13242,1
transformed_image_normal_510.png,6460,14773,3,9241,13771,0,7395,13893,1
transformed_image_normal_511.png,6192,12494,0,11483,12692,0,7691,14984,1
transformed_image_normal_512.png,6152,15208,0,9376,15511,0,6514,12775,1
transformed_image_normal_513.png,5851,11886,6,10844,12722,0,7639,16588,1
transformed_image_normal_514.png,5905,12721,1,10270,14045,0,8323,14271,1
transformed_image_normal_515.png,7250,15102,0,9764,12591,1,7077,13751,1
transformed_image_normal_516.png,6602,13110,3,11008,12273,0,7044,15496,1
transformed_image_normal_517.png,6496,14373,1,9801,12859,0,8465,13541,1
transformed_image_normal_518.png,6004,13963,1,9877,14334,0,8080,13277,1
transformed_image_normal_519.png,5709,11830,0,10541,14599,0,7930,14927,1
transformed_image_normal_520.png,5702,11828,1,12214,13336,0,5757,16698,1
transformed_image_normal_521.png,5754,10094,0,12232,15322,0,7007,15127,1
transformed_image_normal_522.png,6696,12225,1,12213,11342,0,7054,16005,1
transformed_image_normal_523.png,6291,12132,0,10477,12937,0,9307,14392,1
transformed_image_normal_524.png,5920,11101,0,11765,13891,0,7199,15660,1
transformed_image_normal_525.png,6699,9282,0,10447,14607,0,7709,16792,1
transformed_image_normal_526.png,6756,10654,2,10255,15037,0,8593,14239,1
transformed_image_normal_527.png,7025,14254,0,10092,12055,0,8022,14088,1
transformed_image_normal_528.png,7004,13633,0,11481,11167,0,8815,13436,1
transformed_image_normal_529.png,6871,9110,0,11609,16087,0,6510,15349,1
transformed_image_normal_530.png,8652,9643,0,8590,15974,0,8554,14123,1
transformed_image_normal_531.png,6035,10732,1,11498,14624,0,7734,14912,1
transformed_image_normal_532.png,6018,13997,0,9214,14063,0,7698,14546,1
transformed_image_normal_533.png,7317,13316,0,9534,6230,1,17089,12049,1
transformed_image_normal_534.png,6092,9884,1,12170,14250,0,7334,15805,1
transformed_image_normal_535.png,7265,11601,1,6903,14927,0,10861,13978,1
transformed_image_normal_536.png,7106,10629,1,7295,15040,0,10561,14904,1
transformed_image_normal_537.png,6310,12166,0,11269,12004,0,8728,15059,1
transformed_image_normal_538.png,6392,13232,2,10654,13792,0,7252,14212,1
transformed_image_normal_539.png,6500,11554,0,11209,13819,0,7640,14814,1
transformed_image_normal_540.png,5636,10587,2,12428,14263,0,7794,14826,1
transformed_image_normal_541.png,5867,12950,0,9999,14776,0,7519,14425,1
transformed_image_normal_542.png,6789,10171,0,9819,14976,0,8326,15455,1
transformed_image_normal_543.png,6697,14219,0,9771,10613,0,10758,13478,1
transformed_image_normal_544.png,5974,10098,1,11999,14575,0,6695,16194,1
transformed_image_normal_545.png,6568,10954,0,9367,16227,0,7688,14732,1
transformed_image_normal_546.png,6011,10272,0,13298,14350,0,6598,15007,1
transformed_image_normal_547.png,6434,11820,1,12142,13967,0,6682,14490,1
transformed_image_normal_548.png,6874,12769,3,10569,14104,0,7041,14176,1
transformed_image_normal_549.png,5690,11071,0,12748,13409,0,6095,16523,1
transformed_image_normal_550.png,5484,12702,0,10246,14316,0,7193,15595,1
transformed_image_normal_551.png,7490,9029,2,9981,14779,0,7956,16299,1
transformed_image_normal_552.png,5686,12237,1,11833,13110,0,8098,14571,1
transformed_image_normal_553.png,6037,11435,0,11885,14364,0,7509,14306,1
transformed_image_normal_554.png,6257,13971,0,10085,12201,0,8452,14570,1
transformed_image_normal_555.png,6639,14984,0,10015,11949,0,8026,13923,1
transformed_image_normal_556.png,7448,13236,1,9635,12352,2,8770,14092,1
transformed_image_normal_557.png,6370,11573,2,10872,14354,0,8287,14078,1
transformed_image_normal_558.png,6419,10106,0,10933,15669,0,6742,15667,1
transformed_image_normal_559.png,6888,14144,0,9612,13173,0,8053,13666,1
transformed_image_normal_560.png,6671,11148,0,9903,15929,0,7875,14010,1
transformed_image_normal_561.png,6757,11774,0,10067,17643,1,6653,12641,1
transformed_image_normal_562.png,6875,9322,0,11612,16236,0,6776,14715,1
transformed_image_normal_563.png,6684,9402,1,10101,15484,0,8315,15549,1
transformed_image_normal_564.png,6438,10768,2,10551,14683,0,7499,15595,1
transformed_image_normal_565.png,6233,11683,0,10488,17180,0,6694,13258,1
transformed_image_normal_566.png,7537,13542,1,11842,10765,0,7375,14474,1
transformed_image_normal_567.png,6142,12072,0,11233,13053,0,7506,15530,1
transformed_image_normal_568.png,6601,14362,0,9741,13244,0,7629,13959,1
transformed_image_normal_569.png,6313,11648,0,10712,15594,0,7401,13868,1
transformed_image_normal_570.png,7531,11654,0,12333,11538,0,7316,15164,1
transformed_image_normal_571.png,6777,10257,0,10632,15216,0,7891,14763,1
transformed_image_normal_572.png,6724,9712,2,11386,14731,0,7804,15177,1
transformed_image_normal_573.png,7480,11363,0,5037,13585,0,14560,13511,1
transformed_image_normal_574.png,6943,12083,0,6891,15417,0,11158,13044,1
transformed_image_normal_575.png,6155,12029,0,11751,12732,0,7355,15514,1
transformed_image_normal_576.png,6264,10834,1,13234,13618,0,6199,15386,1
transformed_image_normal_577.png,7228,9437,1,11189,15791,0,7199,14691,1
transformed_image_normal_578.png,5869,13760,0,9550,14924,0,7900,13533,1
transformed_image_normal_579.png,5971,13384,1,9906,13759,0,8512,14003,1
transformed_image_normal_580.png,6836,13177,1,9850,14410,0,8184,13078,1
transformed_image_normal_581.png,8191,9953,3,6259,14904,0,10010,16216,1
transformed_image_normal_582.png,7464,10579,0,9362,15993,0,8378,13760,1
transformed_image_normal_583.png,7474,10169,0,9586,15481,0,7993,14833,1
transformed_image_normal_584.png,6339,11074,0,8328,15348,0,9118,15329,1
transformed_image_normal_585.png,6242,10369,0,13130,14572,0,6578,14645,1
transformed_image_normal_586.png,6625,11382,2,10855,12636,0,8678,15358,1
transformed_image_normal_587.png,6529,13378,0,10073,11134,0,11115,13307,1
transformed_image_normal_588.png,7108,10432,2,9566,15861,0,8545,14022,1
transformed_image_normal_589.png,6504,12095,0,10785,14070,0,7137,14945,1
transformed_image_normal_590.png,6232,12857,0,10235,11658,0,10003,14551,1
transformed_image_normal_591.png,5396,11084,1,11482,14194,0,7357,16022,1
transformed_image_normal_592.png,6545,12018,0,11276,12829,0,7255,15613,1
transformed_image_normal_593.png,6869,12218,1,12528,11022,0,7834,15064,1
transformed_image_normal_594.png,5839,11807,1,12066,13325,0,7767,14731,1
transformed_image_normal_595.png,6742,10466,1,11835,13946,0,7403,15143,1
transformed_image_normal_596.png,6426,11616,0,9593,13717,0,8470,15714,1
transformed_image_normal_597.png,6296,15666,0,10566,10921,0,9250,12837,1
transformed_image_normal_598.png,6330,13452,0,9983,15445,0,7190,13136,1
transformed_image_normal_599.png,6753,10792,0,9495,14985,0,8534,14977,1
transformed_image_normal_600.png,7404,14203,0,10658,11350,0,8449,13472,1
transformed_image_normal_601.png,6975,14544,0,10854,10904,0,8191,14068,1
transformed_image_normal_602.png,6284,11318,0,12692,13286,0,6782,15174,1
transformed_image_normal_603.png,6817,10507,0,12148,13930,0,8253,13881,1
transformed_image_normal_604.png,5705,10548,1,11303,14871,0,7829,15279,1
transformed_image_normal_605.png,9038,11734,0,8565,75,0,25102,11022,1
transformed_image_normal_606.png,6245,14314,0,9577,12535,0,8179,14686,1
transformed_image_normal_607.png,7218,11087,0,9964,14808,0,7873,14586,1
transformed_image_normal_608.png,5955,11785,5,11136,12911,0,7224,16520,1
transformed_image_normal_609.png,10847,10264,0,5652,13461,0,10523,14789,1
transformed_image_normal_610.png,5664,10432,0,12028,16464,0,6088,14860,1
transformed_image_normal_611.png,8698,7754,0,12339,14495,0,7089,15161,1
transformed_image_normal_612.png,7370,10887,0,7723,16156,0,9520,13880,1
transformed_image_normal_613.png,6224,14171,0,9677,13921,0,7081,14462,1
transformed_image_normal_614.png,7437,12668,0,11394,11535,0,8594,13908,1
transformed_image_normal_615.png,7018,14664,4,10297,11471,1,8231,13850,1
transformed_image_normal_616.png,6234,10586,0,10512,16076,0,7329,14799,1
transformed_image_normal_617.png,7293,9522,3,10790,15823,0,7421,14684,1
transformed_image_normal_618.png,6094,11374,1,11726,13215,0,8159,14967,1
transformed_image_normal_619.png,6691,12126,11,8036,14778,1,11196,12697,1
transformed_image_normal_620.png,5902,11698,0,11924,14560,0,6672,14780,1
transformed_image_normal_621.png,6571,14648,0,8912,14235,0,7724,13446,1
transformed_image_normal_622.png,6523,14607,0,10960,11295,0,7021,15130,1
transformed_image_normal_623.png,6101,14451,2,10167,12910,1,7477,14427,1
transformed_image_normal_624.png,7841,11196,0,12388,11733,0,9301,13077,1
transformed_image_normal_625.png,7548,14051,0,11212,11970,0,6162,14593,1
transformed_image_normal_626.png,5762,12773,0,12227,11983,0,6552,16239,1
transformed_image_normal_627.png,6164,13969,1,11068,11890,0,7734,14710,1
transformed_image_normal_628.png,6152,13708,0,9854,14612,0,7534,13676,1
transformed_image_normal_629.png,6949,14203,1,11599,9621,0,8783,14380,1
transformed_image_normal_630.png,7117,9176,2,9526,15485,0,9401,14829,1
transformed_image_normal_631.png,5840,12405,0,9740,14883,0,8093,14575,1
transformed_image_normal_632.png,6294,10413,0,11231,14792,0,7561,15245,1
transformed_image_normal_633.png,7007,9674,0,10712,15840,0,7176,15127,1
transformed_image_normal_634.png,8005,13541,0,11348,11321,0,8668,12653,1
transformed_image_normal_635.png,7762,13380,0,9939,13082,0,8566,12807,1
transformed_image_normal_636.png,6117,12813,0,11092,12808,0,8169,14537,1
transformed_image_normal_637.png,8930,12238,32,10171,9223,0,14584,10358,1
transformed_image_normal_638.png,5761,14353,0,8699,14351,0,9210,13162,1
transformed_image_normal_639.png,7055,12352,0,9304,14933,0,9506,12386,1
transformed_image_normal_640.png,10189,12188,0,12931,7630,0,9988,12610,1
transformed_image_normal_641.png,5922,11849,0,11455,13944,0,7258,15108,1
transformed_image_normal_642.png,10199,11165,6,11561,9982,7,12721,9895,1
transformed_image_normal_643.png,7090,9676,3,10655,15337,0,8212,14563,1
transformed_image_normal_644.png,6985,13958,0,11894,9657,0,7298,15744,1
transformed_image_normal_645.png,6632,13819,0,10407,11292,0,8327,15059,1
transformed_image_normal_646.png,9440,12324,16,11108,8772,10,14966,8900,1
transformed_image_normal_647.png,6872,14225,0,10675,10926,0,9315,13523,1
transformed_image_normal_648.png,6744,13704,0,10369,12119,0,8403,14197,1
transformed_image_normal_649.png,6385,14300,2,9406,12861,0,9034,13548,1
transformed_image_normal_650.png,7385,13762,1,9524,12986,0,8565,13313,1
transformed_image_normal_651.png,6128,10964,0,9646,15667,0,7674,15457,1
transformed_image_normal_652.png,7250,14112,0,10109,12697,0,8492,12876,1
transformed_image_normal_653.png,7625,10105,0,10285,15631,0,7950,13940,1
transformed_image_normal_654.png,5935,10150,0,11818,15601,0,6913,15119,1
transformed_image_normal_655.png,6140,10460,0,11139,15902,0,7393,14502,1
transformed_image_normal_656.png,6110,13654,0,9909,13561,0,7726,14576,1
transformed_image_normal_657.png,6501,13353,0,10369,12999,0,7507,14807,1
transformed_image_normal_658.png,6794,9611,2,10080,15291,0,8556,15202,1
transformed_image_normal_659.png,8169,9540,0,9174,15620,0,7875,15158,1
transformed_image_normal_660.png,6278,9835,1,10330,14951,0,8636,15505,1
transformed_image_normal_661.png,7125,13572,0,9604,12913,0,9386,12936,1
transformed_image_normal_662.png,5676,12505,0,10730,14714,0,7297,14614,1
transformed_image_normal_663.png,6185,13989,4,9961,14171,0,7388,13838,1
transformed_image_normal_664.png,6494,11986,1,10668,12215,0,8706,15466,1
transformed_image_normal_665.png,5842,12795,1,9832,16742,0,7038,13286,1
transformed_image_normal_666.png,6154,10183,0,11368,15201,0,7786,14844,1
transformed_image_normal_667.png,5909,11072,1,11751,13869,0,7941,14993,1
transformed_image_normal_668.png,6391,12716,0,10981,14681,0,6592,14175,1
transformed_image_normal_669.png,6939,12942,3,10950,12131,0,7913,14658,1
transformed_image_normal_670.png,6051,13249,1,10855,11243,0,7556,16581,1
transformed_image_normal_671.png,6602,10588,0,11252,13504,0,8880,14710,1
transformed_image_normal_672.png,6557,13417,2,11080,12241,0,7643,14596,1
transformed_image_normal_673.png,6074,10135,1,10796,16294,0,7341,14895,1
transformed_image_normal_674.png,9532,12754,0,11859,7847,0,13488,10056,1
transformed_image_normal_675.png,7255,14304,0,10171,10768,0,8954,14084,1
transformed_image_normal_676.png,6131,11686,0,11995,13827,0,6194,15703,1
transformed_image_normal_677.png,5945,10202,0,10169,14836,0,7977,16407,1
transformed_image_normal_678.png,5597,10502,0,10547,14947,0,7445,16498,1
transformed_image_normal_679.png,6005,11284,1,7175,15465,0,9779,15827,1
transformed_image_normal_680.png,6185,10668,3,11683,13803,0,7067,16127,1
transformed_image_normal_681.png,6117,14055,0,11327,11569,0,6687,15781,1
transformed_image_normal_682.png,6399,12473,0,11417,12684,0,8241,14322,1
transformed_image_normal_683.png,6144,14367,0,10076,13740,0,6953,14256,1
transformed_image_normal_684.png,7581,13816,0,10788,11015,0,7961,14375,1
transformed_image_normal_685.png,5679,12638,1,10724,14452,0,8117,13925,1
transformed_image_normal_686.png,7667,13621,0,10836,11075,0,8829,13508,1
transformed_image_normal_687.png,6058,10358,0,11389,15186,0,7444,15101,1
transformed_image_normal_688.png,7550,8924,0,11201,15071,0,7288,15502,1
transformed_image_normal_689.png,7242,13533,0,11081,11882,0,8514,13284,1
transformed_image_normal_690.png,6329,12413,2,10750,14306,0,7787,13949,1
transformed_image_normal_691.png,6953,13332,0,10901,11115,0,8577,14658,1
transformed_image_normal_692.png,6565,13792,0,10204,12666,0,7377,14932,1
transformed_image_normal_693.png,6832,14849,0,9019,13062,0,7871,13903,1
transformed_image_normal_694.png,5601,12582,0,10198,15963,0,7298,13894,1
transformed_image_normal_695.png,6112,14488,0,8349,15522,0,8750,12315,1
transformed_image_normal_696.png,6321,10191,1,8732,15544,0,8744,16003,1
transformed_image_normal_697.png,7212,13553,1,11502,10679,0,8109,14480,1
transformed_image_normal_698.png,6382,14437,0,9965,12774,0,8137,13841,1
transformed_image_normal_699.png,5805,11740,0,11458,15671,0,6897,13965,1
transformed_image_normal_700.png,6834,11572,2,13344,11287,0,6261,16236,1
transformed_image_normal_701.png,5731,13916,0,9091,14227,0,8656,13915,1
transformed_image_normal_702.png,5985,12986,0,10453,14804,0,6804,14504,1
transformed_image_normal_703.png,6228,14751,1,9800,12667,0,7492,14597,1
transformed_image_normal_704.png,6128,13301,0,10406,15013,0,7504,13184,1
transformed_image_normal_705.png,7717,13348,0,10976,12180,0,8396,12919,1
transformed_image_normal_706.png,6850,13456,0,11184,11981,0,8783,13282,1
transformed_image_normal_707.png,10227,11288,9,10888,9155,3,16023,7943,1
transformed_image_normal_708.png,7407,8849,1,11335,15279,0,7519,15146,1
transformed_image_normal_709.png,6179,13980,0,10681,13580,0,7200,13916,1
transformed_image_normal_710.png,6381,12967,1,11704,12831,0,7963,13689,1
transformed_image_normal_711.png,6437,13721,0,10617,12106,0,8393,14262,1
transformed_image_normal_712.png,6633,12103,3,9175,15014,0,8450,14158,1
transformed_image_normal_713.png,6315,13487,0,10736,12692,0,7679,14627,1
transformed_image_normal_714.png,7000,13291,0,10823,12508,0,8459,13455,1
transformed_image_normal_715.png,9916,7420,3,10957,13850,0,7688,15702,1
transformed_image_normal_716.png,6568,14380,0,9802,12951,0,7942,13893,1
transformed_image_normal_717.png,6213,12081,0,9409,17255,0,6639,13939,1
transformed_image_normal_718.png,9803,10974,29,13362,9322,9,11089,10948,1
transformed_image_normal_719.png,6983,12534,2,10241,13585,0,8689,13502,1
transformed_image_normal_720.png,6388,14199,0,8907,14384,0,8569,13089,1
transformed_image_normal_721.png,6939,13245,0,10424,12546,0,8676,13706,1
transformed_image_normal_722.png,6132,13577,0,9181,14683,0,7984,13979,1
transformed_image_normal_723.png,6430,12747,0,10984,13700,0,7603,14072,1
transformed_image_normal_724.png,6149,11253,0,11814,14262,0,7943,14115,1
transformed_image_normal_725.png,8861,13253,1,12065,7424,0,12725,11207,1
transformed_image_normal_726.png,5618,11407,0,10584,13821,0,8761,15345,1
transformed_image_normal_727.png,6974,12455,0,11013,13368,0,8099,13627,1
transformed_image_normal_728.png,6757,13572,0,10561,13316,0,8307,13023,1
transformed_image_normal_729.png,6445,12844,0,11695,12294,0,7036,15222,1
transformed_image_normal_730.png,6000,12721,0,11553,12138,0,7180,15944,1
transformed_image_normal_731.png,6557,10986,0,9092,15974,0,8987,13940,1
transformed_image_normal_732.png,6523,13601,0,9641,12759,0,8079,14933,1
transformed_image_normal_733.png,6495,9847,0,10217,14769,0,9004,15204,1
transformed_image_normal_734.png,7116,13031,8,10093,10217,0,9294,15777,1
transformed_image_normal_735.png,6144,11371,0,10702,16655,0,6851,13813,1
transformed_image_normal_736.png,6276,14620,0,10333,11715,0,8721,13871,1
transformed_image_normal_737.png,6678,13242,1,10304,13338,0,8015,13958,1
transformed_image_normal_738.png,6725,12386,1,11041,12947,0,7592,14844,1
transformed_image_normal_739.png,5967,13230,0,10453,13756,0,8145,13985,1
transformed_image_normal_740.png,7489,13129,1,11086,11727,0,8238,13866,1
transformed_image_normal_741.png,6698,13885,2,9875,11472,0,8507,15097,1
transformed_image_normal_742.png,6762,14562,0,8814,13952,0,7428,14018,1
transformed_image_normal_743.png,6640,14050,0,10900,10241,0,7418,16287,1
transformed_image_normal_744.png,7709,13829,0,11788,9532,0,6943,15735,1
transformed_image_normal_745.png,7438,13774,0,11144,10615,0,7730,14835,1
transformed_image_normal_746.png,5936,12514,11,9474,13727,0,8987,14887,1
transformed_image_normal_747.png,7041,14041,0,10583,11932,0,7604,14335,1
transformed_image_normal_748.png,7061,15394,1,9326,11835,0,7127,14792,1
transformed_image_normal_749.png,6337,13945,1,9255,14560,0,8399,13039,1
transformed_image_normal_750.png,6804,14481,4,10851,10111,0,9168,14117,1
transformed_image_normal_751.png,6340,14575,0,9783,12775,0,8351,13712,1
transformed_image_normal_752.png,7157,14114,0,11585,10341,0,6834,15505,1
transformed_image_normal_753.png,6190,13118,3,8628,16955,1,8101,12540,1
transformed_image_normal_754.png,6347,12197,4,11699,12864,0,7842,14583,1
transformed_image_normal_755.png,11364,9652,1,14750,8965,14,8989,11801,1
transformed_image_normal_756.png,11364,9652,1,14750,8965,14,8989,11801,1
transformed_image_normal_757.png,8255,8899,1,8780,15324,0,8544,15733,1
transformed_image_normal_758.png,6040,12214,0,11645,14314,0,7283,14040,1
transformed_image_normal_759.png,8021,12378,0,11262,11694,0,7831,14350,1
transformed_image_normal_760.png,8927,11875,0,10625,8466,3,14630,11010,1
transformed_image_normal_761.png,6717,13091,0,10801,12468,0,8871,13588,1
transformed_image_normal_762.png,7440,13738,0,11739,10295,0,7481,14843,1
transformed_image_normal_763.png,6003,11355,0,12625,13065,0,6455,16033,1
transformed_image_normal_764.png,7356,12791,58,7403,10886,0,16290,10752,1
transformed_image_normal_765.png,6746,13373,1,10889,12041,0,7673,14813,1
transformed_image_normal_766.png,7568,13561,0,10327,11469,0,9599,13012,1
transformed_image_normal_767.png,6972,11801,0,8663,14472,0,9373,14255,1
transformed_image_normal_768.png,6377,13488,0,9469,13639,0,8359,14204,1
transformed_image_normal_769.png,6291,11555,0,12810,12695,0,6695,15490,1
transformed_image_normal_770.png,5679,16065,7,11354,8729,0,8311,15391,1
transformed_image_normal_771.png,6604,13538,0,11865,10738,0,7542,15249,1
transformed_image_normal_772.png,6174,11498,4,9929,13225,0,8769,15937,1
transformed_image_normal_773.png,5944,10909,0,10776,15708,0,7258,14941,1
transformed_image_normal_774.png,6348,11824,1,7180,15304,0,10154,14725,1
transformed_image_normal_775.png,7928,13576,0,11412,11823,0,6483,14314,1
transformed_image_normal_776.png,9223,11725,25,10676,10440,1,12880,10566,1
transformed_image_normal_777.png,7404,13270,0,10708,12846,0,7935,13373,1
transformed_image_normal_778.png,5901,10544,1,11267,15039,0,7826,14958,1
transformed_image_normal_779.png,7210,9026,5,11128,14401,0,7551,16215,1
transformed_image_normal_780.png,6569,12426,0,10875,13711,0,7044,14911,1
transformed_image_normal_781.png,6292,14043,0,10033,13658,0,7501,14009,1
transformed_image_normal_782.png,5981,14141,1,7814,14813,0,8520,14266,1
transformed_image_normal_783.png,7046,13604,0,10227,13934,0,7652,13073,1
transformed_image_normal_784.png,5626,11046,0,11033,15803,0,6893,15135,1
transformed_image_normal_785.png,6027,10807,1,11932,14224,0,6987,15558,1
transformed_image_normal_786.png,6385,11033,0,12339,12991,0,7684,15104,1
transformed_image_normal_787.png,7524,13064,0,11153,10677,0,8377,14741,1
transformed_image_normal_788.png,6703,8639,0,12297,15442,0,6805,15650,1
transformed_image_normal_789.png,6710,11181,0,13459,11868,0,7085,15233,1
transformed_image_normal_790.png,6607,12126,0,9501,16299,0,7791,13212,1
transformed_image_normal_791.png,6455,13741,0,10208,12726,0,7549,14857,1
transformed_image_normal_792.png,6574,11499,2,12321,12502,0,8093,14545,1
transformed_image_normal_793.png,6792,14547,0,9857,12206,0,7679,14455,1
transformed_image_normal_794.png,6260,12197,0,11017,14750,0,7028,14284,1
transformed_image_normal_795.png,7169,10990,2,10021,13297,0,9062,14995,1
transformed_image_normal_796.png,8408,13726,7,11196,9106,16,11095,11982,1
transformed_image_normal_797.png,10316,10404,0,13575,9572,0,10686,10983,1
transformed_image_normal_798.png,4541,16599,11,9884,10311,0,7488,16702,1
transformed_image_normal_799.png,5524,10450,0,12043,15779,0,7107,14633,1
transformed_image_normal_800.png,6049,14250,0,10504,12017,0,7870,14846,1
transformed_image_normal_801.png,6664,11162,0,10394,14843,0,8697,13776,1
transformed_image_normal_802.png,6900,13614,0,11805,10511,0,7844,14862,1
transformed_image_normal_803.png,6409,12321,0,9491,13989,0,9618,13708,1
transformed_image_normal_804.png,7731,12859,0,12702,10796,0,7034,14414,1
transformed_image_normal_805.png,6631,9721,0,12579,13698,0,7327,15580,1
transformed_image_normal_806.png,6638,14135,1,10988,12412,0,6244,15118,1
transformed_image_normal_807.png,6602,11094,0,8420,15213,0,9684,14523,1
transformed_image_normal_808.png,7462,13106,0,10972,12345,0,8013,13638,1
transformed_image_normal_809.png,11269,11276,0,12774,7787,0,11923,10507,1
transformed_image_normal_810.png,9159,10693,6,6141,14091,0,10783,14663,1
transformed_image_normal_811.png,8224,12490,0,12211,9926,0,7924,14761,1
transformed_image_normal_812.png,5829,11074,0,12270,15886,0,6076,14401,1
transformed_image_normal_813.png,7595,14667,1,10869,9533,1,7340,15530,1
transformed_image_normal_814.png,6435,13825,0,11797,10609,0,7687,15183,1
transformed_image_normal_815.png,10357,8908,0,8457,15169,0,7847,14798,1
transformed_image_normal_816.png,7545,13343,0,10908,11453,0,8473,13814,1
transformed_image_normal_817.png,6836,13897,0,9400,14029,0,7438,13936,1
transformed_image_normal_818.png,7324,9929,0,10306,15469,0,8182,14326,1
transformed_image_normal_819.png,7379,10272,0,8804,16588,0,8109,14384,1
transformed_image_normal_820.png,6180,11864,1,11306,15621,0,6969,13595,1
transformed_image_normal_821.png,7750,14238,0,11609,10168,1,7046,14724,1
transformed_image_normal_822.png,6283,9227,0,12783,15616,0,7197,14430,1
transformed_image_normal_823.png,11647,10866,1,14143,7677,3,11020,10179,1
transformed_image_normal_824.png,7001,13010,0,10695,12938,0,7996,13896,1
transformed_image_normal_825.png,6828,10579,0,10425,14244,0,7883,15577,1
transformed_image_normal_826.png,6864,11310,1,11148,13048,0,8003,15162,1
transformed_image_normal_827.png,6130,9837,0,11339,14801,0,8243,15186,1
transformed_image_normal_828.png,5281,11819,2,12289,13428,0,6869,15848,1
transformed_image_normal_829.png,8284,12987,17,8617,9307,2,16895,9427,1
transformed_image_normal_830.png,7313,13260,0,10616,12078,0,8549,13720,1
transformed_image_normal_831.png,5805,12573,0,10222,14216,0,7633,15087,1
transformed_image_normal_832.png,6875,13741,0,10134,13531,0,7348,13907,1
transformed_image_normal_833.png,6190,12483,1,10368,14071,0,7406,15017,1
transformed_image_normal_834.png,7311,13479,0,10681,11701,0,8744,13620,1
transformed_image_normal_835.png,6204,14763,0,8686,14432,0,8790,12661,1
transformed_image_normal_836.png,5496,11561,3,13154,13276,0,5780,16266,1
transformed_image_normal_837.png,6504,11232,2,11964,12664,0,6535,16635,1
transformed_image_normal_838.png,11264,9363,2,12831,11024,6,9801,11245,1
transformed_image_normal_839.png,7026,15717,0,11248,8343,0,6894,16308,1
transformed_image_normal_840.png,6487,15325,0,9711,13105,1,6906,14001,1
transformed_image_normal_841.png,5847,15857,9,11149,8416,0,7456,16802,1
transformed_image_normal_842.png,5069,14683,25,8775,10816,0,8145,18023,1
transformed_image_normal_843.png,5721,13749,2,10970,11217,2,7147,16728,1
transformed_image_normal_844.png,6348,15193,0,10852,10176,0,7544,15423,1
transformed_image_normal_845.png,6053,13242,2,11950,12229,0,6826,15234,1
transformed_image_normal_846.png,5309,13324,1,10147,13632,0,7756,15367,1
transformed_image_normal_847.png,6378,15215,2,12047,8254,0,7748,15892,1
transformed_image_normal_848.png,7039,16254,0,9678,10952,0,7408,14205,1
transformed_image_normal_849.png,6665,8903,0,12515,15134,0,6856,15463,1
transformed_image_normal_850.png,6159,12796,1,10533,12054,0,8257,15736,1
transformed_image_normal_851.png,5484,14838,21,9897,9695,0,7219,18382,1
transformed_image_normal_852.png,6194,14589,1,11340,9447,0,7051,16914,1
transformed_image_normal_853.png,6894,15191,3,12015,7483,0,6258,17692,1
transformed_image_normal_854.png,6212,15449,1,11849,8562,0,6993,16470,1
transformed_image_normal_855.png,10256,11970,6,13036,7767,2,12152,10347,1
transformed_image_normal_856.png,5342,10935,0,12209,14228,0,7424,15398,1
transformed_image_normal_857.png,5088,13508,2,10653,12103,0,7324,16858,1
transformed_image_normal_858.png,6134,15242,2,9979,12412,0,7639,14128,1
transformed_image_normal_859.png,10676,11252,5,11644,9365,7,12891,9696,1
transformed_image_normal_860.png,6885,13350,0,10907,13322,0,6559,14513,1
transformed_image_normal_861.png,6613,14217,0,10205,11371,0,9439,13691,1
transformed_image_normal_862.png,5620,12645,18,8892,14816,1,11424,12120,1
transformed_image_normal_863.png,7938,8805,4,9996,14922,0,7660,16211,1
transformed_image_normal_864.png,5847,13464,0,9275,14187,0,9410,13353,1
transformed_image_normal_865.png,6166,10581,0,10696,15415,0,7608,15070,1
transformed_image_normal_866.png,6839,10959,0,11535,13990,0,7092,15121,1
transformed_image_normal_867.png,5750,13096,0,8671,17059,1,7468,13491,1
transformed_image_normal_868.png,6642,9573,0,10037,16134,0,7238,15912,1
transformed_image_normal_869.png,7033,14016,0,10913,12763,0,6769,14042,1
transformed_image_normal_870.png,6195,9879,1,12683,14624,0,7136,15018,1
transformed_image_normal_871.png,7798,10306,0,8616,16453,0,8314,14049,1
transformed_image_normal_872.png,5280,12377,2,10255,13008,0,6937,17677,1
transformed_image_normal_873.png,6689,13645,0,10398,12496,0,8260,14048,1
transformed_image_normal_874.png,6603,14955,0,9989,11377,0,7478,15134,1
transformed_image_normal_875.png,7981,13561,1,11429,10747,0,7738,14079,1
transformed_image_normal_876.png,8475,12905,0,11641,10736,0,9634,12145,1
transformed_image_normal_877.png,6154,12864,0,9519,15351,0,7893,13755,1
transformed_image_normal_878.png,6482,10206,0,11260,14274,0,7664,15650,1
transformed_image_normal_879.png,7190,13915,0,11100,11253,0,7863,14215,1
transformed_image_normal_880.png,8324,11979,25,9029,10657,12,14480,11030,1
transformed_image_normal_881.png,6980,13774,0,10724,12749,0,7556,13753,1
transformed_image_normal_882.png,6172,14636,0,9653,14772,0,6997,13306,1
transformed_image_normal_883.png,6024,12620,1,11679,12195,0,7544,15473,1
transformed_image_normal_884.png,5840,14146,0,9878,14936,0,7396,13340,1
transformed_image_normal_885.png,5902,12972,0,9705,14689,0,7881,14387,1
transformed_image_normal_886.png,5853,10663,0,12419,14330,0,7198,15073,1
transformed_image_normal_887.png,5527,12593,0,10623,15395,0,7405,13993,1
transformed_image_normal_888.png,7008,10342,4,11460,13644,0,7389,15689,1
transformed_image_normal_889.png,8600,12541,11,9268,9068,4,15200,10844,1
transformed_image_normal_890.png,5906,10813,1,10831,14066,0,7738,16181,1
transformed_image_normal_891.png,6974,15173,4,10498,8842,0,8462,15583,1
transformed_image_normal_892.png,6820,11219,0,10277,14030,0,8697,14493,1
transformed_image_normal_893.png,7943,12308,3,11655,11704,0,8287,13636,1
transformed_image_normal_894.png,6218,14978,1,8954,15308,0,7694,12383,1
transformed_image_normal_895.png,6322,14202,0,9714,12680,1,8642,13975,1
transformed_image_normal_896.png,5860,13360,0,10266,14461,0,7608,13981,1
transformed_image_normal_897.png,6222,15897,1,9101,9253,0,10423,14639,1
transformed_image_normal_898.png,6822,14014,1,9964,12982,0,7941,13812,1
transformed_image_normal_899.png,6950,13987,0,9905,13086,0,8899,12709,1
transformed_image_normal_900.png,6645,12845,0,11134,11666,0,8685,14561,1
transformed_image_normal_901.png,6512,14856,0,9883,11864,0,8153,14268,1
transformed_image_normal_902.png,6558,14550,0,7962,16103,0,8579,11784,1
transformed_image_normal_903.png,6249,13797,0,9985,13381,0,8856,13268,1
transformed_image_normal_904.png,6352,13800,0,10265,13269,0,7815,14035,1
transformed_image_normal_905.png,5924,13336,0,11152,11545,0,6680,16899,1
transformed_image_normal_906.png,6831,9853,0,11384,16712,0,5998,14758,1
transformed_image_normal_907.png,7172,13446,2,11131,10735,0,8636,14414,1
transformed_image_normal_908.png,7029,13253,1,11101,11710,0,8136,14306,1
transformed_image_normal_909.png,6256,13862,0,9441,13403,0,8867,13707,1
transformed_image_normal_910.png,6978,13183,0,10850,12291,0,7732,14502,1
transformed_image_normal_911.png,6216,12925,0,12286,11779,0,6078,16252,1
transformed_image_normal_912.png,6123,10142,1,11803,14247,0,7681,15539,1
transformed_image_normal_913.png,7150,14225,3,9996,10896,0,8214,15052,1
transformed_image_normal_914.png,6255,10385,0,10864,14228,0,8382,15422,1
transformed_image_normal_915.png,5941,11940,0,11849,14076,0,6233,15497,1
transformed_image_normal_916.png,5994,13670,0,9996,13635,0,7598,14643,1
transformed_image_normal_917.png,9134,12331,10,11074,9808,4,9540,13635,1
transformed_image_normal_918.png,12143,12280,0,13799,5918,0,8063,13333,1
transformed_image_normal_919.png,6408,10656,0,10687,16027,0,7412,14346,1
transformed_image_normal_920.png,5832,10760,0,11279,15635,0,6958,15072,1
transformed_image_normal_921.png,7423,13745,0,10629,13010,0,7831,12898,1
transformed_image_normal_922.png,6251,12134,0,11137,13226,0,7500,15288,1
transformed_image_normal_923.png,6277,13583,0,10139,13199,0,8535,13803,1
transformed_image_normal_924.png,6705,12130,2,10923,13567,0,8371,13838,1
transformed_image_normal_925.png,10618,11563,0,11837,8642,0,14606,8270,1
transformed_image_normal_926.png,6541,12574,0,10018,14043,0,8236,14124,1
transformed_image_normal_927.png,5571,10535,0,12046,15317,0,7190,14877,1
transformed_image_normal_928.png,6776,13097,0,10727,11482,0,8933,14521,1
transformed_image_normal_929.png,5427,11700,0,11708,17273,0,5953,13475,1
transformed_image_normal_930.png,6723,11636,0,12064,12614,0,7748,14751,1
transformed_image_normal_931.png,6270,15259,0,9201,13874,0,7193,13739,1
transformed_image_normal_932.png,10170,8009,0,9045,13420,0,8526,16366,1
transformed_image_normal_933.png,8035,12654,1,12693,9789,0,8418,13946,1
transformed_image_normal_934.png,5710,10615,1,11039,15277,0,8078,14816,1
transformed_image_normal_935.png,6795,14068,0,10389,13124,1,7399,13760,1
transformed_image_normal_936.png,4773,13227,0,10518,15132,0,8139,13747,1
transformed_image_normal_937.png,6343,10566,1,11160,13829,0,7946,15691,1
transformed_image_normal_938.png,6992,9625,0,9110,15913,0,8608,15288,1
transformed_image_normal_939.png,7046,10633,0,10419,16334,0,7288,13816,1
transformed_image_normal_940.png,7042,13995,5,11603,9850,0,7094,15947,1
transformed_image_normal_941.png,6002,12206,4,11087,14163,0,7693,14381,1
transformed_image_normal_942.png,7330,8314,1,10924,15265,0,6819,16883,1
transformed_image_normal_943.png,6046,14670,6,8022,14212,0,9358,13222,1
transformed_image_normal_944.png,5713,12091,0,10982,15166,0,7204,14380,1
transformed_image_normal_945.png,6935,13253,1,10928,13970,0,6358,14091,1
transformed_image_normal_946.png,8704,12448,44,12207,10637,15,9692,11789,1
transformed_image_normal_947.png,6265,11901,0,11659,13245,0,7245,15221,1
transformed_image_normal_948.png,6645,10717,7,9738,13693,0,6670,18066,1
transformed_image_normal_949.png,6320,13754,0,9950,13278,0,8429,13805,1
transformed_image_normal_950.png,5508,10777,3,9632,14701,0,8333,16582,1
transformed_image_normal_951.png,6283,13288,0,11153,13086,0,7309,14417,1
transformed_image_normal_952.png,10152,12810,0,13148,7084,0,11489,10853,1
transformed_image_normal_953.png,6084,10312,0,10999,14558,0,8591,14992,1
transformed_image_normal_954.png,9670,13958,13,11519,7752,0,10818,11806,1
transformed_image_normal_955.png,7676,12464,3,10994,12708,0,8609,13082,1
transformed_image_normal_956.png,7712,14164,0,10533,6158,0,16522,10447,1
transformed_image_normal_957.png,11146,10486,13,13872,9890,10,9720,10399,1
transformed_image_normal_958.png,7165,13846,0,10738,11429,0,7363,14995,1
transformed_image_normal_959.png,6655,10591,0,12687,13853,0,7390,14360,1
transformed_image_normal_960.png,7030,13636,0,10077,12509,0,8634,13650,1
transformed_image_normal_961.png,6749,13930,0,10435,13195,0,6853,14374,1
transformed_image_normal_962.png,8438,12501,0,11875,12025,0,8048,12649,1
transformed_image_normal_963.png,6937,14484,1,10162,12138,0,8292,13522,1
transformed_image_normal_964.png,11867,11187,3,14520,6773,11,9676,11499,1
transformed_image_normal_965.png,5653,12953,5,10018,12289,0,7366,17252,1
transformed_image_normal_966.png,5820,11683,3,11168,14513,0,8263,14086,1
transformed_image_normal_967.png,6261,11333,1,11317,13438,0,7493,15693,1
transformed_image_normal_968.png,6033,13602,2,11063,11142,0,8247,15447,1
transformed_image_normal_969.png,6250,14538,0,10389,11340,0,9231,13788,1
transformed_image_normal_970.png,6560,14212,1,10488,10502,0,9596,14177,1
transformed_image_normal_971.png,7310,14219,0,10422,11992,0,6904,14689,1
transformed_image_normal_972.png,6385,14028,1,9371,14589,0,8153,13009,1
transformed_image_normal_973.png,6381,13821,0,10344,13410,0,8491,13089,1
transformed_image_normal_974.png,6639,10676,1,9063,16226,0,8751,14180,1
transformed_image_normal_975.png,5163,11287,0,11285,16099,0,6709,14993,1
transformed_image_normal_976.png,6389,13289,0,8841,15857,0,7895,13265,1
transformed_image_normal_977.png,6263,13677,6,9824,10979,0,9774,15013,1
transformed_image_normal_978.png,7044,13641,0,10380,13450,0,7908,13113,1
transformed_image_normal_979.png,5568,11442,0,11099,15432,0,7601,14394,1
transformed_image_normal_980.png,6106,13068,3,11448,10922,0,7572,16417,1
transformed_image_normal_981.png,7788,10336,0,10079,16602,0,6771,13960,1
transformed_image_normal_982.png,5392,11915,4,11020,13787,0,7601,15817,1
transformed_image_normal_983.png,6272,14241,0,9682,13222,0,8084,14035,1
transformed_image_normal_984.png,6291,12950,0,10484,13824,0,7980,14007,1
transformed_image_normal_985.png,5400,10996,0,11802,15223,0,6917,15198,1
transformed_image_normal_986.png,6441,14131,2,9910,12599,0,9020,13433,1
transformed_image_normal_987.png,6779,12973,1,11406,12872,0,6159,15346,1
transformed_image_normal_988.png,8657,12622,18,11419,10097,6,10348,12369,1
transformed_image_normal_989.png,7540,13856,1,11885,9662,0,6222,16370,1
transformed_image_normal_990.png,6222,11562,3,11617,12693,0,6680,16759,1
transformed_image_normal_991.png,7647,12829,0,10872,11503,0,8388,14297,1
transformed_image_normal_992.png,7132,13046,0,9051,14827,0,8477,13003,1
transformed_image_normal_993.png,7134,13570,0,10267,12575,0,8838,13152,1
transformed_image_normal_994.png,5688,12091,0,11641,14370,0,6732,15014,1
transformed_image_normal_995.png,6757,14511,0,10816,10047,0,7804,15601,1
transformed_image_normal_996.png,6506,10733,0,10834,16653,0,7187,13623,1
transformed_image_normal_997.png,6521,12030,5,10098,13847,0,8145,14890,1
transformed_image_normal_998.png,5474,11323,1,12156,13197,0,6609,16776,1
transformed_image_normal_999.png,5739,11400,0,11861,13535,0,7525,15476,1
transformed_image_normal_1000.png,6759,13825,0,8876,14865,0,7663,13548,1
transformed_image_normal_1001.png,6675,13438,0,10906,11497,0,8065,14955,1
transformed_image_normal_1002.png,9564,12063,0,11878,8163,0,14113,9755,1
transformed_image_normal_1003.png,6430,9965,0,10066,15358,0,7930,15787,1
transformed_image_normal_1004.png,6781,13492,2,10575,12869,0,7795,14022,1
transformed_image_normal_1005.png,7745,13936,3,10664,10841,1,7812,14534,1
transformed_image_normal_1006.png,5823,11754,0,11387,13498,0,6948,16126,1
transformed_image_normal_1007.png,7614,13840,0,10019,12136,0,8886,13041,1
transformed_image_normal_1008.png,5995,9520,3,12209,15708,0,6246,15855,1
transformed_image_normal_1009.png,6659,14540,0,9337,14499,0,8631,11870,1
transformed_image_normal_1010.png,7419,13063,0,10328,13437,0,8330,12959,1
transformed_image_normal_1011.png,6235,12623,0,11941,11739,0,7223,15775,1
transformed_image_normal_1012.png,5903,14519,1,8477,14642,0,8501,13493,1
transformed_image_normal_1013.png,6110,12037,0,11190,14257,0,7905,14037,1
transformed_image_normal_1014.png,5270,11432,0,11279,14979,0,7669,14907,1
transformed_image_normal_1015.png,6666,13885,0,11179,11283,0,7289,15234,1
transformed_image_normal_1016.png,6099,12140,0,10671,13924,0,7624,15078,1
transformed_image_normal_1017.png,6263,10825,2,10912,14693,0,7996,14845,1
transformed_image_normal_1018.png,5961,11475,0,11098,14562,0,7161,15279,1
transformed_image_normal_1019.png,5579,10689,0,12185,15071,0,6632,15380,1
transformed_image_normal_1020.png,6528,9587,1,12053,14930,0,7043,15394,1
transformed_image_normal_1021.png,6315,9685,0,11792,15105,0,7141,15498,1
transformed_image_normal_1022.png,7552,13816,0,9705,12642,2,9058,12761,1
transformed_image_normal_1023.png,7178,14951,0,9854,12419,0,7979,13155,1
transformed_image_normal_1024.png,6794,13996,0,10380,12809,0,7880,13677,1
transformed_image_normal_1025.png,5827,15322,0,9047,14039,0,8323,12978,1
transformed_image_normal_1026.png,6290,13328,0,9867,12912,0,8498,14641,1
transformed_image_normal_1027.png,7031,13864,0,10679,13307,0,6106,14549,1
transformed_image_normal_1028.png,6657,12940,0,10189,14008,0,7438,14304,1
transformed_image_normal_1029.png,6157,12748,0,11496,11124,0,7624,16387,1
transformed_image_normal_1030.png,6973,14770,0,10216,11921,0,7093,14563,1
transformed_image_normal_1031.png,9843,12538,5,11692,7709,3,12523,11223,1
transformed_image_normal_1032.png,8083,12965,0,11277,12411,0,7368,13432,1
transformed_image_normal_1033.png,6807,12641,0,11050,12401,0,8117,14520,1
transformed_image_normal_1034.png,7683,13853,0,11566,9760,0,7448,15226,1
transformed_image_normal_1035.png,5795,11857,0,11026,15316,0,7445,14097,1
transformed_image_normal_1036.png,6446,11408,0,7806,16090,0,9077,14709,1
transformed_image_normal_1037.png,5599,12454,0,11028,14514,0,7100,14841,1
transformed_image_normal_1038.png,7892,13458,2,10915,10023,0,9103,14143,1
transformed_image_normal_1039.png,6218,10807,2,11256,15342,0,6965,14946,1
transformed_image_normal_1040.png,7285,11612,0,12444,11672,0,6921,15602,1
transformed_image_normal_1041.png,7899,13888,0,10731,11432,0,8318,13268,1
transformed_image_normal_1042.png,6234,11393,0,12169,13047,0,7479,15214,1
transformed_image_normal_1043.png,6265,13948,0,7766,3169,2,22806,11580,1
transformed_image_normal_1044.png,7108,13624,0,10280,12626,0,8923,12975,1
transformed_image_normal_1045.png,6878,8434,0,11727,15186,0,7568,15743,1
transformed_image_normal_1046.png,7967,13604,2,11165,10875,0,8771,13152,1
transformed_image_normal_1047.png,6778,10441,0,9746,15542,0,8245,14784,1
transformed_image_normal_1048.png,7039,14233,0,10969,11529,0,7805,13961,1
transformed_image_normal_1049.png,6491,13012,1,10681,12429,0,8001,14921,1
transformed_image_normal_1050.png,9331,12209,1,10965,8720,1,14814,9495,1
transformed_image_normal_1051.png,9653,8529,0,8709,14754,0,8743,15148,1
transformed_image_normal_1052.png,7044,13813,0,10186,12560,0,7896,14037,1
transformed_image_normal_1053.png,5193,12665,0,9670,16258,0,8602,13148,1
transformed_image_normal_1054.png,6489,15305,0,9084,13114,0,8841,12703,1
transformed_image_normal_1055.png,5685,12303,0,10384,14687,0,7523,14954,1
transformed_image_normal_1056.png,7308,13553,0,11066,10315,0,7072,16222,1
transformed_image_normal_1057.png,5908,11725,0,11832,14188,0,6910,14973,1
transformed_image_normal_1058.png,8540,11080,0,5208,15096,0,11064,14548,1
transformed_image_normal_1059.png,7617,13176,0,10924,12853,0,8753,12213,1
transformed_image_normal_1060.png,6497,9759,0,12081,14957,0,7050,15192,1
transformed_image_normal_1061.png,6257,11261,0,10526,15476,0,8515,13501,1
transformed_image_normal_1062.png,6424,10512,0,10114,15291,0,7983,15212,1
transformed_image_normal_1063.png,6338,9564,3,11653,14861,0,7028,16089,1
transformed_image_normal_1064.png,6077,14510,0,9785,13429,0,8139,13596,1
transformed_image_normal_1065.png,8254,13820,0,11297,11611,0,7120,13434,1
transformed_image_normal_1066.png,8955,11955,18,11372,9845,1,13298,10092,1
transformed_image_normal_1067.png,6148,11318,0,12140,13504,0,6880,15546,1
transformed_image_normal_1068.png,7165,10242,0,8483,15589,0,8710,15347,1
transformed_image_normal_1069.png,6500,13591,0,10976,14056,0,7088,13325,1
transformed_image_normal_1070.png,6711,15118,0,9675,12301,0,8732,12999,1
transformed_image_normal_1071.png,5806,10912,2,12407,14373,0,6775,15261,1
transformed_image_normal_1072.png,6208,12864,0,10638,12707,0,7942,15177,1
transformed_image_normal_1073.png,6332,14639,0,10004,14333,0,7203,13025,1
transformed_image_normal_1074.png,6599,12713,0,10792,13659,0,8108,13665,1
transformed_image_normal_1075.png,5656,10947,2,11296,15169,0,8206,14260,1
transformed_image_normal_1076.png,6125,14672,0,9913,12949,0,8098,13779,1
transformed_image_normal_1077.png,11243,10398,0,14052,8273,1,12128,9441,1
transformed_image_normal_1078.png,6173,13463,0,10400,13492,0,8500,13508,1
transformed_image_normal_1079.png,10224,10485,9,12375,10694,2,13534,8213,1
transformed_image_normal_1080.png,5469,12310,0,11426,14542,0,6689,15100,1
transformed_image_normal_1081.png,5727,11706,1,10539,13497,0,9827,14239,1
transformed_image_normal_1082.png,7017,14067,0,11162,12164,0,6568,14558,1
transformed_image_normal_1083.png,6551,10109,0,9218,15275,0,9119,15264,1
transformed_image_normal_1084.png,5860,13962,0,10969,13064,0,7250,14431,1
transformed_image_normal_1085.png,6712,9900,1,10666,15913,0,7441,14903,1
transformed_image_normal_1086.png,7205,13146,2,10316,12444,0,8576,13847,1
transformed_image_normal_1087.png,9725,11227,9,10576,9720,6,14044,10229,1
transformed_image_normal_1088.png,6344,17217,0,7824,14283,0,7233,12635,1
transformed_image_normal_1089.png,8288,13510,3,13515,7859,0,6601,15760,1
transformed_image_normal_1090.png,6934,13038,2,11080,12035,2,8524,13921,1
transformed_image_normal_1091.png,5361,13025,1,12004,12961,0,6488,15696,1
transformed_image_normal_1092.png,7573,15395,0,10276,11997,1,8016,12278,1
transformed_image_normal_1093.png,5472,13078,2,11524,13778,0,6873,14809,1
transformed_image_normal_1094.png,6506,10197,0,10325,15453,0,8126,14929,1
transformed_image_normal_1095.png,7116,13614,0,10842,12083,0,8020,13861,1
transformed_image_normal_1096.png,7794,14496,0,9859,11028,0,9656,12703,1
transformed_image_normal_1097.png,7098,9460,0,11614,15969,0,6950,14445,1
transformed_image_normal_1098.png,6380,10094,1,11283,13771,0,7565,16442,1
transformed_image_normal_1099.png,6929,13336,1,10413,11515,0,9202,14140,1
transformed_image_normal_1100.png,6836,8529,1,11780,16135,0,7419,14836,1
transformed_image_normal_1101.png,6748,12096,1,6854,15426,0,9893,14518,1
transformed_image_normal_1102.png,6665,12521,0,11151,13538,0,7750,13911,1
transformed_image_normal_1103.png,7067,14489,0,9573,12383,0,8951,13073,1
transformed_image_normal_1104.png,7547,14844,0,9547,12309,0,8713,12576,1
transformed_image_normal_1105.png,6663,13726,2,9285,13703,0,8828,13329,1
transformed_image_normal_1106.png,6133,13785,0,9428,14820,0,7217,14153,1
transformed_image_normal_1107.png,6936,11924,2,12640,12263,0,6721,15050,1
transformed_image_normal_1108.png,6821,14431,0,11126,10372,0,6583,16203,1
transformed_image_normal_1109.png,6431,11654,0,11106,12917,0,7910,15518,1
transformed_image_normal_1110.png,6951,11587,1,11684,12748,0,7899,14666,1
transformed_image_normal_1111.png,7274,11525,0,8586,13509,0,10205,14437,1
transformed_image_normal_1112.png,6907,13277,1,10886,10898,0,8395,15172,1
transformed_image_normal_1113.png,8025,12998,0,10852,11460,0,9037,13164,1
transformed_image_normal_1114.png,6971,13615,0,10496,11751,0,8384,14319,1
transformed_image_normal_1115.png,6654,13220,0,10930,13384,0,7244,14104,1
transformed_image_normal_1116.png,8746,8783,0,10102,17536,0,6810,13559,1
transformed_image_normal_1117.png,6674,13645,0,10528,13234,0,7690,13765,1
transformed_image_normal_1118.png,6253,12504,0,11249,14296,0,6881,14353,1
transformed_image_normal_1119.png,6497,13492,0,10135,14951,0,7807,12654,1
transformed_image_normal_1120.png,6850,13840,1,9712,13386,1,9148,12598,1
transformed_image_normal_1121.png,7235,13839,0,11102,11263,0,6862,15235,1
transformed_image_normal_1122.png,6390,12756,0,10861,12923,0,7544,15062,1
transformed_image_normal_1123.png,6451,13902,0,10283,11666,0,8038,15196,1
transformed_image_normal_1124.png,8013,14071,9,11633,9608,2,8468,13732,1
transformed_image_normal_1125.png,5858,11759,2,10804,13120,0,7413,16580,1
transformed_image_normal_1126.png,8314,13003,0,12115,10228,0,8261,13615,1
transformed_image_normal_1127.png,6323,9003,0,12764,15224,0,7295,14927,1
transformed_image_normal_1128.png,6591,12933,0,10807,13380,0,7647,14178,1
transformed_image_normal_1129.png,9513,11965,16,12192,9795,8,10359,11688,1
transformed_image_normal_1130.png,7708,12989,0,12091,10233,0,7561,14954,1
transformed_image_normal_1131.png,8535,11863,0,11832,10965,0,9018,13323,1
transformed_image_normal_1132.png,5869,11076,0,12220,15369,0,6560,14442,1
transformed_image_normal_1133.png,6636,15026,1,9336,13905,0,7803,12829,1
transformed_image_normal_1134.png,7424,13568,1,11129,10451,0,8574,14389,1
transformed_image_normal_1135.png,7113,14620,0,10137,11498,0,8589,13579,1
transformed_image_normal_1136.png,6255,14415,0,9255,13518,0,8093,14000,1
transformed_image_normal_1137.png,5276,13212,0,9946,14450,0,8503,14149,1
transformed_image_normal_1138.png,6541,13729,0,8705,15410,0,8476,12675,1
transformed_image_normal_1139.png,6575,10826,4,10481,15385,0,8571,13694,1
transformed_image_normal_1140.png,6513,10880,1,12405,12520,0,7509,15708,1
transformed_image_normal_1141.png,7358,13033,0,10316,12600,0,9364,12865,1
transformed_image_normal_1142.png,6358,12286,0,9501,16556,0,7448,13387,1
transformed_image_normal_1143.png,5313,12982,0,12612,12475,0,6051,16103,1
transformed_image_normal_1144.png,6197,15348,1,9679,11885,1,7435,14990,1
transformed_image_normal_1145.png,6102,14922,3,10585,11383,0,7594,14947,1
transformed_image_normal_1146.png,6081,11810,0,11589,13262,0,7557,15237,1
transformed_image_normal_1147.png,7329,13215,1,10633,12460,1,8962,12935,1
transformed_image_normal_1148.png,4979,11652,3,11248,14138,0,6290,17226,1
transformed_image_normal_1149.png,7783,10898,1,8221,13741,0,11800,13092,1
transformed_image_normal_1150.png,7271,14439,0,9825,6466,0,15297,12238,1
transformed_image_normal_1151.png,6490,12033,0,10858,12436,0,7731,15988,1
transformed_image_normal_1152.png,6943,13240,1,10569,12682,0,8041,14060,1
transformed_image_normal_1153.png,6156,11663,0,10953,14972,0,7539,14253,1
transformed_image_normal_1154.png,6727,13969,3,10354,12123,0,8589,13771,1
transformed_image_normal_1155.png,7758,13326,0,11325,11096,1,8295,13735,1
transformed_image_normal_1156.png,5739,11032,0,10780,15121,0,7659,15205,1
transformed_image_normal_1157.png,6611,8949,0,12901,15354,0,7158,14563,1
transformed_image_normal_1158.png,7100,14095,0,10240,12148,0,8510,13443,1
transformed_image_normal_1159.png,5756,15339,0,9312,14690,0,7028,13411,1
transformed_image_normal_1160.png,6459,15140,0,10431,11263,0,8089,14154,1
transformed_image_normal_1161.png,6741,13456,0,10475,12430,0,7876,14558,1
transformed_image_normal_1162.png,5890,14599,0,9186,14817,0,7350,13694,1
transformed_image_normal_1163.png,7939,9190,2,6712,14599,0,9710,17384,1
transformed_image_normal_1164.png,6294,15396,0,9200,13373,0,8715,12558,1
transformed_image_normal_1165.png,10049,11351,23,11896,8845,8,13629,9735,1
transformed_image_normal_1166.png,6682,13192,1,10785,14199,0,7151,13526,1
transformed_image_normal_1167.png,6156,12623,3,10692,12658,0,7514,15890,1
transformed_image_normal_1168.png,5820,14257,0,9547,13372,0,7951,14589,1
transformed_image_normal_1169.png,6296,12783,0,11565,12764,0,7773,14355,1
transformed_image_normal_1170.png,5946,13765,3,10325,11016,0,9001,15480,1
transformed_image_normal_1171.png,6302,13740,0,9204,15237,0,7481,13572,1
transformed_image_normal_1172.png,6148,13683,0,10399,12631,0,8366,14309,1
transformed_image_normal_1173.png,8266,12574,1,11927,10896,0,8646,13226,1
transformed_image_normal_1174.png,6950,15528,2,9888,12180,0,7759,13229,1
transformed_image_normal_1175.png,8529,12161,3,11532,10729,0,9258,13324,1
transformed_image_normal_1176.png,6679,14609,0,9309,12827,0,8480,13632,1
transformed_image_normal_1177.png,6788,12541,0,11399,13387,0,6651,14770,1
transformed_image_normal_1178.png,7322,15275,0,10586,11940,0,6455,13958,1
transformed_image_normal_1179.png,7077,14547,0,10953,10771,0,8238,13950,1
transformed_image_normal_1180.png,7977,13527,0,11526,11036,0,8034,13436,1
transformed_image_normal_1181.png,7342,13950,0,11631,10203,0,7455,14955,1
transformed_image_normal_1182.png,5854,13537,0,10775,13393,1,7508,14468,1
transformed_image_normal_1183.png,6132,13162,0,10890,13838,0,6868,14646,1
transformed_image_normal_1184.png,6643,13569,2,9912,13789,0,8046,13575,1
transformed_image_normal_1185.png,6169,11981,0,12297,12406,0,7632,15051,1
transformed_image_normal_1186.png,7250,10214,1,7007,14888,0,9521,16655,1
transformed_image_normal_1187.png,7657,13261,2,9416,5883,0,17571,11746,1
transformed_image_normal_1188.png,7366,14429,0,10044,12335,0,6984,14378,1
transformed_image_normal_1189.png,6643,12616,0,11930,12326,0,7171,14850,1
transformed_image_normal_1190.png,7008,11284,0,10851,14504,1,7585,14303,1
transformed_image_normal_1191.png,6347,13882,0,10666,12604,0,8201,13836,1
transformed_image_normal_1192.png,6667,13833,0,9603,14020,0,7834,13579,1
transformed_image_normal_1193.png,6017,14004,0,9239,15929,0,7061,13286,1
transformed_image_normal_1194.png,5960,13448,0,10122,12447,0,8570,14989,1
transformed_image_normal_1195.png,7485,13531,1,10508,12736,0,7103,14172,1
transformed_image_normal_1196.png,7558,13883,0,11069,11088,0,8353,13585,1
transformed_image_normal_1197.png,6947,13987,0,9471,12780,0,8062,14289,1
transformed_image_normal_1198.png,6442,13445,1,10137,13755,0,8369,13387,1
transformed_image_normal_1199.png,6384,9862,1,10758,15750,0,7526,15255,1
transformed_image_normal_1200.png,7076,14252,0,10773,11358,0,7577,14500,1
transformed_image_normal_1201.png,5718,11497,0,11747,13844,0,8053,14677,1
transformed_image_normal_1202.png,5809,12767,0,9562,15885,0,7038,14475,1
transformed_image_normal_1203.png,5562,12715,0,10472,14663,0,8209,13915,1
transformed_image_normal_1204.png,5647,13330,0,9130,15170,0,8116,14143,1
transformed_image_normal_1205.png,5812,10725,0,11522,14553,0,7436,15488,1
transformed_image_normal_1206.png,7289,15531,0,10922,10446,0,8609,12739,1
transformed_image_normal_1207.png,6446,13211,0,11804,12398,0,6373,15304,1
transformed_image_normal_1208.png,6811,13643,1,8972,14884,0,8089,13136,1
transformed_image_normal_1209.png,6455,14141,0,9928,12800,0,7660,14552,1
transformed_image_normal_1210.png,6335,13228,0,9987,13428,0,8514,14044,1
transformed_image_normal_1211.png,5538,11326,0,11265,14672,0,7972,14763,1
transformed_image_normal_1212.png,6358,14873,0,9745,12466,0,8853,13241,1
transformed_image_normal_1213.png,6735,14556,0,9651,13659,0,7229,13706,1
transformed_image_normal_1214.png,6876,9674,1,11351,15021,0,7484,15129,1
transformed_image_normal_1215.png,6152,9897,0,12634,14694,0,7183,14976,1
transformed_image_normal_1216.png,7938,8373,0,10199,14963,0,7801,16262,1
transformed_image_normal_1217.png,6141,9780,0,12416,14737,0,7004,15458,1
transformed_image_normal_1218.png,6323,12180,0,10818,12063,0,8318,15834,1
transformed_image_normal_1219.png,5878,10777,0,10654,14834,0,8554,14839,1
transformed_image_normal_1220.png,6266,10658,0,11693,15544,0,6445,14930,1
transformed_image_normal_1221.png,7639,10193,0,11237,16181,0,6954,13332,1
transformed_image_normal_1222.png,4867,12603,0,11504,13500,0,7673,15389,1
transformed_image_normal_1223.png,6708,14854,0,9986,11340,0,7716,14932,1
transformed_image_normal_1224.png,5905,11618,0,9140,14688,0,8482,15703,1
transformed_image_normal_1225.png,6039,10541,8,10441,14107,0,7790,16610,1
transformed_image_normal_1226.png,8069,13162,1,12808,10692,0,7568,13236,1
transformed_image_normal_1227.png,5853,10249,0,11394,14318,0,8009,15713,1
transformed_image_normal_1228.png,7008,13792,0,10387,13513,8,7051,13777,1
transformed_image_normal_1229.png,6289,14034,13,10856,10130,0,9926,14288,1
transformed_image_normal_1230.png,5295,11417,0,13602,15154,0,5859,14209,1
transformed_image_normal_1231.png,9283,12924,1,12455,8397,1,10108,12367,1
transformed_image_normal_1232.png,7196,8908,0,12847,14863,0,6115,15607,1
transformed_image_normal_1233.png,6583,14148,0,9760,12260,0,8556,14229,1
transformed_image_normal_1234.png,7479,12939,0,10489,12044,0,9610,12975,1
transformed_image_normal_1235.png,10005,11417,2,9676,9313,0,15773,9350,1
transformed_image_normal_1236.png,9170,12408,1,11218,8713,3,14086,9937,1
transformed_image_normal_1237.png,7716,12664,0,10996,13081,0,7838,13241,1
transformed_image_normal_1238.png,7009,13612,0,10445,12038,0,8894,13538,1
transformed_image_normal_1239.png,5977,15897,0,8432,14415,0,8082,12733,1
transformed_image_normal_1240.png,6564,13280,0,11197,11793,0,7804,14898,1
transformed_image_normal_1241.png,8551,10188,0,6168,14840,0,11132,14657,1
transformed_image_normal_1242.png,6601,11724,10,7864,15440,0,9050,14847,1
transformed_image_normal_1243.png,6822,14320,0,11177,11157,0,7181,14879,1
transformed_image_normal_1244.png,7318,13029,0,10207,13467,0,9202,12313,1
transformed_image_normal_1245.png,5999,12359,0,10109,14830,0,7933,14306,1
transformed_image_normal_1246.png,7013,13900,6,10266,12041,0,7722,14588,1
transformed_image_normal_1247.png,9246,12291,1,12560,9779,1,9833,11825,1
transformed_image_normal_1248.png,7065,14023,0,10470,11657,0,7547,14774,1
transformed_image_normal_1249.png,5795,10535,0,10879,16082,0,6567,15678,1
transformed_image_normal_1250.png,8798,8527,3,9601,14233,0,7216,17158,1
transformed_image_normal_1251.png,5869,13905,0,10357,13391,0,7911,14103,1
transformed_image_normal_1252.png,7247,13623,0,9845,6665,1,16086,12069,1
transformed_image_normal_1253.png,7395,13480,2,10281,12703,0,8167,13508,1
transformed_image_normal_1254.png,6912,13293,4,10959,11414,0,8593,14361,1
transformed_image_normal_1255.png,11407,10103,0,13567,10457,3,11490,8509,1
transformed_image_normal_1256.png,8176,12465,1,11374,11425,0,8360,13735,1
transformed_image_normal_1257.png,6386,13626,0,9119,14336,0,8537,13532,1
transformed_image_normal_1258.png,6866,10591,0,10575,16227,0,7412,13865,1
transformed_image_normal_1259.png,8469,13566,3,11251,10905,0,9560,11782,1
transformed_image_normal_1260.png,5383,12165,0,10192,14092,0,8397,15307,1
transformed_image_normal_1261.png,5580,12023,0,11713,15191,0,7324,13705,1
transformed_image_normal_1262.png,6852,13663,0,10066,11959,0,9569,13427,1
transformed_image_normal_1263.png,6627,14762,0,9324,13514,0,8184,13125,1
transformed_image_normal_1264.png,5800,11230,1,12157,13430,0,7180,15738,1
transformed_image_normal_1265.png,7705,12633,0,11837,12046,1,6874,14440,1
transformed_image_normal_1266.png,5354,11088,9,10924,14525,0,5932,17704,1
transformed_image_normal_1267.png,6789,12534,6,12552,12833,0,6021,14801,1
transformed_image_normal_1268.png,7087,14637,0,9664,12610,0,8615,12923,1
transformed_image_normal_1269.png,6423,13993,0,9322,13401,0,9203,13194,1
transformed_image_normal_1270.png,6843,14551,0,11174,12847,0,6886,13235,1
transformed_image_normal_1271.png,5793,12888,0,10772,14671,0,6538,14874,1
transformed_image_normal_1272.png,7369,14471,0,10551,11586,0,8422,13137,1
transformed_image_normal_1273.png,8025,9911,0,8910,15984,0,7777,14929,1
transformed_image_normal_1274.png,6971,13758,0,9516,13727,0,8690,12874,1
transformed_image_normal_1275.png,6601,12979,0,11986,11216,0,7617,15137,1
transformed_image_normal_1276.png,8581,12838,1,11257,11275,0,8846,12738,1
transformed_image_normal_1277.png,5788,14883,1,8284,12131,0,10856,13593,1
transformed_image_normal_1278.png,6903,13716,0,10243,12358,0,7515,14801,1
transformed_image_normal_1279.png,6678,13166,2,11485,10591,0,7986,15628,1
transformed_image_normal_1280.png,6856,10833,4,10267,15669,0,7756,14151,1
transformed_image_normal_1281.png,11214,10269,0,14279,7680,1,10845,11248,1
transformed_image_normal_1282.png,7522,12615,0,11495,12419,0,7598,13887,1
transformed_image_normal_1283.png,7856,13434,0,10712,11147,0,9750,12637,1
transformed_image_normal_1284.png,6915,12355,0,8915,13662,0,10148,13541,1
transformed_image_normal_1285.png,6212,13433,0,9313,13756,0,8647,14175,1
transformed_image_normal_1286.png,6176,14476,0,9499,13333,0,7910,14142,1
transformed_image_normal_1287.png,5646,13183,0,10010,15169,0,7732,13796,1
transformed_image_normal_1288.png,7657,14395,0,10848,10421,1,8951,13263,1
transformed_image_normal_1289.png,6508,10185,0,11055,13841,0,7806,16141,1
transformed_image_normal_1290.png,6804,15276,0,9229,13408,0,7561,13258,1
transformed_image_normal_1291.png,6102,13937,0,8540,15068,0,8691,13198,1
transformed_image_normal_1292.png,8348,12770,0,12028,9934,0,8203,14253,1
transformed_image_normal_1293.png,5836,11916,0,11482,12657,0,8346,15299,1
transformed_image_normal_1294.png,5846,12528,0,10765,16027,0,6421,13949,1
transformed_image_normal_1295.png,7794,12426,0,12250,11065,0,8215,13786,1
transformed_image_normal_1296.png,5641,11291,0,10385,16194,0,7386,14639,1
transformed_image_normal_1297.png,5625,13651,0,9430,14364,0,8172,14294,1
transformed_image_normal_1298.png,7202,12159,0,11049,12350,0,8582,14194,1
transformed_image_normal_1299.png,5859,13193,0,10275,13271,0,7993,14945,1
transformed_image_normal_1300.png,6696,10194,1,9056,16060,0,8209,15320,1
transformed_image_normal_1301.png,7296,13105,2,10557,11587,0,8212,14777,1
transformed_image_normal_1302.png,6214,13261,0,9883,14148,0,8427,13603,1
transformed_image_normal_1303.png,7224,11587,1,12522,11790,0,7629,14783,1
transformed_image_normal_1304.png,7495,9680,1,7879,14878,0,8838,16765,1
transformed_image_normal_1305.png,7622,14101,0,11374,11049,0,8259,13131,1
transformed_image_normal_1306.png,6910,9819,0,10270,14804,0,8338,15395,1
transformed_image_normal_1307.png,7173,13475,1,10092,12926,0,7840,14029,1
transformed_image_normal_1308.png,7203,9585,0,10338,15931,0,7488,14991,1
transformed_image_normal_1309.png,6872,13316,1,9836,14325,0,8694,12492,1
transformed_image_normal_1310.png,6702,9244,6,12060,14557,0,7296,15671,1
transformed_image_normal_1311.png,5837,11294,0,12737,13813,0,6356,15499,1
transformed_image_normal_1312.png,5515,11406,1,10502,14545,0,7741,15826,1
transformed_image_normal_1313.png,6260,13326,1,9979,12957,0,8368,14645,1
transformed_image_normal_1314.png,7370,13756,1,11362,10717,0,8010,14320,1
transformed_image_normal_1315.png,6351,11632,0,10952,13195,0,8312,15094,1
transformed_image_normal_1316.png,6486,10395,0,9802,14253,0,8291,16309,1
transformed_image_normal_1317.png,6208,12663,0,9782,14343,0,8541,13999,1
transformed_image_normal_1318.png,6832,11063,0,11767,14051,0,6809,15014,1
transformed_image_normal_1319.png,6609,8885,7,11276,15193,0,7405,16161,1
transformed_image_normal_1320.png,8014,14003,0,10546,11016,1,9376,12580,1
transformed_image_normal_1321.png,7332,9304,0,10661,15270,0,8832,14137,1
transformed_image_normal_1322.png,6755,13196,0,9684,14132,0,8465,13304,1
transformed_image_normal_1323.png,6061,12943,0,10595,14730,0,7375,13832,1
transformed_image_normal_1324.png,6946,14026,0,11078,12549,0,6721,14216,1
transformed_image_normal_1325.png,5137,12121,0,12840,13389,0,6846,15203,1
transformed_image_normal_1326.png,4319,16525,0,8309,14072,0,8721,13590,1
transformed_image_normal_1327.png,5923,12733,9,10984,12264,1,7114,16508,1
transformed_image_normal_1328.png,5151,12278,10,7876,14016,0,9162,17043,1
transformed_image_normal_1329.png,6870,14479,1,12571,9121,0,7558,14936,1
transformed_image_normal_1330.png,6755,9749,0,13323,14760,0,5999,14950,1
transformed_image_normal_1331.png,5455,12854,0,12605,12329,0,7009,15284,1
transformed_image_normal_1332.png,6483,16000,5,11662,7859,0,8928,14599,1
transformed_image_normal_1333.png,4902,17285,3,8524,9326,0,7034,18462,1
transformed_image_normal_1334.png,6716,14554,3,12290,8851,0,6912,16210,1
transformed_image_normal_1335.png,4237,12161,1,12606,15054,0,7151,14326,1
transformed_image_normal_1336.png,6913,16325,0,10232,10294,0,7675,14097,1
transformed_image_normal_1337.png,4950,16941,0,9161,12953,0,8179,13352,1
transformed_image_normal_1338.png,6149,11217,1,10795,14813,0,7335,15226,1
transformed_image_normal_1339.png,8157,8955,3,8384,14395,0,8516,17126,1
transformed_image_normal_1340.png,6614,11508,3,10639,14738,0,7195,14839,1
transformed_image_normal_1341.png,6026,14923,2,11764,9530,0,6751,16540,1
,,,,,,,,,1
