filename,gmean_bins0,gmean_bins1,gmean_bins2,gmean_bins3,gmean_bins4,gmean_bins5,gmean_bins6,gmean_bins7,class
clean_p_11600.jpg,0.24834694671334112,56.57142857142857,0,0,0,73.01910828025478,0,138.71566700731074,1
clean_p_11601.jpg,0.23856613102595797,47.0,0,0,0,59.2575,0,133.2030456852792,1
clean_p_11602.jpg,0.24672935404742435,0,0,0,28.0,65.22222222222223,0,140.65041942604856,1
clean_p_11603.jpg,0.2331712789827973,38.8,0,0,27.0,63.27840909090909,0,141.33155190133607,1
clean_p_11604.jpg,0.3570738773539353,51.857142857142854,0,0,43.0,86.03953871499176,0,143.80166842026154,1
clean_p_11605.jpg,0.19521597311455965,0,0,0,0,46.520833333333336,0,130.17433276547416,1
clean_p_11606.jpg,0.26850507982583455,30.8,0,0,31.0,76.48809523809524,0,127.83010298389226,1
clean_p_11607.jpg,0.3018817204301075,21.0,0,0,0,66.03921568627452,0,134.33587636932708,1
clean_p_11608.jpg,1.0818456468003297,86.0,0,0,58.57142857142857,90.53061224489795,150.0,137.0788643533123,1
clean_p_11609.jpg,0.2329243353783231,79.0,0,0,0,88.74626865671642,0,132.9582543978349,1
clean_p_11610.jpg,0.4001749398644216,38.375,0,0,0,72.85344827586206,0,130.78393415136043,1
clean_p_11611.jpg,0.23804121762147853,0,0,0,0,86.51724137931035,0,134.12626098275302,1
clean_p_11612.jpg,0.17713903743315507,0,0,0,0,51.052845528455286,0,124.01649623770017,1
clean_p_11613.jpg,0.3456248754235599,44.666666666666664,0,0,37.75,66.29249011857708,121.0,134.4383520822469,1
clean_p_11614.jpg,0.22726683097678038,55.4,0,0,68.0,53.842696629213485,123.66666666666667,123.12369710775178,1
clean_p_11615.jpg,0.607645875251509,88.5,0,0,31.375,77.2156862745098,0,134.54473732493426,1
clean_p_11616.jpg,0.2588801926550271,38.0,0,0,41.07142857142857,36.35376661742984,0,130.86643361736216,1
clean_p_11617.jpg,0.36178010471204186,0,0,0,44.0,52.64071856287425,0,122.62317766246602,1
clean_p_11618.jpg,0.2663776493256262,18.833333333333332,0,0,0,58.0,0,134.48246290229332,1
clean_p_11619.jpg,0.9153553988062941,59.72727272727273,0,0,0,83.54187192118226,0,125.49625212947188,1
clean_p_11620.jpg,0.3156233561283535,23.333333333333332,0,0,28.0,57.56031128404669,0,124.17126946243891,1
clean_p_11621.jpg,0.4230769230769231,69.6984126984127,0,0,89.85714285714286,81.43478260869566,114.1,129.46204113011723,1
clean_p_11622.jpg,0.2685647685647686,0,0,0,0,52.140625,0,129.84122359796066,1
clean_p_11623.jpg,0.20229885057471264,0,0,0,0,67.5625,0,113.87927909786549,1
clean_p_11624.jpg,0.5255172413793103,55.0,0,0,45.09090909090909,78.21428571428571,0,127.57741913235395,1
clean_p_11625.jpg,0.2291031116534472,0,0,0,0,0,105.83333333333333,131.47446420428636,1
clean_p_11626.jpg,0.3708304969366916,70.4,0,0,0,62.22794117647059,0,117.37420263441305,1
clean_p_11627.jpg,0.2819017320607989,0,0,0,18.333333333333332,68.6125,0,132.23150224215246,1
clean_p_11628.jpg,0.27325702393340273,42.0,0,0,18.666666666666668,57.69767441860465,0,135.31981251126734,1
clean_p_11629.jpg,0.7875071852845372,82.45454545454545,0,0,100.4,96.13333333333334,119.33333333333333,148.44918872758325,1
clean_p_11630.jpg,0.1925645872715816,0,0,0,0,43.1764705882353,0,123.19549651403807,1
clean_p_11631.jpg,0.25662154208357857,57.57142857142857,0,0,0,72.10512820512821,133.0,119.74220017173934,1
clean_p_11632.jpg,0.2916794596254222,51.5,0,0,41.23529411764706,74.49034749034749,0,143.24881756756756,1
clean_p_11633.jpg,0.22720282946332462,57.0,0,0,49.833333333333336,48.845,74.0,126.3794227188082,1
clean_p_11634.jpg,0.2810750279955207,0,0,0,0,48.65644171779141,95.72727272727273,115.409914985148,1
clean_p_11635.jpg,0.29375614552605706,0,0,0,0,0,114.0,120.82793620106331,1
clean_p_11636.jpg,0.2428819676513835,64.85714285714286,0,0,0,84.42622950819673,0,139.8182404692082,1
clean_p_11637.jpg,0.4594594594594595,0,0,0,52.86666666666667,87.74647887323944,0,149.63689855960772,1
clean_p_11638.jpg,0.23047490434391177,0,0,0,0,108.71428571428571,0,146.63375892992855,1
clean_p_11639.jpg,0.24378109452736318,0,0,0,0,96.50434782608696,0,140.67235452215763,1
clean_p_11640.jpg,0.3009777777777778,59.5,0,0,0,81.95918367346938,0,143.8269502591371,1
clean_p_11641.jpg,0.219679186228482,0,0,0,0,63.470588235294116,0,126.58603701033405,1
clean_p_11642.jpg,0.5377622377622377,102.0,0,0,0,111.33333333333333,118.0,151.8089922241897,1
clean_p_11643.jpg,0.5705972434915774,61.0,0,0,66.33333333333333,80.296875,0,126.91888582797674,1
clean_p_11644.jpg,0.12338052338052338,0,0,0,0,0,0,130.56192970598175,1
clean_p_11645.jpg,0.8614762386248737,73.0,0,0,50.06976744186046,88.03846153846153,0,134.75245690349604,1
clean_p_11646.jpg,1.4105876393110435,88.0,0,0,80.85714285714286,99.0657894736842,0,148.15521235521234,1
clean_p_11647.jpg,0.4077669902912621,69.0,0,0,53.857142857142854,76.15686274509804,0,129.92419784223063,1
clean_p_11648.jpg,1.2712458745874586,82.11111111111111,0,0,0,98.63432835820896,0,143.26929831259068,1
clean_p_11649.jpg,0.18232712967165987,0,0,0,0,0,0,151.21134426699135,1
clean_p_11650.jpg,0.24379562043795622,0,0,0,64.4,68.18502202643172,0,144.6916104786117,1
clean_p_11651.jpg,1.4226327944572748,83.0,0,0,57.81578947368421,88.63309352517986,0,138.09776791541574,1
clean_p_11652.jpg,0.8657966497857421,80.57142857142857,0,0,0,92.22641509433963,0,138.98271334792122,1
clean_p_11653.jpg,0.7806585919757759,91.05555555555556,0,0,0,98.05,0,144.72641374373657,1
clean_p_11654.jpg,0.2304147465437788,0,0,0,40.625,66.12048192771084,0,132.80329804916454,1
clean_p_11655.jpg,0.6169906407487401,100.0,0,0,47.297872340425535,90.82142857142857,0,145.7580127109957,1
clean_p_11656.jpg,0.38372739916550763,78.0,0,0,56.142857142857146,80.93031358885017,0,141.964882629108,1
clean_p_11657.jpg,0.1530115974560419,0,0,0,0,93.83333333333333,0,145.22350834559057,1
clean_p_11658.jpg,0.2134703196347032,0,0,0,0,0,0,134.57040395713108,1
clean_p_11659.jpg,0.21467889908256882,0,0,0,0,101.93636363636364,0,146.97187566081624,1
clean_p_11660.jpg,1.4693126815101645,89.67857142857143,0,0,87.0,97.6987951807229,0,142.16088290130511,1
clean_p_11661.jpg,0.22012116761520104,86.2,0,0,0,91.70229007633588,0,141.32836947570684,1
clean_p_11662.jpg,1.497813578826237,73.14285714285714,0,0,77.0,92.25,0,142.40525598303543,1
clean_p_11663.jpg,1.2704284710840552,92.33333333333333,110.0,0,70.72727272727273,92.06521739130434,115.5,145.32820644279244,1
clean_p_11664.jpg,0.4116615519508987,42.0,0,0,58.333333333333336,64.1474358974359,145.0,129.92095349441414,1
clean_p_11665.jpg,0.16781545813803878,0,0,0,0,41.104693140794225,0,127.62438118811882,1
clean_p_11666.jpg,0.7811895551257253,44.46938775510204,0,0,0,79.94285714285714,0,131.13740634896115,1
clean_p_11667.jpg,0.231622746185853,0,0,0,0,61.24691358024691,0,132.0529772329247,1
clean_p_11668.jpg,0.30993563958165726,0,98.5,0,88.66666666666667,79.47169811320755,115.0,134.06391455454778,1
clean_p_11669.jpg,0.5256764218663722,0,0,0,38.2,67.68604651162791,0,131.55977599220842,1
clean_p_11670.jpg,0.27022609643149004,62.25,0,0,74.0,68.41176470588235,98.0,125.17986007389356,1
clean_p_11671.jpg,0.2868336697138787,56.5,0,0,62.75,64.01351351351352,85.5,121.31208280207005,1
clean_p_11672.jpg,0.24154589371980675,0,0,0,0,45.81547619047619,0,124.06752742230347,1
clean_p_11673.jpg,0.46492805755395683,0,0,0,21.07163323782235,58.66101694915254,0,106.94096942880128,1
clean_p_11674.jpg,0.31216457960644006,0,0,0,0,54.60280373831776,0,115.94548611111111,1
clean_p_11675.jpg,0.269432918395574,0,0,0,0,72.52941176470588,0,131.52503372212965,1
clean_p_11676.jpg,0.21825750817722273,65.82758620689656,0,0,0,82.3298969072165,0,148.9614289551437,1
clean_p_11677.jpg,0.4004711425206125,0,0,0,48.14,75.42763157894737,0,126.85711610486891,1
clean_p_11678.jpg,0.18405237175359518,0,0,0,11.0,55.03317535545024,0,136.32190051095318,1
clean_p_11679.jpg,0.22088594908799358,0,0,0,0,86.29850746268657,0,134.81422060164084,1
clean_p_11680.jpg,0.2775689223057644,0,0,0,0,58.07432432432432,0,140.493830472103,1
clean_p_11681.jpg,0.2252688172043011,0,0,0,0,93.27615062761507,0,141.24332990501543,1
clean_p_11682.jpg,0.3177618069815195,39.0,0,0,27.875,69.1774193548387,131.0,133.58899219657977,1
clean_p_11683.jpg,0.15529685681024447,0,0,0,0,40.82394366197183,0,125.80463036043146,1
clean_p_11684.jpg,0.40242533123736807,52.0,0,0,31.076923076923077,52.57142857142857,0,130.73997685657886,1
clean_p_11685.jpg,0.5625917383099183,73.0,0,0,0,95.31972789115646,0,141.20429435063582,1
clean_p_11686.jpg,0.42666232073011734,25.75,0,0,36.03125,65.00523560209425,119.0,122.76192639709222,1
clean_p_11687.jpg,0.8693088765149034,59.69230769230769,0,0,0,85.18930041152264,0,144.1000683393537,1
clean_p_11688.jpg,0.19979134063641105,0,0,0,0,0,0,147.51884141508754,1
clean_p_11689.jpg,0.21226053639846743,0,0,0,0,68.72222222222223,0,136.4818837575657,1
clean_p_11690.jpg,0.24811297784270758,0,0,0,0,68.92857142857143,0,118.26481503651382,1
clean_p_11691.jpg,0.31137342478864255,0,93.0,0,78.0,63.82248520710059,103.2,131.3476348547718,1
clean_p_11692.jpg,0.13688531456814945,0,0,0,0,44.06410256410256,0,137.56983387536258,1
clean_p_11693.jpg,0.36664044059795436,0,0,0,38.72727272727273,72.05970149253731,0,137.56987202925046,1
clean_p_11694.jpg,0.17292870905587668,0,0,0,0,77.17241379310344,0,148.42131616595137,1
clean_p_11695.jpg,0.16988727858293076,0,0,0,0,50.63492063492063,87.0,147.50179073931952,1
clean_p_11696.jpg,0.2359882005899705,14.0,0,0,0,63.72666666666667,0,141.62189154769086,1
clean_p_11697.jpg,1.3070135746606335,101.5,0,0,0,106.81818181818181,0,152.37830594541222,1
clean_p_11698.jpg,0.22652647113078767,0,0,0,0,87.47272727272727,0,141.85878424269868,1
clean_p_11699.jpg,0.15018811136192625,0,0,0,0,73.67153284671532,0,134.34158853705998,1
clean_p_11700.jpg,0.2268160741885626,0,0,0,62.0,72.63705103969754,0,148.5724587435862,1
clean_p_11701.jpg,0.18223658441049745,52.0,0,0,76.5,61.348101265822784,0,138.7320885801129,1
clean_p_11702.jpg,0.10554591288536243,60.0,0,0,73.0,69.0,0,151.58724459263058,1
clean_p_11703.jpg,0.12044150110375276,0,0,0,0,53.142857142857146,0,137.8750146627566,1
clean_p_11704.jpg,0.15912781257248898,0,0,0,0,62.88068181818182,0,136.78163822525596,1
clean_p_11705.jpg,0.1511529639019679,0,0,0,0,54.86158192090395,81.5,134.63653855891437,1
clean_p_11706.jpg,0.2232935803095661,0,0,0,0,95.17241379310344,0,141.6989701338826,1
clean_p_11707.jpg,1.4112806101967081,49.714285714285715,0,0,58.529411764705884,88.07142857142857,117.25,144.18910599571734,1
clean_p_11708.jpg,0.2534957149300857,0,0,0,0,61.693333333333335,0,135.09688070205925,1
clean_p_11709.jpg,0.11943092474728566,0,0,0,0,53.9277108433735,0,136.26134458998075,1
clean_p_11710.jpg,0.2677551020408163,0,0,0,90.57142857142857,75.64672364672364,131.4,129.77996700879766,1
clean_p_11711.jpg,0.19194214876033058,0,0,0,38.285714285714285,57.119496855345915,0,140.74297400712496,1
clean_p_11712.jpg,0.20061349693251534,0,0,0,0,101.0,0,137.1944116779711,1
clean_p_11713.jpg,0.2731770273177027,0,0,0,77.33333333333333,68.86170212765957,107.0,135.26702926702927,1
clean_p_11714.jpg,0.8067017446690667,78.8,0,0,95.0,89.0,111.5,132.4055812927421,1
clean_p_11715.jpg,0.19995952236389394,0,0,0,0,61.0958904109589,0,127.41734591079769,1
clean_p_11716.jpg,0.2882703777335984,0,0,0,0,89.61904761904762,0,141.9143232588699,1
clean_p_11717.jpg,0.24139459299748856,32.7,0,0,0,66.26135216952574,105.0,141.68167172972474,1
clean_p_11718.jpg,0.2725976618192187,80.96969696969697,0,0,0,102.02721088435374,152.0,144.015847478079,1
clean_p_11719.jpg,0.2835249042145594,0,0,0,0,65.98360655737704,0,127.23732569951058,1
clean_p_11720.jpg,0.2481171979779222,80.0,0,0,65.0,60.78888888888889,98.0,139.02439628482972,1
clean_p_11721.jpg,0.22155555555555556,0,0,0,0,51.578947368421055,0,125.06899149714778,1
clean_p_11722.jpg,0.2622673434856176,56.0,0,0,95.33333333333333,80.32692307692308,108.0,147.11484702593572,1
clean_p_11723.jpg,0.1888375996642887,0,0,0,0,52.305882352941175,0,126.7396803091516,1
clean_p_11724.jpg,0.2495409474843922,65.0,0,0,0,65.64652567975831,0,144.95892857142857,1
clean_p_11725.jpg,0.24467178175618073,0,0,0,0,64.81118881118881,0,137.52936606587943,1
clean_p_11726.jpg,0.34167709637046306,0,0,0,35.44444444444444,69.59060402684564,141.28571428571428,125.72320176317372,1
clean_p_11727.jpg,0.7322161422708618,58.89473684210526,0,0,35.81818181818182,72.61904761904762,0,130.47079789388417,1
clean_p_11728.jpg,0.3308161487075225,54.0,0,0,0,61.235690235690235,0,123.48517150395779,1
clean_p_11729.jpg,0.17647058823529413,0,0,0,0,80.60416666666667,0,136.393481341521,1
clean_p_11730.jpg,0.14210912137396586,0,0,0,0,84.92307692307692,0,133.53629401005944,1
clean_p_11731.jpg,4.318983768525053,72.28947368421052,0,0,69.0,89.77697841726619,126.0,124.06517983351657,1
clean_p_11732.jpg,0.2646720368239356,0,0,0,0,60.28706624605678,104.33333333333333,133.95501267248662,1
clean_p_11733.jpg,0.20041361158112428,0,0,0,0,53.130718954248366,0,124.15634489739578,1
clean_p_11734.jpg,0.3898266423357664,36.8,0,0,91.5,67.68387096774194,105.75,136.20036231884058,1
clean_p_11735.jpg,0.298989898989899,0,0,0,0,58.1764705882353,0,124.51449953227315,1
clean_p_11736.jpg,0.2903302447137087,0,0,0,59.0,79.51528384279476,0,132.8598618695792,1
clean_p_11737.jpg,0.3083240843507214,0,0,0,0,0,101.5,134.9083632348882,1
clean_p_11738.jpg,0.9971056439942113,61.0,0,0,71.14285714285714,66.42570281124497,134.0,108.70627389888118,1
clean_p_11739.jpg,0.4038598999285204,53.0,0,0,0,65.015625,149.0,132.50058597019924,1
clean_p_11740.jpg,0.24165769644779334,75.5,0,0,0,52.83734939759036,0,135.5565162819887,1
clean_p_11741.jpg,0.8147249190938511,93.0,0,0,38.59803921568628,87.54794520547945,146.0,138.22481975092856,1
clean_p_11742.jpg,0.2514164305949009,54.054054054054056,0,0,0,81.29857819905213,0,145.49338964377526,1
clean_p_11743.jpg,0.17477477477477477,0,0,0,37.0,70.23569023569024,0,138.60944368652417,1
clean_p_11744.jpg,1.1954862263524726,73.33333333333333,0,0,51.833333333333336,80.25925925925925,144.33333333333334,127.5719593569912,1
clean_p_11745.jpg,0.24699110413396128,0,0,0,29.333333333333332,63.243589743589745,0,124.17392271749611,1
clean_p_11746.jpg,0.19368172423974017,0,0,0,0,0,0,133.89017664455278,1
clean_p_11747.jpg,0.3462532299741602,0,0,0,33.77049180327869,61.85526315789474,122.4375,114.6756982773039,1
clean_p_11748.jpg,0.9935249935249936,86.93333333333334,0,0,0,95.125,141.0,129.71561732056605,1
clean_p_11749.jpg,0.19144013880855987,0,0,0,0,55.96116504854369,0,131.37165747580897,1
clean_p_11750.jpg,0.6301896463352127,67.5,0,0,31.833333333333332,70.2784090909091,0,135.32569417285882,1
clean_p_11751.jpg,0.25639269406392695,0,0,0,0,92.8739946380697,0,135.0279487723767,1
clean_p_11752.jpg,0.26277372262773724,0,0,0,0,65.285,132.0,131.59304544490777,1
clean_p_11753.jpg,0.4176695039624303,74.0,0,0,28.735294117647058,67.61783439490446,0,127.47849416574397,1
clean_p_11754.jpg,0.33341159896689365,24.5,0,0,18.0,61.06149732620321,0,130.8745073450376,1
clean_p_11755.jpg,0.248619957537155,0,0,0,0,71.85483870967742,0,146.38867419738406,1
clean_p_11756.jpg,0.28454452405322417,0,0,0,58.94444444444444,84.70319634703196,144.0,134.63219011612208,1
clean_p_11757.jpg,0.2852594715058898,0,0,0,53.0,80.29816513761467,147.0,137.5857310858487,1
clean_p_11758.jpg,0.2844009489916963,0,0,0,0,69.96652719665272,0,126.65007576640635,1
clean_p_11759.jpg,0.4446158593026844,67.0,0,0,36.0,73.00641025641026,0,135.67500985415845,1
clean_p_11760.jpg,0.32923832923832924,0,0,0,42.25,68.84778761061946,0,132.41346321099323,1
clean_p_11761.jpg,0.4150605109816226,0,0,0,0,71.52631578947368,113.0,141.62707156744744,1
clean_p_11762.jpg,0.2971366828741221,0,0,0,0,57.89506172839506,0,129.76213260423788,1
clean_p_11763.jpg,0.3192307692307692,39.0,0,0,0,70.60629921259843,0,143.97725711669082,1
clean_p_11764.jpg,0.1884787472035794,0,0,0,0,49.56818181818182,0,127.94871569317382,1
clean_p_11765.jpg,0.1809872029250457,0,0,0,0,58.84,0,149.94277316735824,1
clean_p_11766.jpg,0.22277685339249398,0,0,0,80.0,60.74842767295598,0,141.68008626887132,1
clean_p_11767.jpg,0.4489977728285078,71.0,0,0,57.333333333333336,67.80912863070539,141.0,125.43028007575002,1
clean_p_11768.jpg,0.25560266505148393,27.25,0,0,0,66.8273381294964,0,143.76834167312708,1
clean_p_11769.jpg,0.39776951672862454,65.11111111111111,0,0,57.476190476190474,84.26586102719033,148.5,131.59052480459403,1
clean_p_11770.jpg,0.30668798294697575,0,0,0,87.5,67.61764705882354,142.0,137.72243781972128,1
clean_p_11771.jpg,0.278521351179095,76.0,0,0,0,60.41353383458647,140.66666666666666,125.0229874933944,1
clean_p_11772.jpg,1.1643968871595332,81.71428571428571,0,0,0,99.87012987012987,150.5,139.53781449493053,1
clean_p_11773.jpg,0.47300312360553326,70.2,0,0,25.875,72.05479452054794,0,139.66935699039487,1
clean_p_11774.jpg,0.2570118662351672,0,0,0,47.111111111111114,82.14736842105263,148.0,139.33641905622036,1
clean_p_11775.jpg,0.23424723424723426,0,0,0,0,64.05844155844156,0,133.10589721169728,1
clean_p_11776.jpg,0.23874432052870714,63.0,0,0,0,77.3955223880597,0,146.350044034957,1
clean_p_11777.jpg,0.2621359223300971,73.91666666666667,0,0,0,90.11538461538461,0,147.45705433059518,1
clean_p_11778.jpg,0.2771631205673759,0,0,0,0,81.62114537444934,0,130.39457595234362,1
clean_p_11779.jpg,0.2789661319073084,0,0,0,19.0,50.07079646017699,0,141.75743986954748,1
clean_p_11780.jpg,0.20880428316478286,0,0,0,0,94.78217821782178,0,135.84249416645062,1
clean_p_11781.jpg,0.30400276052449965,0,0,0,0,79.0828402366864,150.75,134.71422576584138,1
clean_p_11782.jpg,0.25293908086925543,59.8,0,0,22.0,69.77591973244147,0,138.9889840881273,1
clean_p_11783.jpg,0.8810421666095304,0,0,0,63.98076923076923,80.02702702702703,143.8181818181818,143.02521549987915,1
clean_p_11784.jpg,0.29782548857693364,0,0,0,24.5,48.34862385321101,0,140.0150714595063,1
clean_p_11785.jpg,0.24166666666666667,35.0,0,0,0,58.5796178343949,0,138.92819821338279,1
clean_p_11786.jpg,0.36899905867587074,69.0,0,0,0,64.57931034482759,0,116.20980019029496,1
clean_p_11787.jpg,0.4225382932166302,39.588235294117645,0,0,0,74.61627906976744,0,129.95808599971045,1
clean_p_11788.jpg,0.5772335096020039,71.89655172413794,0,0,51.0,74.546783625731,136.0,124.45640074211502,1
clean_p_11789.jpg,1.0432599459250675,46.5,0,0,59.47222222222222,73.20918367346938,121.0,119.89519650655022,1
clean_p_11790.jpg,0.5967407407407408,0,0,0,63.44827586206897,71.33161953727506,0,115.67269812185066,1
clean_p_11791.jpg,0.48768632534024625,69.88888888888889,0,0,0,64.9873417721519,133.5,114.6448296889973,1
clean_p_11792.jpg,3.0919753086419752,58.833333333333336,0,0,0,78.5179856115108,121.5,112.12759793424864,1
clean_p_11793.jpg,0.224006908462867,0,0,0,0,65.97916666666667,0,139.78934642438452,1
clean_p_11794.jpg,4.156373592941892,75.33333333333333,0,0,54.14666666666667,85.71971496437055,134.66666666666666,121.91638487549955,1
clean_p_11795.jpg,1.5429787234042553,72.5,0,0,52.86274509803921,85.19834710743801,0,126.19717858287913,1
clean_p_11796.jpg,0.25495841330774155,0,0,0,27.916666666666668,52.91981132075472,126.0,111.47592498732894,1
clean_p_11797.jpg,0.21775544388609716,0,0,0,0,75.52401746724891,0,122.85202492211837,1
clean_p_11798.jpg,0.29597451491456706,0,0,0,31.0,56.9953488372093,0,121.25199004975124,1
clean_p_11799.jpg,0.2719137685580639,0,0,0,0,57.12258064516129,109.0,114.97453503099793,1
clean_p_11800.jpg,0.24223416965352448,0,0,0,22.0,54.73099415204678,0,117.47773208504681,1
clean_p_11801.jpg,0.5223264540337711,62.857142857142854,0,0,47.375,74.36697247706422,132.5,118.43205456095481,1
clean_p_11802.jpg,0.5500435161009574,62.0,0,0,43.6219512195122,76.12994350282486,111.33333333333333,113.05381963749583,1
clean_p_11803.jpg,0.24154187465335553,63.35294117647059,0,0,0,78.79054054054055,0,123.5585949642524,1
clean_p_11804.jpg,0.48107364074328973,59.5,0,0,19.79310344827586,69.45819397993311,0,121.66586329249515,1
clean_p_11805.jpg,0.7818920749604877,58.4,0,0,91.0,83.94594594594595,118.75,129.25262710320112,1
clean_p_11806.jpg,0.21772357723577235,70.8,0,0,97.0,73.51886792452831,125.0,138.3871260199456,1
clean_p_11807.jpg,0.2670755968169761,0,0,0,0,73.32474226804123,0,152.77435238706914,1
clean_p_11808.jpg,0.19383997321727486,0,0,0,0,68.75806451612904,0,151.08286719335678,1
clean_p_11809.jpg,0.24852633580528619,0,0,0,45.0,62.88030888030888,0,151.2450369511665,1
clean_p_11810.jpg,0.19710930442637759,0,0,0,0,72.34234234234235,0,155.01276829077236,1
clean_p_11811.jpg,0.2021978021978022,0,0,0,0,68.46043165467626,0,154.6077197755484,1
clean_p_11812.jpg,0.22843450479233227,0,0,0,0,79.3613707165109,0,148.8246887966805,1
clean_p_11813.jpg,0.1875,0,0,0,0,68.64766839378238,0,155.4879067202395,1
clean_p_11814.jpg,0.3537174964066379,67.5,0,0,43.42857142857143,85.04819277108433,0,159.79862203656486,1
clean_p_11815.jpg,0.2291299753434308,70.66666666666667,0,0,0,61.98684210526316,0,144.7690507395619,1
clean_p_11816.jpg,0.18516377649325627,0,0,0,0,57.81614349775785,0,132.90830192988466,1
clean_p_11817.jpg,0.347306490163633,56.0,0,0,56.0,85.32402234636872,0,143.99772953029657,1
clean_p_11818.jpg,0.17290360501567398,62.0,0,0,0,63.07949790794979,0,145.7552240538658,1
clean_p_11819.jpg,0.19012214551248008,0,0,0,0,88.92086330935251,0,150.55318557632182,1
clean_p_11820.jpg,0.22368190576283062,0,0,0,0,80.18478260869566,0,159.34560543191247,1
clean_p_11821.jpg,0.7401750198886237,64.6875,0,0,0,97.56896551724138,0,163.74985887223232,1
clean_p_11822.jpg,0.19805757891085674,0,0,0,16.0,61.50632911392405,0,145.40184664793256,1
clean_p_11823.jpg,0.2175881021661817,0,0,0,0,78.89565217391305,0,146.98084349208753,1
clean_p_11824.jpg,0.21787317620650953,0,0,0,93.0,75.46074074074075,107.0,150.86841418883674,1
clean_p_11825.jpg,0.2853828306264501,0,0,0,0,0,0,162.83489910954987,1
clean_p_11826.jpg,0.1947019867549669,0,0,0,0,94.85474860335195,0,148.0989161214725,1
clean_p_11827.jpg,0.2745182012847966,49.9,0,0,51.8,80.33536585365853,0,153.54183006535948,1
clean_p_11828.jpg,0.8757238307349666,51.0,0,0,52.0,87.55458515283843,0,156.10543486910163,1
clean_p_11829.jpg,0.2237037037037037,0,0,0,0,75.34482758620689,0,151.40808095622205,1
clean_p_11830.jpg,0.2179373522458629,0,0,0,36.53846153846154,78.31626506024097,0,154.8463759021023,1
clean_p_11831.jpg,0.14201457919151755,0,0,0,0,60.54838709677419,0,150.074570787455,1
clean_p_11832.jpg,0.510862409479921,0,0,0,54.125,69.72727272727273,0,123.64021260997067,1
clean_p_11833.jpg,0.22880049337033612,0,0,0,46.0,74.80392156862744,0,156.76514191586418,1
clean_p_11834.jpg,0.2177498252969951,0,0,0,0,84.16908212560386,0,149.67150278763305,1
clean_p_11835.jpg,0.3149249504389691,0,0,0,0,75.40094339622641,0,148.39901429275506,1
clean_p_11836.jpg,0.2235202492211838,0,0,0,0,76.85,0,142.64150561570372,1
clean_p_11837.jpg,0.23014158867290616,0,0,0,43.0,77.69767441860465,0,149.37187187187186,1
clean_p_11838.jpg,0.2013888888888889,0,0,0,0,72.1725352112676,0,156.00201334560515,1
clean_p_11839.jpg,0.2568306010928962,0,0,0,42.294117647058826,84.22649572649573,0,159.49850137873156,1
clean_p_11840.jpg,0.3457054484891744,0,0,0,38.31578947368421,83.562874251497,0,155.00724868567787,1
clean_p_11841.jpg,0.6545647558386412,72.58823529411765,0,0,0,106.33870967741936,0,155.41188205224114,1
clean_p_11842.jpg,0.2895853738165198,0,0,0,52.0,71.08836206896552,0,150.18094841930116,1
clean_p_11843.jpg,0.24341682723185612,0,0,0,26.0,66.20388349514563,0,156.5756223579145,1
clean_p_11844.jpg,0.19532363843741088,0,0,0,0,112.29203539823008,0,161.217775581906,1
clean_p_11845.jpg,0.2707797772065124,0,0,0,0,73.53125,0,144.23507295676305,1
clean_p_11846.jpg,0.23453563338560726,0,0,0,0,57.28923076923077,0,147.69427498826843,1
clean_p_11847.jpg,0.24935672514619883,0,0,0,0,75.97122302158273,0,156.02118196894315,1
clean_p_11848.jpg,0.2285085651422285,0,0,0,0,68.51612903225806,0,150.0438596491228,1
clean_p_11849.jpg,0.21420486700622524,0,0,0,38.921052631578945,77.560546875,0,143.3667045885476,1
clean_p_11850.jpg,0.20900123304562268,0,0,0,0,79.58643326039387,0,144.31552104742332,1
clean_p_11851.jpg,0.20903522205206737,0,0,0,32.07692307692308,74.0030395136778,0,142.6973869064344,1
clean_p_11852.jpg,0.26136078332914886,0,0,0,71.0,70.88461538461539,0,144.7528691660291,1
clean_p_11853.jpg,0.5377250095748756,0,0,0,69.0,89.78405315614619,117.0,140.8547770700637,1
clean_p_11854.jpg,0.26080793763288446,0,0,0,40.57142857142857,54.19570135746606,0,144.14666411042944,1
clean_p_11855.jpg,0.2106167056986729,74.0,0,0,35.285714285714285,67.16279069767442,0,151.53099147257223,1
clean_p_11856.jpg,0.17238749046529367,64.0,0,0,0,90.1863354037267,0,150.41126739488254,1
clean_p_11857.jpg,0.25529865125240847,75.18181818181819,0,0,0,89.32846715328468,0,154.85039161024824,1
clean_p_11858.jpg,0.3375063873275422,0,0,0,29.066666666666666,59.326797385620914,93.0,123.43345232024477,1
clean_p_11859.jpg,0.20454010820983298,0,0,0,0,59.657407407407405,0,151.28732581287326,1
clean_p_11860.jpg,0.7034971036258314,44.92857142857143,0,0,43.25,83.81089743589743,0,155.05018598335008,1
clean_p_11861.jpg,0.2965577018325904,0,0,0,0,73.86925795053004,0,144.66261286161784,1
clean_p_11862.jpg,0.28945454545454546,0,0,0,67.0,53.04612365063788,110.0,150.08325299545518,1
clean_p_11863.jpg,0.26957666154858523,0,0,0,35.1,71.6774193548387,0,140.50161008372436,1
clean_p_11864.jpg,0.2617960426179604,71.85714285714286,0,0,0,87.61206896551724,0,136.27827366356058,1
clean_p_11865.jpg,0.24912993039443154,0,0,0,40.982142857142854,78.32442748091603,0,140.3467336683417,1
clean_p_11866.jpg,0.2565326062258578,0,0,0,0,64.58181818181818,0,146.35316484008052,1
clean_p_11867.jpg,0.22699023379698136,0,0,0,46.55555555555556,82.05882352941177,0,156.49654457498272,1
clean_p_11868.jpg,0.3079243765084473,110.0,0,0,37.58571428571429,78.85655737704919,0,147.66087069357036,1
clean_p_11869.jpg,0.23751149249157216,0,0,0,28.655172413793103,69.35227272727273,0,147.2574558303887,1
clean_p_11870.jpg,3.0061486864169926,66.16666666666667,0,0,76.42857142857143,90.32574430823118,113.9,135.9772641863961,1
clean_p_11871.jpg,0.3141831238779174,0,0,0,0,58.92258064516129,99.7,129.65474700518504,1
clean_p_11872.jpg,0.24172494172494172,0,0,0,50.08,77.28076923076924,0,150.41138502913492,1
clean_p_11873.jpg,0.5320569902048086,0,0,0,63.5,63.0,0,121.85652834008097,1
clean_p_11874.jpg,0.6263503992484735,83.0,0,0,0,94.20316622691293,0,155.12836492685884,1
clean_p_11875.jpg,0.20453648915187378,0,0,0,0,80.74476987447699,0,160.98867587165986,1
clean_p_11876.jpg,0.22675585284280936,0,0,0,0,70.48680042238648,0,130.68476490389835,1
clean_p_11877.jpg,0.26951340615690167,0,0,0,37.183673469387756,88.18691588785046,0,154.4856812522234,1
clean_p_11878.jpg,0.5055895380721367,70.07692307692308,0,0,0,90.48148148148148,0,151.77313738256908,1
clean_p_11879.jpg,0.8690134099616859,0,0,0,48.74193548387097,93.58125,0,155.99169693824598,1
clean_p_11880.jpg,0.28974358974358977,0,0,0,52.8,82.83428571428571,0,137.22769981696158,1
clean_p_11881.jpg,0.2296162432231317,65.5,0,0,61.0,70.55223880597015,98.0,152.11799170722912,1
clean_p_11882.jpg,0.8765649022622447,53.666666666666664,0,0,49.166666666666664,78.10096153846153,0,132.60390337545994,1
clean_p_11883.jpg,0.1953305594082293,0,0,0,0,75.53333333333333,0,162.9979863841212,1
clean_p_11884.jpg,1.3632958801498127,91.4,0,0,58.25,92.30263157894737,0,156.93244635193133,1
clean_p_11885.jpg,0.23464696223316914,0,0,0,38.5,76.26881720430107,0,151.19578686493185,1
clean_p_11886.jpg,0.6867698994838359,42.92307692307692,113.0,0,48.05882352941177,75.87878787878788,115.0,150.94571984435797,1
clean_p_11887.jpg,0.40053464023167745,0,0,0,48.32,85.48979591836735,0,147.88346933162188,1
clean_p_11888.jpg,0.24947190536544148,48.583333333333336,0,0,0,72.64489795918368,0,152.62477152058491,1
clean_p_11889.jpg,0.26641457545548297,0,0,0,32.30487804878049,96.4,0,159.5349125464812,1
clean_p_11890.jpg,0.24023813692873403,0,0,0,32.857142857142854,65.55491329479769,0,158.92006383287392,1
clean_p_11891.jpg,0.3463687150837989,0,0,0,0,86.57794676806084,0,163.63481814466695,1
clean_p_11892.jpg,0.46075854299662033,77.66666666666667,0,0,45.642857142857146,77.13307984790875,0,147.3011203015391,1
clean_p_11893.jpg,0.24328295549958018,0,0,0,0,67.05389221556887,0,150.34840003341967,1
clean_p_11894.jpg,0.23071479122434538,0,0,0,50.967213114754095,84.84726224783861,0,139.42567724010186,1
clean_p_11895.jpg,1.518598615916955,78.2,0,0,53.95238095238095,89.83516483516483,0,141.731772774713,1
clean_p_11896.jpg,0.2755889311799198,72.66666666666667,0,0,94.0,82.47342995169082,0,159.11022313151332,1
clean_p_11897.jpg,0.47098686997035155,54.44444444444444,0,0,57.0,92.26415094339623,0,158.70379097650564,1
clean_p_11898.jpg,0.2888787394382279,52.0,0,0,0,74.25102040816327,0,147.47991710253626,1
clean_p_11899.jpg,0.24294504561850203,64.0,0,0,0,86.3686274509804,0,153.10963574376458,1
clean_p_11900.jpg,0.48067104303428154,97.52857142857142,0,0,48.193548387096776,91.69938650306749,0,155.2532515112658,1
clean_p_11901.jpg,0.6227959697732998,62.166666666666664,0,0,0,97.06744186046511,0,153.05973451327435,1
clean_p_11902.jpg,0.22180685358255453,0,0,0,0,73.49013157894737,0,132.9791258969341,1
clean_p_11903.jpg,0.2835221907459868,0,0,0,0,76.29587155963303,0,141.19566010211526,1
clean_p_11904.jpg,0.2808641975308642,0,0,0,47.5609756097561,77.06060606060606,0,147.1410307630843,1
clean_p_11905.jpg,0.26558579424821466,0,0,0,0,61.40853658536585,0,144.076612541491,1
clean_p_11906.jpg,0.2592852137351086,0,0,0,0,71.61793372319688,0,137.60525835311302,1
clean_p_11907.jpg,0.33962264150943394,0,0,0,34.886792452830186,77.3913043478261,0,151.10042997543,1
clean_p_11908.jpg,0.4391643709825528,104.5,0,0,29.575757575757574,73.88826815642459,0,152.4434019832189,1
clean_p_11909.jpg,1.251762114537445,0,0,0,92.875,103.1304347826087,126.5,159.90248318675634,1
clean_p_11910.jpg,0.3148548116150708,0,0,0,57.61904761904762,101.62559241706161,0,153.6555325321177,1
clean_p_11911.jpg,0.33355077190693627,0,0,0,0,77.81132075471699,0,143.6941509639473,1
clean_p_11912.jpg,0.19886436959607692,0,0,0,26.0,71.44619422572178,0,150.80941243178114,1
clean_p_11913.jpg,0.216468151216986,0,0,0,0,58.47203579418345,0,133.9773076923077,1
clean_p_11914.jpg,0.2732732732732733,0,0,0,0,93.55128205128206,0,153.97193575655115,1
clean_p_11915.jpg,0.25654094461433913,0,0,0,33.125,63.91304347826087,0,146.19467024218554,1
clean_p_11916.jpg,0.24270353302611367,0,0,0,58.333333333333336,71.24400564174894,0,145.00011170688114,1
clean_p_11917.jpg,0.22870182555780932,0,0,0,0,68.64777327935222,0,146.81487695749442,1
clean_p_11918.jpg,0.17485850461721775,0,0,0,0,64.69491525423729,0,141.66774851632047,1
clean_p_11919.jpg,0.257847940482671,0,0,0,0,85.88867562380038,0,148.9175543557566,1
clean_p_11920.jpg,0.3077204537138675,0,0,0,38.4,86.12339331619538,0,139.27883067013502,1
clean_p_11921.jpg,1.1416359044103361,96.83458646616542,0,0,0,112.32758620689656,0,167.34131786854934,1
clean_p_11922.jpg,0.27625757824020974,35.333333333333336,0,0,36.714285714285715,73.91093117408907,0,151.5874251497006,1
clean_p_11923.jpg,0.6883082607548165,49.142857142857146,0,0,42.25,104.11658031088083,0,157.58731756416708,1
clean_p_11924.jpg,0.2059447983014862,0,0,0,0,88.26206896551724,0,157.239453125,1
clean_p_11925.jpg,0.23984388859322334,0,0,0,0,79.38729508196721,0,151.79408188082692,1
clean_p_11926.jpg,0.27193441479155767,0,0,0,0,78.61184210526316,0,152.3751888667992,1
clean_p_11927.jpg,0.5272638753651412,0,110.0,0,45.708333333333336,81.07645259938838,119.0,148.23781676413256,1
clean_p_11928.jpg,0.26563213144682796,0,0,0,33.0,84.92307692307692,0,152.08792927575655,1
clean_p_11929.jpg,0.23559037493005036,0,0,0,0,56.13095238095238,0,140.7027989318564,1
clean_p_11930.jpg,0.3635811221389508,55.0,0,0,0,66.43886462882097,0,136.84022318031955,1
clean_p_11931.jpg,0.25515394912985273,0,0,0,35.333333333333336,76.54417670682732,0,137.67544268406337,1
clean_p_11932.jpg,0.8118596032265097,83.66666666666667,0,0,40.2962962962963,84.48,0,152.91272837082892,1
clean_p_11933.jpg,0.2922897650029132,0,0,0,27.484848484848484,65.48275862068965,0,152.47687281906602,1
clean_p_11934.jpg,0.24364508393285372,0,0,0,0,63.15068493150685,0,141.1629068998457,1
clean_p_11935.jpg,0.32579505300353356,0,0,0,0,79.13004484304933,0,153.22573071006397,1
clean_p_11936.jpg,0.41674060928719314,0,0,0,34.666666666666664,66.64693446088795,0,127.0744140304868,1
clean_p_11937.jpg,0.6005730659025788,70.36170212765957,0,0,0,90.98581560283688,0,154.5682167790794,1
clean_p_11938.jpg,0.24589086127547666,82.61111111111111,0,0,0,95.81052631578947,0,154.6666409861325,1
clean_p_11939.jpg,1.0566716007612602,75.13461538461539,0,0,0,102.8125,0,157.9065346818736,1
clean_p_11940.jpg,0.23247170130089542,40.0,0,0,0,74.24,0,162.30915619389586,1
clean_p_11941.jpg,0.2066747084841174,0,0,0,0,92.01234567901234,0,159.5403311025009,1
clean_p_11942.jpg,0.5772765246449457,82.81818181818181,0,0,48.666666666666664,87.63320463320463,0,150.4349690663667,1
clean_p_11943.jpg,0.901944029053621,68.08333333333333,0,0,49.63636363636363,75.83687943262412,0,140.60633001422474,1
clean_p_11944.jpg,0.29123173277661796,0,0,0,0,52.91928251121076,0,137.81734160282136,1
clean_p_11945.jpg,1.6612135017601988,93.6842105263158,0,0,101.0,110.89285714285714,0,159.68831971434457,1
clean_p_11946.jpg,1.4778681120144534,78.2,0,0,50.964285714285715,91.08571428571429,0,156.58898271643912,1
clean_p_11947.jpg,0.8338793601850067,65.43589743589743,0,0,0,98.5702479338843,0,152.56111530715006,1
clean_p_11948.jpg,2.558494404883011,85.92592592592592,0,0,0,99.56077348066299,0,153.0508403712685,1
clean_p_11949.jpg,0.26863864383324687,0,0,0,0,75.06686930091185,0,148.6247063011748,1
clean_p_11950.jpg,0.456771063078959,84.85714285714286,0,0,0,83.32820512820513,0,155.50979767404812,1
clean_p_11951.jpg,0.2709476765459202,0,0,0,0,67.78623188405797,0,149.19851227818606,1
clean_p_11952.jpg,0.2965406918616277,0,0,0,30.0327868852459,87.75641025641026,0,148.773245933479,1
clean_p_11953.jpg,0.30142375421506185,0,0,0,63.5,57.714285714285715,114.75,140.46381541924592,1
clean_p_11954.jpg,0.6156921539230384,74.77777777777777,0,0,0,81.14220183486239,0,144.89048991354466,1
clean_p_11955.jpg,0.23414117335452259,0,0,0,35.333333333333336,67.42372881355932,0,142.4653846153846,1
clean_p_11956.jpg,0.9279721710660938,101.25,0,0,45.23148148148148,104.625,0,154.31626074498567,1
clean_p_11957.jpg,0.4365647364996747,84.0,0,0,30.8,70.08888888888889,0,151.23750680034195,1
clean_p_11958.jpg,0.34615384615384615,0,0,0,39.96296296296296,67.8913043478261,0,150.5793743554486,1
clean_p_11959.jpg,0.3457136687540488,38.0625,0,0,0,69.38356164383562,0,148.2577560560986,1
clean_p_11960.jpg,1.7036271808999082,0,0,0,100.85714285714286,112.16216216216216,0,161.1494632535095,1
clean_p_11961.jpg,6.071450569756698,91.75510204081633,0,0,85.21153846153847,105.02654867256638,0,154.69322858211748,1
clean_p_11962.jpg,0.2742146596858639,0,0,0,0,83.68265682656826,0,143.1380938614243,1
clean_p_11963.jpg,0.2965334818321036,0,0,0,53.166666666666664,69.62765957446808,0,155.1398100316614,1
clean_p_11964.jpg,0.2465500071133874,0,0,0,0,62.381188118811885,0,155.00939339816102,1
clean_p_11965.jpg,0.21639760565935062,0,0,0,31.166666666666668,66.34948096885813,0,140.36407020949608,1
clean_p_11966.jpg,1.3203448275862069,89.46153846153847,0,0,49.68571428571428,83.83333333333333,0,133.27066314271985,1
clean_p_11967.jpg,0.3021744563859035,79.28571428571429,0,0,32.02777777777778,71.84210526315789,0,155.11395056556347,1
clean_p_11968.jpg,0.25100930314200454,35.5,0,0,0,68.74226804123711,0,137.60597826086956,1
clean_p_11969.jpg,0.3992797659239253,66.55172413793103,0,0,0,90.30701754385964,0,141.92985466289866,1
clean_p_11970.jpg,0.2986547085201794,0,0,0,57.0,70.99612403100775,0,137.01753961533808,1
clean_p_11971.jpg,0.20947075208913649,52.5,0,0,38.6,54.95987654320987,0,146.1792160437557,1
clean_p_11972.jpg,0.929000429000429,70.71875,0,0,92.0,91.6289592760181,0,154.77893784366952,1
clean_p_11973.jpg,0.29838709677419356,0,0,0,0,89.35497835497836,0,144.83789294817333,1
clean_p_11974.jpg,0.22611956761526583,0,0,0,45.85,82.93478260869566,0,142.2186046511628,1
clean_p_11975.jpg,0.2599337748344371,52.0,0,0,0,77.76767676767676,0,133.97223746296498,1
clean_p_11976.jpg,0.31489568170790877,0,0,0,0,67.5865671641791,140.0,134.15236217096802,1
clean_p_11977.jpg,0.4729513809632504,0,0,0,33.01449275362319,74.98286937901499,0,141.53863817009628,1
clean_p_11978.jpg,0.29328515507377295,0,0,0,0,78.23188405797102,0,142.58448060075094,1
clean_p_11979.jpg,0.35978028684772656,58.0,0,0,42.25,72.4695340501792,106.0,119.90228348076528,1
clean_p_11980.jpg,0.2614909231363461,0,0,0,0,69.2111801242236,0,148.2165799938819,1
clean_p_11981.jpg,0.2447623914154318,0,0,0,0,81.25877192982456,0,143.02934368700068,1
clean_p_11982.jpg,0.22570532915360503,0,0,0,0,75.12571428571428,0,143.03289124668436,1
clean_p_11983.jpg,0.29740680713128037,0,0,0,0,74.0965909090909,0,141.7550268763687,1
clean_p_11984.jpg,0.18264767088202338,86.0,0,0,0,81.71402550091075,0,143.88977431039288,1
clean_p_11985.jpg,0.22733371669541882,0,0,0,0,76.75075075075075,0,150.26746166950596,1
clean_p_11986.jpg,2.531235750113999,88.06666666666666,0,0,50.5,95.61411764705882,0,141.44586794312264,1
clean_p_11987.jpg,0.35719398711524697,95.16363636363636,0,0,0,111.17567567567568,0,158.65873836608066,1
clean_p_11988.jpg,0.2713538640325392,0,0,0,0,73.79166666666667,0,154.4819181824718,1
clean_p_11989.jpg,0.23941798941798942,0,0,0,0,63.56521739130435,0,140.18702993092862,1
clean_p_11990.jpg,0.4821185286103542,73.0,0,0,48.225806451612904,64.28624535315986,107.33333333333333,139.69409209383144,1
clean_p_11991.jpg,0.18145483613109512,0,0,0,0,51.4,0,145.23743517208862,1
clean_p_11992.jpg,0.20715275154262688,0,0,0,0,75.84984025559105,0,140.6063318415382,1
clean_p_11993.jpg,0.8213315217391305,57.0,0,0,41.1,84.62433862433862,0,148.11322524453973,1
clean_p_11994.jpg,0.2534628530311207,0,0,0,0,75.72398190045249,0,147.368379633273,1
clean_p_11995.jpg,0.3182161753590325,0,0,0,0,81.05797101449275,0,138.808864944288,1
clean_p_11996.jpg,0.2361111111111111,0,0,0,0,89.31192660550458,0,159.94287675935462,1
clean_p_11997.jpg,0.4169951127226864,88.0,0,0,62.0,92.88888888888889,0,158.43886526902213,1
clean_p_11998.jpg,0.39844236760124613,0,0,0,42.82608695652174,88.41735537190083,0,139.0237637098326,1
clean_p_11999.jpg,0.2685168167616247,0,0,0,35.470588235294116,73.80188679245283,0,159.56889194769442,1
clean_p_12000.jpg,0.4081384015594542,30.666666666666668,0,0,42.75,89.67613636363636,0,149.38464419475656,1
