filename,bstd_bins0,bstd_bins1,bstd_bins2,bstd_bins3,bstd_bins4,bstd_bins5,bstd_bins6,bstd_bins7,class
clean_np_1.jpg,3.4557670857265808,0,0,0,0,0,0,6.3994147358282225,0
clean_np_2.jpg,3.593269255572376,0,0,0,0,0,0,6.866966040368842,0
clean_np_3.jpg,3.654827292491832,0,0,0,0,0,0,6.050961462798176,0
clean_np_4.jpg,3.93964418196806,0,0,0,0,0,0,6.764936955260284,0
clean_np_5.jpg,3.325723893900326,0,0,0,0,0,0,6.214997036486671,0
clean_np_6.jpg,4.340809259506367,0,0,0,0,0,0,8.019629407821514,0
clean_np_7.jpg,3.2219487781142684,0,0,0,0,0,0,6.905730681127852,0
clean_np_8.jpg,3.9794398793844272,0,0,0,0,0,0,6.660919398312025,0
clean_np_9.jpg,3.4695391913706155,0,0,0,0,0,0,6.329877792695788,0
clean_np_10.jpg,4.000032805338518,0,0,0,0,0,0,5.317465936216658,0
clean_np_11.jpg,3.521563332723751,0,0,0,0,0,0,5.807789317950621,0
clean_np_12.jpg,4.270922062299298,0,0,0,0,0,0,6.04405815985419,0
clean_np_13.jpg,4.026390152777436,0,0,0,0,0,0,7.427417665846496,0
clean_np_14.jpg,4.4908458331274765,0,0,0,0,0,0,6.0927239294787805,0
clean_np_15.jpg,3.8403143568247926,0,0,0,0,0,0,6.794394088268135,0
clean_np_16.jpg,2.9706263581377494,0,0,0,0,0,0,8.816766257376909,0
clean_np_17.jpg,3.7210072234820872,0,0,0,0,0,0,5.859065381183155,0
clean_np_18.jpg,2.7021332328834653,0,0,0,0,0,0,7.488591095219843,0
clean_np_19.jpg,2.907490002145101,0,0,0,0,0,0,6.777653144468473,0
clean_np_20.jpg,3.7823966730401692,0,0,0,0,0,0,6.289258766447375,0
clean_np_21.jpg,4.035730544860741,0,0,0,0,0,0,6.188936805029441,0
clean_np_22.jpg,3.0071977383994284,0,0,0,0,0,0,6.554351562117514,0
clean_np_23.jpg,3.8507003849538513,0,0,0,0,0,0,6.306349710050921,0
clean_np_24.jpg,3.6805607154465103,0,0,0,0,0,0,5.689122199468014,0
clean_np_25.jpg,3.2853252062052336,0,0,0,0,0,0,7.393511452538767,0
clean_np_26.jpg,2.5567098392958183,0,0,0,0,0,0,7.193401983032236,0
clean_np_27.jpg,3.7569211181896076,0,0,0,0,0,0,6.474019312699854,0
clean_np_28.jpg,3.02652334960757,0,0,0,0,0,0,10.351509707220577,0
clean_np_29.jpg,4.285787082932147,0,0,0,0,0,0,6.865048243245983,0
clean_np_30.jpg,3.709294105123323,0,0,0,0,0,0,6.39501743051372,0
clean_np_31.jpg,3.537658309351451,0,0,0,0,0,0,9.88502573838625,0
clean_np_32.jpg,3.7150785986161106,0,0,0,0,0,0,7.6782833261789145,0
clean_np_33.jpg,3.6863168988315467,0,0,0,0,0,0,6.484867081066674,0
clean_np_34.jpg,3.166761609347502,0,0,0,0,0,0,6.701326467107866,0
clean_np_35.jpg,3.4821372705672933,0,0,0,0,0,0,7.738319090393863,0
clean_np_36.jpg,3.514370709383733,0,0,0,0,0,0,8.242615423052932,0
clean_np_37.jpg,3.4876739901288256,0,0,0,0,0,0,6.135077698451187,0
clean_np_38.jpg,3.5247442439833105,0,0,0,0,0,0,6.337414279755547,0
clean_np_39.jpg,3.0444425217629787,0,0,0,0,0,0,7.309368166768467,0
clean_np_40.jpg,3.644805520356819,0,0,0,0,0,0,6.0351506962681025,0
clean_np_41.jpg,4.088557201860757,0,0,0,0,0,0,6.032207925195438,0
clean_np_42.jpg,3.658864777007645,0,0,0,0,0,0,6.426831148593033,0
clean_np_43.jpg,3.692624414572695,0,0,0,0,0,0,5.260511889151449,0
clean_np_44.jpg,4.788787014109934,0,0,0,0,0,0,6.279741470781514,0
clean_np_45.jpg,3.26460015179453,0,0,0,0,0,0,5.76664304278436,0
clean_np_46.jpg,2.654242782948484,0,0,0,0,0,0,7.340510751186794,0
clean_np_47.jpg,3.489789526865222,0,0,0,0,0,0,6.044959533273213,0
clean_np_48.jpg,2.9053367325212345,0,0,0,0,0,0,5.865661213562023,0
clean_np_49.jpg,4.014543412669024,0,0,0,0,0,3.5623728047468557,5.657113309508287,0
clean_np_50.jpg,2.688618584169282,0,0,0,0,0,0,7.351556798748598,0
clean_np_51.jpg,4.074984690404248,0,0,0,0,0,0,6.206652184193696,0
clean_np_52.jpg,2.745469855368084,0,0,0,0,0,0,6.9321118393249295,0
clean_np_53.jpg,4.212946955431324,0,0,0,0,0,0,6.663457157557702,0
clean_np_54.jpg,3.7925524244834463,0,0,0,0,0,0,5.968693304953588,0
clean_np_55.jpg,3.140303005838909,0,0,0,0,0,0,8.142811502605607,0
clean_np_56.jpg,2.8200342459646515,0,0,0,0,0,0,7.729939820589909,0
clean_np_57.jpg,3.391468809178265,0,0,0,0,0,0,6.550263900882264,0
clean_np_58.jpg,3.487851878851699,0,0,0,0,0,0,6.6771804839025215,0
clean_np_59.jpg,4.0450114631816225,0,0,0,0,0,0,5.808432544779393,0
clean_np_60.jpg,3.060745152168656,0,0,0,0,0,0,7.331105219552841,0
clean_np_61.jpg,2.7435638920885093,0,0,0,0,0,0,8.112722297504382,0
clean_np_62.jpg,3.1282127453567288,0,0,0,0,0,0,5.505463066508652,0
clean_np_63.jpg,3.2893877739940938,0,0,0,0,0,0,6.080024049532978,0
clean_np_64.jpg,3.055853690751786,0,0,0,0,0,0,8.119703534148499,0
clean_np_65.jpg,4.252052022212498,0,0,0,0,0,0,6.267790908142929,0
clean_np_66.jpg,3.7554964492959098,0,0,0,0,0,0,5.951167199964342,0
clean_np_67.jpg,3.432140449550243,0,0,0,0,0,0,6.05191470562126,0
clean_np_68.jpg,3.6298446809546117,0,0,0,0,0,0,8.038707334459396,0
clean_np_69.jpg,3.4697903620753587,0,0,0,0,0,0,6.616336080507945,0
clean_np_70.jpg,4.484650215449506,0,0,0,0,0,0,6.0185006392824425,0
clean_np_71.jpg,3.605229587167288,0,0,0,0,0,0,6.6723331141107245,0
clean_np_72.jpg,3.112595716421016,0,0,0,0,0,0,6.95849598769343,0
clean_np_73.jpg,4.033742040457614,0,0,0,0,3.629434220673342,0,6.100911696634033,0
clean_np_74.jpg,4.0800669079394405,0,0,0,0,0,0.3535533905932738,9.81676096655464,0
clean_np_75.jpg,3.4586002776603406,0,0,0,0,0,0,5.724700610033828,0
clean_np_76.jpg,4.090201412185739,0,0,0,0,0.6508541396588854,0,7.589272810359091,0
clean_np_77.jpg,3.6645363697970748,0,0,0,0,0,0,5.466286943322283,0
clean_np_78.jpg,4.032574345022765,0,0,0,0,0,0,8.28359713797969,0
clean_np_79.jpg,3.5847499824140123,0,0,0,0,0,0,5.943857118515346,0
clean_np_80.jpg,3.959061732193118,0,0,0,0,0,0,5.225854916682278,0
clean_np_81.jpg,3.378392906767425,0,0,0,0,0,0,5.760396059373607,0
clean_np_82.jpg,3.989477871757652,0,0,0,0,0,0,5.070490713677792,0
clean_np_83.jpg,5.387864203931351,0,0,0,0,0,0,5.561394471987764,0
clean_np_84.jpg,3.7407815190731752,0,0,0,0,0,0,6.663366617140039,0
clean_np_85.jpg,3.8911942734264398,0,0,0,0,0,0,8.629099985784979,0
clean_np_86.jpg,4.653662016790545,0,0,0,0,0,0.0,6.124163083789501,0
clean_np_87.jpg,3.4166233905953183,0,0,0,0,0,0,6.095777421379644,0
clean_np_88.jpg,3.4811858681174215,0,0,0,0,0,0,6.027966804359013,0
clean_np_89.jpg,4.096885525958012,0,0,0,0,0,0,5.578487260454603,0
clean_np_90.jpg,2.8947375476999917,0,0,0,0,0,0,7.1537498577928,0
clean_np_91.jpg,3.0935522918196336,4.242640687119285,0,0,0,10.659759881236702,0,9.525565778400857,0
clean_np_92.jpg,4.0449993937095385,0,0,0,0,0,0,6.073593732478935,0
clean_np_93.jpg,3.743372715614505,0,0,0,0,0,0,4.8363394399616855,0
clean_np_94.jpg,3.071020184165954,0,0,0,0,0,0,10.914173119673638,0
clean_np_95.jpg,4.253523332284877,0,0,0,0,0,0.0,5.306654770970702,0
clean_np_96.jpg,4.1813074060499344,0,0,0,0,0,0,5.473070439864347,0
clean_np_97.jpg,4.3442624395017955,0,0,0,0,0,0,6.046258969678536,0
clean_np_98.jpg,3.972498376457948,0,0,0,0,0,0,5.0960742381678905,0
clean_np_99.jpg,4.015482208210604,0,0,0,0,0,0,4.911730824136528,0
clean_np_100.jpg,3.3653641575019266,0,0,0,0,0,0,5.116337827680593,0
clean_np_101.jpg,4.023782942585576,0,0,0,0,0,0,6.202040034116233,0
clean_np_102.jpg,4.092975262260428,0,0,0,0,0,0,7.663861664004125,0
clean_np_103.jpg,4.0245136913120785,0,0,0,0,0,0,6.125311739577066,0
clean_np_104.jpg,3.928607133548782,0,0,0,0,0,0.0,5.409426039605214,0
clean_np_105.jpg,3.5603294842829145,0,0,0,0,0,0,5.731788006067887,0
clean_np_106.jpg,3.63604648976456,0,0,0,0,0,0,6.863010513310948,0
clean_np_107.jpg,4.188155878378251,0,0,0,0,0,0,5.389265581164146,0
clean_np_108.jpg,4.094591352720972,0,0,0,0,0,0,8.578152610246713,0
clean_np_109.jpg,3.548931457131022,0,0,0,0,0,0,5.740996622694299,0
clean_np_110.jpg,3.0712606675438394,0,0,0,0,0,0,9.696290467856116,0
clean_np_111.jpg,4.135448323068347,0,0,0,0,0,0,5.762569791465484,0
clean_np_112.jpg,3.7655336121940035,0,0,0,0,0,0,6.7174453305671245,0
clean_np_113.jpg,3.6674763151847896,0,0,0,0,0,0,5.994537038636097,0
clean_np_114.jpg,3.9335422230637387,0,0,0,0,0,0,5.270116012907402,0
clean_np_115.jpg,3.1464641071369988,0,0,0,0,0,0,7.073082057100422,0
clean_np_116.jpg,4.258101972359485,0,0,0,0,0,0,5.191852498745802,0
clean_np_117.jpg,3.9705196137405268,0,0,0,0,0,0,5.988112636526762,0
clean_np_118.jpg,4.165707971677267,0,0,0,0,0,0,4.772265872913955,0
clean_np_119.jpg,2.711113611676271,0,0,0,0,0,0,11.273703947743059,0
clean_np_120.jpg,9.446914274187865,6.616940767379188,0,0,0,9.138504994491523,0,5.516414375662536,0
clean_np_121.jpg,3.776571060856247,0,0,0,0,0,0,5.450178083622733,0
clean_np_122.jpg,3.8024957723337547,0,0,0,0,0,0,5.559305812439231,0
clean_np_123.jpg,3.443180116174984,0,0,0,0,0,0,6.203404589942485,0
clean_np_124.jpg,3.710885322549097,0,0,0,0,0,0,5.268783155769288,0
clean_np_125.jpg,3.1413370098799422,0,0,0,0,0,0,6.359867344920384,0
clean_np_126.jpg,3.608761961425193,0,0,0,0,0,0,10.175846226859687,0
clean_np_127.jpg,4.089112524372796,0,0,0,0,0,0,6.115671113761722,0
clean_np_128.jpg,3.743681134739509,0,0,0,0,0,0,7.549134462906977,0
clean_np_129.jpg,3.6614994447548344,0,0,0,0,0,0,8.23613071271219,0
clean_np_130.jpg,3.0856098240987455,0,0,0,0,0,0,6.645189701839033,0
clean_np_131.jpg,3.2924780889762397,0,0,0,0,0,0,5.770034468721235,0
clean_np_132.jpg,3.120528609475879,0,0,0,0,0,0,5.844526518414792,0
clean_np_133.jpg,4.074418096792829,0,0,0,0,0,0,6.409239407005787,0
clean_np_134.jpg,4.173957316681649,0,0,0,0,0,0,5.3096435860197495,0
clean_np_135.jpg,3.785639833485074,0,0,0,0,0,0,4.822299588628253,0
clean_np_136.jpg,3.786992533768988,0,0,0,0,0,0,5.227638877211893,0
clean_np_137.jpg,3.3267412028228445,0,0,0,0,0,0,5.239789907270736,0
clean_np_138.jpg,3.7134504952931238,0,0,0,0,0,0,5.695403487270571,0
clean_np_139.jpg,3.8704306758845615,0,0,0,0,0,0,5.309492603045869,0
clean_np_140.jpg,3.372883701487907,0,0,0,0,0,0,9.67138776862765,0
clean_np_141.jpg,3.8742471664804197,0,0,0,0,2.847410436708931,0,12.955167313946069,0
clean_np_142.jpg,3.5944673289407625,0,0,0,0,1.8260734491939596,0,12.84629992469713,0
clean_np_143.jpg,3.003502311301224,0,0,0,0,0,0,8.28756454605235,0
clean_np_144.jpg,3.5964644362053195,0,0,0,0,3.864121607760346,0,10.826662791485948,0
clean_np_145.jpg,2.857110477772391,0,0,0,0,0,0,8.28297629552277,0
clean_np_146.jpg,2.6159256177765786,0,0,0,0,0,0,6.943137762118192,0
clean_np_147.jpg,3.9631738124582006,0,0,0,0,4.01609202883753,4.66255005660003,10.522437073635317,0
clean_np_148.jpg,3.5016253858775857,0,0,0,0,0,0,12.458424629560838,0
clean_np_149.jpg,2.6283853262462036,0,0,0,0,0,0,9.180390836287483,0
clean_np_150.jpg,3.4761592342200864,0,0,0,0,0,0,13.47866853092475,0
clean_np_151.jpg,3.434107923757341,0,0,0,0,0,0,13.852044688337033,0
clean_np_152.jpg,3.087375179540357,0,0,0,0,0,0,11.577395715139474,0
clean_np_153.jpg,3.596891746340666,0,0,0,0,0,0,8.542421934163372,0
clean_np_154.jpg,3.3543056479146576,0,0,0,0,0,0,8.777959716413536,0
clean_np_155.jpg,4.530919481073069,0,2.372449897999646,0,0,0,5.305201133205051,9.537910631979498,0
clean_np_156.jpg,3.0521051626012907,0,0,0,0,0,0,14.123103029590078,0
clean_np_157.jpg,6.56618990869926,0.0,0,0,0,3.7733207010657237,0,13.351081765214275,0
clean_np_158.jpg,3.4362470590516936,0,0,0,0,0,0,12.415397068883095,0
clean_np_159.jpg,3.1563929329311136,0,0,0,0,0,0,12.805740089492181,0
clean_np_160.jpg,3.430926230331974,0,0,0,0,0,0,10.440356506203548,0
clean_np_161.jpg,3.5913015798764687,0,0,0,0,0,0,10.03004419676133,0
clean_np_162.jpg,3.2817361480810305,0,0,0,0,0,0,12.166507762820332,0
clean_np_163.jpg,3.7453409031323903,0,0,0,0,0,0,13.846579186893646,0
clean_np_164.jpg,2.7677291464555265,0,0,0,0,0,0,9.666316737950234,0
clean_np_165.jpg,3.764242975303406,0,0,0,0,0,0,13.857580840289275,0
clean_np_166.jpg,3.149896516948165,0,0,0,0,0,0,9.894041049476256,0
clean_np_167.jpg,3.226680619082127,0,0,0,0,0,0,9.057599470190487,0
clean_np_168.jpg,3.316551902300254,0,0,0,0,0,0,11.011495668718343,0
clean_np_169.jpg,3.153027348221583,0,0,0,0,2.2016934870046536,0,13.980429452091512,0
clean_np_170.jpg,2.9587641073009108,0,0,0,0,0,0,8.487452705794226,0
clean_np_171.jpg,3.7943605683130777,0,0,0,0,0,0,13.423135221790535,0
clean_np_172.jpg,3.7520976540506497,0,0,0,0,0.0,0,12.512543166630179,0
clean_np_173.jpg,2.7226050930573336,0,0,0,0,0,0.0,11.366540602269714,0
clean_np_174.jpg,3.5836966833471227,0,0,0,0,0,0,11.31801559594051,0
clean_np_175.jpg,3.3742253143036685,0,0,0,0,0,0,11.132499679381432,0
clean_np_176.jpg,3.8884133670502754,0,0,0,0,2.113800934370858,0,11.385758100854098,0
clean_np_177.jpg,3.641301982191619,0,0,0,0,0,0,12.903005731256012,0
clean_np_178.jpg,2.833749971342549,0,0,0,0,1.6947641663265651,0,10.387770012405394,0
clean_np_179.jpg,3.3241527286984813,0,0,0,0,0,0,11.378756760613065,0
clean_np_180.jpg,3.538733848059913,0,0,0,0,0,0,13.282017898546666,0
clean_np_181.jpg,3.2064777380909524,0,0,0,0,0,0,8.609875697190631,0
clean_np_182.jpg,3.495573471526069,0,0,0,0,0,0.0,11.22055888527918,0
clean_np_183.jpg,3.591635869798085,0,0,0,0,0,0,10.434660857351584,0
clean_np_184.jpg,3.6676595777805088,0,0,0,0,0,0,14.473885088256827,0
clean_np_185.jpg,3.0743778694375856,0,0,0,0,0,0,10.92597547904001,0
clean_np_186.jpg,3.4972902272046933,0,0,0,0,0,0,10.759125319028902,0
clean_np_187.jpg,3.729391228956227,0,0,0,0,0,0,13.764260079736259,0
clean_np_188.jpg,2.7617423436369646,0,0,0,0,0,0,9.709283176603668,0
clean_np_189.jpg,3.0013389681729907,0,0,0,0,0,0,12.531587481643014,0
clean_np_190.jpg,4.260129565968179,0,0,0,0,0,0,10.837096937831918,0
clean_np_191.jpg,3.8956736994409376,0,0,0,0,0,0,13.87217302078316,0
clean_np_192.jpg,3.139919013606341,0,0,0,0,0,0.0,11.964676743549868,0
clean_np_193.jpg,4.038749292649391,0,0,0,0,0,0,12.973307266117647,0
clean_np_194.jpg,2.3737181871128064,0,0,0,0,0,0,7.704655109544668,0
clean_np_195.jpg,3.384603366248735,0,0,0,0,0,0,12.16471492841046,0
clean_np_196.jpg,3.294259621717359,0,0,0,0,0,0,13.027608171908259,0
clean_np_197.jpg,3.9992157349319286,0,0,0,0,0.5822054553034237,0,14.233680790172041,0
clean_np_198.jpg,2.9453424369292938,0,0,0,0,0,0,12.251855043623227,0
clean_np_199.jpg,3.7370441906482035,0,0,0,0,0,0,10.69977034800503,0
clean_np_200.jpg,2.646861510410297,0,0,0,0,0,0,10.032790111058222,0
clean_np_201.jpg,3.6188537235456235,0,0,0,0,0,0,9.803573759861726,0
clean_np_202.jpg,2.702287307703269,0,0,0,0,0,0,9.289210878825271,0
clean_np_203.jpg,3.5555043936265918,0,0,0,0,0,0,8.546800078269046,0
clean_np_204.jpg,3.742551000919435,0,0,0,0,0,0,9.400472781349253,0
clean_np_205.jpg,3.3129619147020395,0,0,0,0,0,0,9.932887636986626,0
clean_np_206.jpg,3.623432937107842,0,0,0,0,0,0.8820430828479973,10.73110456256097,0
clean_np_207.jpg,3.246399732600121,0,0,0,0,0,0,9.704892972874754,0
clean_np_208.jpg,3.8250010001308525,0,0,0,0,0,0,5.8893465631563044,0
clean_np_209.jpg,3.550804955649845,0,0,0,0,3.4431282273448818,0,6.005192430038732,0
clean_np_210.jpg,3.5799423180039884,0,0,0,0,0,0,5.6034819433903715,0
clean_np_211.jpg,3.1083287172524927,0,0,0,0,0.0,0,6.147714578795776,0
clean_np_212.jpg,3.3397959617462325,0,0,0,0,0,0,5.861212820389227,0
clean_np_213.jpg,3.3023872085691255,0,0,0,0,0,0,7.015306055462713,0
clean_np_214.jpg,3.296037164722036,0,0,0,0,0,0,6.4522123728395755,0
clean_np_215.jpg,2.6436037974381064,0,0,0,0,0,0,8.486055163270807,0
clean_np_216.jpg,3.801833805308588,0,0,0,0,0,0,6.943760376449846,0
clean_np_217.jpg,3.532515949545014,0,0,0,0,0,0,5.876269694754149,0
clean_np_218.jpg,20.160244553044794,3.565041933368804,0,0,4.0269716645308895,18.711261390969995,0.0,7.0817743921388505,0
clean_np_219.jpg,3.4357729637685535,1.4142135623730951,0,0,0.38490017945974503,17.497242874251654,4.998036651563327,7.065062131171533,0
clean_np_220.jpg,4.712189069836078,0,0,0,0,0,0,5.9938737973251675,0
clean_np_221.jpg,2.8420098109634724,0,0,0,0,0,0,5.413713433273528,0
clean_np_222.jpg,3.5514538517485605,0,0,0,0,0,0,7.21634850646659,0
clean_np_223.jpg,4.055461506390339,0,0,0,0,0,0,6.462855146223042,0
clean_np_224.jpg,3.384519736993892,0,0,0,0,0,0,7.3324629788561255,0
clean_np_225.jpg,4.637409782588804,0,0,0,0,0,0,6.931334803909028,0
clean_np_226.jpg,3.228914051782843,0,0,0,0,0,0,7.076131414857397,0
clean_np_227.jpg,3.326477277697731,0,0,0,0,0,0,8.027356754692788,0
clean_np_228.jpg,3.5636151452524727,0,0,0,0,0,0,6.044254187432273,0
clean_np_229.jpg,4.146727672079079,0,0,0,0,0,0,5.675766376672215,0
clean_np_230.jpg,3.0988730742515256,0,0,0,0,0,0,6.4714235559237725,0
clean_np_231.jpg,3.525836418454443,0,0,0,0,0,0,5.005554195363278,0
clean_np_232.jpg,3.5470034901000522,0,0,0,0,0,0,6.963223362380149,0
clean_np_233.jpg,3.7805011220255245,0,0,0,0,0,0,5.357099291918366,0
clean_np_234.jpg,3.9348945062939613,0,0,0,0,0,0,6.211200758453651,0
clean_np_235.jpg,3.9636172051662237,0,0,0,0,0,0,6.255963232951919,0
clean_np_236.jpg,3.9664200221915933,0,0,0,0,0,0,6.405195266522665,0
clean_np_237.jpg,3.9522458364226583,0,0,0,0,0,0,5.318449597990614,0
clean_np_238.jpg,3.3998366150786996,0,0,0,0,0,0,7.320192408967111,0
clean_np_239.jpg,4.119925387737678,0,0,0,0,0,0,6.79339045730599,0
clean_np_240.jpg,3.0095561145217617,0,0,0,0,0,0,8.054728337710054,0
clean_np_241.jpg,4.104044007801196,0,0,0,0,0,0,5.962018035944427,0
clean_np_242.jpg,3.6846189959709315,0,0,0,0,0,0,5.929210335185448,0
clean_np_243.jpg,3.023479691106703,0,0,0,0,0,0,7.334270759409144,0
clean_np_244.jpg,3.257219001454861,0,0,0,0,0,0,7.283493228332601,0
clean_np_245.jpg,3.44150258836158,0,0,0,0,0,0,5.792600919507802,0
clean_np_246.jpg,3.232754236772832,0,0,0,0,0,0,5.842883753417398,0
clean_np_247.jpg,3.5394422915555026,0,0,0,0,0,0,5.851672133615026,0
clean_np_248.jpg,3.7916201903696227,0,0,0,0,0,0,5.728829609152965,0
clean_np_249.jpg,3.516838444505445,0,0,0,0,0,0,6.25537372265807,0
clean_np_250.jpg,3.429428656009258,0,0,0,0,0,0,6.600621950955862,0
clean_np_251.jpg,3.1691079739860486,0,0,0,0,0,0,7.504669501575105,0
clean_np_252.jpg,4.209159718320331,0,0,0,0,0,0,5.631505566434193,0
clean_np_253.jpg,3.269366721402198,0,0,0,0,0,0,5.536155457609363,0
clean_np_254.jpg,4.315711751877949,0,0,0,0,0,0,5.5062732278558,0
clean_np_255.jpg,3.9492933701024553,0,0,0,0,0,0,5.20088153029389,0
clean_np_256.jpg,3.5991614099816562,0,0,0,0,0,0,7.326775327207297,0
clean_np_257.jpg,3.6854030080258116,0,0,0,0,0,0,7.3786409760364,0
clean_np_258.jpg,3.2256266657241928,0,0,0,0,0,0,6.201950733256069,0
clean_np_259.jpg,3.437806537439089,0,0,0,0,0,0,5.780135237394636,0
clean_np_260.jpg,3.5338536101253837,0,0,0,0,0,0,6.420261513786287,0
clean_np_261.jpg,3.8785992270463443,0,0,0,0,0,0,10.810430139067751,0
clean_np_262.jpg,3.770669124397313,0,0,0,0,0,0,5.539350903845316,0
clean_np_263.jpg,3.29417710466907,0,0,0,0,0,0,5.436706815001864,0
clean_np_264.jpg,3.4395140091087386,0,0,0,0,0,0,5.5780535642698315,0
clean_np_265.jpg,3.392687982734196,0,0,0,0,0,0,7.257302531654088,0
clean_np_266.jpg,4.003649664624089,0,0,0,0,0,0,6.678639958177604,0
clean_np_267.jpg,3.8978225292670876,0,0,0,0,0,0,5.856975869100531,0
clean_np_268.jpg,3.1345376680539503,0,0,0,0,0,0,6.403461875662799,0
clean_np_269.jpg,3.1880421067846085,0,0,0,0,0,0,7.497647248976658,0
clean_np_270.jpg,2.9498712794547286,0,0,0,0,0,0,7.206317562784241,0
clean_np_271.jpg,3.616527815664053,0,0,0,0,0,0,6.144950844625262,0
clean_np_272.jpg,3.387838322840765,0,0,0,0,0,0,7.032507208453681,0
clean_np_273.jpg,3.564531442312886,0,0,0,0,0,0,6.487399221976303,0
clean_np_274.jpg,4.090123042259759,0,0,0,0,0,0,6.72084428990682,0
clean_np_275.jpg,3.7553486387619808,0,0,0,0,0,0,5.832731909479039,0
clean_np_276.jpg,3.627823261339816,0,0,0,0,0,0,4.675118645753721,0
clean_np_277.jpg,3.5294828438829495,0,0,0,0,0,0,5.129618270975015,0
clean_np_278.jpg,4.409368787504789,0,0,0,0,0,0,5.721606047583849,0
clean_np_279.jpg,3.2556890953702005,0,0,0,0,0,0,6.7727275541559555,0
clean_np_280.jpg,3.9135350898149386,0,0,0,0,0,0,5.728429395048235,0
clean_np_281.jpg,3.777173184320432,0,0,0,0,0,0,5.388467158319043,0
clean_np_282.jpg,3.7749298286416124,0,0,0,0,0,0,5.944122993512216,0
clean_np_283.jpg,3.512987147583426,0,0,0,0,0,0,6.134119519195978,0
clean_np_284.jpg,3.4333352684020877,0,0,0,0,0,0,5.544930182254441,0
clean_np_285.jpg,3.896697286525611,0,0,0,0,0,0,5.459572187703182,0
clean_np_286.jpg,2.957103963731546,0,0,0,0,0,0,7.278511245856431,0
clean_np_287.jpg,4.329692203171682,0,0,0,0,0,0,5.87517021473894,0
clean_np_288.jpg,3.4826833234725902,0,0,0,0,0,0,6.643188850824696,0
clean_np_289.jpg,3.5448477621656553,0,0,0,0,0,0,5.280500790630114,0
clean_np_290.jpg,3.5714190230087235,0,0,0,0,0,0,6.021541175035178,0
clean_np_291.jpg,3.5928039258574325,0,0,0,0,0,0,7.669586743646345,0
clean_np_292.jpg,3.1328829325474974,0,0,0,0,0,0,7.20100626045804,0
clean_np_293.jpg,3.7534806935795455,0,0,0,0,0,0,5.374267056022528,0
clean_np_294.jpg,3.6170587357656716,0,0,0,0,0,0,5.575566555315775,0
clean_np_295.jpg,3.884716878706187,0,0,0,0,0,0,5.6723114775087256,0
clean_np_296.jpg,3.562371681608263,0,0,0,0,0,0,5.145710355010749,0
clean_np_297.jpg,4.028739258925265,0,0,0,0,0,0,5.517701543650188,0
clean_np_298.jpg,3.675342651043366,0,0,0,0,0,0,5.762125757707945,0
clean_np_299.jpg,3.693914743494591,0,0,0,0,0,0,5.947107589460988,0
clean_np_300.jpg,4.039606744880221,0,0,0,0,0,0,5.354298099236987,0
clean_np_301.jpg,3.1812066955959533,0,0,0,0,0,0,6.839629432239664,0
clean_np_302.jpg,3.105474951912471,0,0,0,0,0,0,5.646590030824478,0
clean_np_303.jpg,3.8014798836874513,0,0,0,0,0,0,5.474303870509757,0
clean_np_304.jpg,3.5445101766429055,0,0,0,0,0,0,5.517083447090648,0
clean_np_305.jpg,3.6919657393584586,0,0,0,0,0,0,5.1259441994222845,0
clean_np_306.jpg,3.673715722950102,0,0,0,0,0,0,5.3480435172412575,0
clean_np_307.jpg,3.4292031259934066,0,0,0,0,0,0,5.810990113077721,0
clean_np_308.jpg,3.2634355188818747,0,0,0,0,0,0,6.237089965767339,0
clean_np_309.jpg,4.071975958974469,0,0,0,0,0,0,4.950728249643655,0
clean_np_310.jpg,3.8208873815436837,0,0,0,0,0,0,5.861232915428139,0
clean_np_311.jpg,3.109172937392621,0,0,0,0,0,0,5.904178461535676,0
clean_np_312.jpg,3.3098091999313795,0,0,0,0,0,0,5.390836266313056,0
clean_np_313.jpg,3.941456459637592,0,0,0,0,0,0,5.319024990308201,0
clean_np_314.jpg,3.996935676065247,0,0,0,0,0,0,5.313761287412254,0
clean_np_315.jpg,3.5881544582858043,0,0,0,0,0,0,5.222202521773317,0
clean_np_316.jpg,3.5725613416124773,0,0,0,0,0,0,5.35580321542918,0
clean_np_317.jpg,3.7000806041906547,0,0,0,0,0,0,4.964286300481974,0
clean_np_318.jpg,3.520749638056862,0,0,0,0,0,0,4.942904464459267,0
clean_np_319.jpg,4.214990978956295,0,0,0,0,0,0,5.931705911882643,0
clean_np_320.jpg,4.212329002988442,0,0,0,0,0,0,5.386751299597871,0
clean_np_321.jpg,6.835990525188872,0,0,0,4.740781578819115,13.121128014791104,0.0,7.537939440492609,0
clean_np_322.jpg,3.6174538637561438,0,0,0,0,0,0,5.305886009173934,0
clean_np_323.jpg,4.063168507417402,0,0,0,0,0,0,5.151191631667123,0
clean_np_324.jpg,3.4438417550848603,0,0,0,0,0,0,4.887771034708328,0
clean_np_325.jpg,3.0186866622655852,0,0,0,0,0,0,6.675422168672134,0
clean_np_326.jpg,3.015657279728395,0,0,0,0,0,0,5.242012149023895,0
clean_np_327.jpg,4.083871475476115,0,0,0,0,0,0,5.337821131886781,0
clean_np_328.jpg,3.684092631025754,0,0,0,0,0,0,4.666589508294196,0
clean_np_329.jpg,2.6065157541646014,0,0,0,0,0,0,8.700664958947367,0
clean_np_330.jpg,4.08422525592563,0,0,0,0,0,0,5.623619306998767,0
clean_np_331.jpg,3.9184296217335004,0,0,0,0,0,0,5.67620706766975,0
clean_np_332.jpg,4.014310264535334,0,0,0,0,0,0,5.723058857386119,0
clean_np_333.jpg,3.809104720436657,0,0,0,0,0,0,5.4512662473759175,0
clean_np_334.jpg,3.4915740605682535,0,0,0,0,0,0,6.429841180110792,0
clean_np_335.jpg,3.8186314555945136,0,0,0,0,0,0,5.050036869976607,0
clean_np_336.jpg,3.9621772809018347,0,0,0,0,0,0,4.815997420362131,0
clean_np_337.jpg,5.589080538733136,4.963440993242841,0,0.3535533905932738,0,0,0,5.993684235924521,0
clean_np_338.jpg,4.154956969722108,0,0,0,0,0,0,5.188394791872608,0
clean_np_339.jpg,4.2058551846544425,0,0,0,0,0,1.387777332977425,6.400668167366809,0
clean_np_340.jpg,3.4744699282916836,0,0,0,0,0,0,6.414199402473529,0
clean_np_341.jpg,4.015688570155503,0,0,0,0,0,0,5.765515775148663,0
clean_np_342.jpg,3.0214461265434283,0,0,0,0,0,0,6.8229652402242476,0
clean_np_343.jpg,3.43887558125874,0,0,0,0,0,0,5.750330937709702,0
clean_np_344.jpg,3.4198410792779113,0,0,0,0,0,0,7.020174380354726,0
clean_np_345.jpg,3.9899877876654424,0,0,0,0,0,0,6.896307681692475,0
clean_np_346.jpg,3.3030941191744576,0,0,0,0,0,0,6.171145601137743,0
clean_np_347.jpg,3.5447219959834144,0,0,0,0,0,0,5.825595762054505,0
clean_np_348.jpg,3.4867352096133897,0,0,0,0,0,0,6.394219489420024,0
clean_np_349.jpg,3.428654441936403,0,0,0,0,0,0,5.673574274964273,0
clean_np_350.jpg,3.274855766141998,0,0,0,0,0,0,7.612158109320071,0
clean_np_351.jpg,3.0596542630895667,0,0,0,0,0,0,6.095733697935426,0
clean_np_352.jpg,3.576000817229963,0,0,0,0,0,0,6.095699100311525,0
clean_np_353.jpg,3.714101784192993,0,0,0,0,0,0,5.392221599097728,0
clean_np_354.jpg,3.7429435988325204,0,0,0,0,0,0,7.007496687123678,0
clean_np_355.jpg,4.059800872977866,0,0,0,0,0,0,5.593266573842487,0
clean_np_356.jpg,3.2310083163749646,0,0,0,0,0,0,5.172800026659643,0
clean_np_357.jpg,3.6389606443113536,0,0,0,0,0,0,5.28384509107732,0
clean_np_358.jpg,12.541730416358751,0,0,0,7.874877195727023,0,6.34466881060178,8.81237933862905,0
clean_np_359.jpg,3.365814080819107,0,0,0,0,0,0,5.871621473553676,0
clean_np_360.jpg,2.979420945685939,0,0,0,0,0,0,5.418092199918777,0
clean_np_361.jpg,3.2060114903954506,0,0,0,0,0,0,5.557546726994873,0
clean_np_362.jpg,2.8618905324810284,0,0,0,0,0,0,5.182162895918154,0
clean_np_363.jpg,3.23439351758715,0,0,0,0,0,0,6.566406411647938,0
clean_np_364.jpg,2.5750036355140264,0,0,0,0,0,0,6.239310700295404,0
clean_np_365.jpg,3.131526580269355,0,0,0,0,0,0,4.909455394526631,0
clean_np_366.jpg,2.774383372880639,0,0,0,0,0,0,6.506105228771745,0
clean_np_367.jpg,3.5808917670964764,0,0,0,0,0,0,5.5977397316662145,0
clean_np_368.jpg,2.9086041852391067,0,0,0,0,0,0,6.405530034302278,0
clean_np_369.jpg,3.3932083172932996,0,0,0,0,0,0,5.041412672062134,0
clean_np_370.jpg,2.976288830083585,0,0,0,0,0,0,5.484867819935256,0
clean_np_371.jpg,3.5770025110460377,0,0,0,0,0,0,5.432077050629761,0
clean_np_372.jpg,3.804003833141622,0,0,0,0,0,0,4.960750941542315,0
clean_np_373.jpg,3.664072688909041,0,0,0,0,0,0,4.705725084842411,0
clean_np_374.jpg,3.0028668533303486,0,0,0,0,0,0,5.668192698060307,0
clean_np_375.jpg,3.2571257177095787,0,0,0,0,0,0,7.844441035901484,0
clean_np_376.jpg,3.946392974740426,0,0,0,0,0,0.38490017945974503,6.285090800362958,0
clean_np_377.jpg,3.1500314277291497,0,0,0,0,0,0,5.065322169985793,0
clean_np_378.jpg,3.610490167012952,0,0,0,0,0,0,5.5401282751305825,0
clean_np_379.jpg,2.6514063856215633,0,0,0,0,0,0,5.7163679200548145,0
clean_np_380.jpg,3.642674006835858,0,0,0,0,0,0,5.055948935171187,0
clean_np_381.jpg,3.547842524897855,0,0,0,0,0,0,5.193465434464868,0
clean_np_382.jpg,2.549695644507224,0,0,0,0,0,0,7.200272212658637,0
clean_np_383.jpg,3.111484435586114,0,0,0,0,0,0,5.51137708483008,0
clean_np_384.jpg,3.3257841308021696,0,0,0,0,0,0,5.0138237580179075,0
clean_np_385.jpg,3.503825807449014,0,0,0,0,0,0,5.15713727268554,0
clean_np_386.jpg,3.590719502953887,0,0,0,0,0,0,5.588633765671687,0
clean_np_387.jpg,3.7283499432016898,0,0,0,0,0,0,4.7805829544218,0
clean_np_388.jpg,3.929923332375071,0,0,0,0,0,0,5.310308874740796,0
clean_np_389.jpg,2.8948598984592557,0,0,0,0,0,0,4.67467356705645,0
clean_np_390.jpg,3.3265747431487735,0,0,0,0,0,0,4.657395712245988,0
clean_np_391.jpg,3.4615833843645962,0,0,0,0,0,0,5.609299954113948,0
clean_np_392.jpg,3.6228082063432834,0,0,0,0,0,0,4.8008949624009025,0
clean_np_393.jpg,3.173886270618287,0,0,0,0,0,0,5.23648149818693,0
clean_np_394.jpg,3.869823502395864,0,0,0,0,0,0,5.063912530137361,0
clean_np_395.jpg,3.529663643970518,0,0,0,0,0,0,5.5524540024535955,0
clean_np_396.jpg,3.926050294134068,0,0,0,0,0,0,5.749813993859571,0
clean_np_397.jpg,3.3861612708630977,0,0,0,0,0,0,5.849118139817709,0
clean_np_398.jpg,3.468241965744219,0,0,0,0,0,0,5.713484890388462,0
clean_np_399.jpg,4.060467364580514,0,0,0,0,0,0,5.645605742671681,0
clean_np_400.jpg,3.430211007370966,0,0,0,0,0,0,6.253844103251637,0
clean_np_401.jpg,3.5498044486921683,0,0,0,0,0,0,5.7605302224567305,0
clean_np_402.jpg,3.809586980691408,0,0,0,0,0,0,5.902889793388034,0
clean_np_403.jpg,3.917511659574095,0,0,0,0,0,0,5.303359135603971,0
clean_np_404.jpg,3.6907382429116296,0,0,0,0,0,0,5.563641309572111,0
clean_np_405.jpg,3.8353510922216003,0,0,0,0,0,0,5.791128883047826,0
clean_np_406.jpg,3.7696145003917807,0,0,0,0,0,0,4.824555766993923,0
clean_np_407.jpg,2.578742917386425,0,0,0,0,0,0,5.035463950106635,0
clean_np_408.jpg,3.292945497632964,0,0,0,0,0,0,4.123753262448795,0
clean_np_409.jpg,2.881023522941675,0,0,0,0,0,0,5.102054973503304,0
clean_np_410.jpg,2.8415422942650705,0,0,0,0,0,0,4.7655727535719565,0
clean_np_411.jpg,3.4169387568295484,0,0,0,0,0,0,4.293502598028382,0
clean_np_412.jpg,2.14671450547833,0,0,0,0,0,0,5.799732548347041,0
clean_np_413.jpg,2.689383069204493,0,0,0,0,0,0,4.868292508276273,0
clean_np_414.jpg,2.386536843989956,0,0,0,0,0,0,3.78010492643182,0
clean_np_415.jpg,2.6565246950557624,0,0,0,0,0,0,5.185903321850661,0
clean_np_416.jpg,2.946067494446663,0,0,0,0,0,0,3.8868650226001176,0
clean_np_417.jpg,3.266757036754849,0,0,0,0,0,0,4.786255294786272,0
clean_np_418.jpg,4.047074196191827,0,0,0,0,0,0,4.684952473789324,0
clean_np_419.jpg,2.5413552453526287,0,0,0,0,0,0,5.430575852194304,0
clean_np_420.jpg,3.1012473928765796,0,0,0,0,0,0,4.721391679060743,0
clean_np_421.jpg,3.0486054373455183,0,0,0,0,0,0,5.190712117953391,0
clean_np_422.jpg,3.2367157384271343,0,0,0,0,0,0,4.861150005253616,0
clean_np_423.jpg,3.5820401548196226,0,0,0,0,0,0,5.296890223935042,0
clean_np_424.jpg,3.7320370350019414,0,0,0,0,0,0,5.088502522231112,0
clean_np_425.jpg,4.3399493311180395,0,0,0,0,0,0,4.545309091740125,0
clean_np_426.jpg,3.616495041647098,0,0,0,0,0,0,4.1943472250196825,0
clean_np_427.jpg,4.046982405835668,0,0,0,0,0,0,5.330276642336838,0
clean_np_428.jpg,3.037707833897662,0,0,0,0,0,0,4.337125438057227,0
clean_np_429.jpg,3.371233396828285,0,0,0,0,0,0,3.9067846752234945,0
clean_np_430.jpg,3.066354175387615,0,0,0,0,0,0,5.959560586840275,0
clean_np_431.jpg,3.5928441411582743,0,0,0,0,0,0,3.9308744945864174,0
clean_np_432.jpg,2.7029365831329977,0,0,0,0,0,0,7.053266828838515,0
clean_np_433.jpg,3.0985311679814305,0,0,0,0,0,0,4.609838522099241,0
clean_np_434.jpg,3.5067746806049214,0,0,0,0,0,0,3.85584728178546,0
clean_np_435.jpg,3.1059423605399314,0,0,0,0,0,0,4.2514271973568825,0
clean_np_436.jpg,3.010561586008403,0,0,0,0,0,0,4.80657761557794,0
clean_np_437.jpg,3.483188004051857,0,0,0,0,0,0,4.294724465443999,0
clean_np_438.jpg,4.152378042824168,0,0,0,0,0,0,4.577770646921833,0
clean_np_439.jpg,3.3768277705905296,0,0,0,0,0,0,4.0120033778623725,0
clean_np_440.jpg,3.7312005226393787,0,0,0,0,0,0,5.12385237067938,0
clean_np_441.jpg,3.447518388127516,0,0,0,0,0,0,4.733931168386252,0
clean_np_442.jpg,3.1455936000798763,0,0,0,0,0,0,4.899546512894327,0
clean_np_443.jpg,3.7330525230093707,0,0,0,0,0,0,4.716758004529995,0
clean_np_444.jpg,3.0601518962054364,0,0,0,0,0,0,4.268502610057305,0
clean_np_445.jpg,2.792744946904578,0,0,0,0,0,0,4.5935006721135,0
clean_np_446.jpg,2.9886524587181515,0,0,0,0,0,0,5.127766111668715,0
clean_np_447.jpg,3.8021776414791835,0,0,0,0,0,0,4.1853402150081145,0
clean_np_448.jpg,3.5994055044990505,0,0,0,0,0,0,4.297041433793418,0
clean_np_449.jpg,3.7749937222387677,0,0,0,0,0,0,5.560638094846247,0
clean_np_450.jpg,3.9677278805829252,0,0,0,0,0,0,5.630476169966463,0
clean_np_451.jpg,3.4437778186586216,0,0,0,0,0,0,3.9294281973221032,0
clean_np_452.jpg,3.435915912650264,0,0,0,0,0,0,8.530766081134118,0
clean_np_453.jpg,2.9605141000672317,0,0,0,0,0,0,5.128545325957764,0
clean_np_454.jpg,3.4209652896660794,0,0,0,0,0,0,5.138313690120335,0
clean_np_455.jpg,4.225304973439179,0,0,0,0,0,0,4.591512161444329,0
clean_np_456.jpg,3.2480698374441257,0,0,0,0,0,0,5.748693167158844,0
clean_np_457.jpg,3.778929721292505,0,0,0,0,0,0,5.572096878971302,0
clean_np_458.jpg,3.6182391381917043,0,0,0,0,0,0,4.387294588130341,0
clean_np_459.jpg,3.3934410757814875,0,0,0,0,0,0,4.938110153854418,0
clean_np_460.jpg,3.549300658230844,0,0,0,0,0,0,4.605168363884214,0
clean_np_461.jpg,4.334665731944567,0,0,0,0,0,0,4.856009141897297,0
clean_np_462.jpg,3.0292975221055025,0,0,0,0,0,0,5.687216642247403,0
clean_np_463.jpg,4.005378056127916,0,0,0,0,0,0,4.3258041011597435,0
clean_np_464.jpg,3.9185632578362894,0,0,0,0,0,0,4.441679393029539,0
clean_np_465.jpg,3.674348229719426,0,0,0,0,0,0,4.879515799976367,0
clean_np_466.jpg,3.397179261554362,0,0,0,0,0,0,4.108771130357817,0
clean_np_467.jpg,3.708009731273604,0,0,0,0,0,0,4.405088109211653,0
clean_np_468.jpg,3.166472511165745,0,0,0,0,0,0,4.279022937513832,0
clean_np_469.jpg,4.176800827585111,0,0,0,0,0,0,4.747938732506816,0
clean_np_470.jpg,3.4341881194783577,0,0,0,0,0,0,4.685176662234937,0
clean_np_471.jpg,3.212071857397769,0,0,0,0,0,0,4.10485977187781,0
clean_np_472.jpg,3.6668504840730805,0,0,0,0,0,0,4.1340481710503285,0
clean_np_473.jpg,4.8652996059324956,0,0,0,0,0,0,4.500512985331421,0
clean_np_474.jpg,3.5007907436555006,0,0,0,0,0,0,4.796260013660493,0
clean_np_475.jpg,3.393208066253881,0,0,0,0,0,0,4.902184232146276,0
clean_np_476.jpg,3.2928223362377453,0,0,0,0,0,0,5.527645691013273,0
clean_np_477.jpg,3.9245547588628207,0,0,0,0,0,0,4.873464674975869,0
clean_np_478.jpg,2.930730311698658,0,0,0,0,0,0,4.353751402026093,0
clean_np_479.jpg,2.944238268163821,0,0,0,0,0,0,3.9434044954887946,0
clean_np_480.jpg,2.8961033016284885,0,0,0,0,0,0,6.629638183646918,0
clean_np_481.jpg,3.1087769764285023,0,0,0,0,0,0,4.306650766161428,0
clean_np_482.jpg,3.9291352604556793,0,0,0,0,0,0,5.302794398429768,0
clean_np_483.jpg,3.569004889057859,0,0,0,0,0,0,5.140815440456706,0
clean_np_484.jpg,3.929829701856835,0,0,0,0,0,0,5.267897870592299,0
clean_np_485.jpg,3.753639542761758,0,0,0,0,0,0,4.703842782843742,0
clean_np_486.jpg,3.5685479664886772,0,0,0,0,0,0,4.641201561780733,0
clean_np_487.jpg,3.6349939335829338,0,0,0,0,0,0,5.088053312062922,0
clean_np_488.jpg,2.8925485512365396,0,0,0,0,0,0,4.853320022339015,0
clean_np_489.jpg,3.426025160137381,0,0,0,0,0,0,5.06123891958414,0
clean_np_490.jpg,3.5387871602263363,0,0,0,0,0,0,4.461267049267067,0
clean_np_491.jpg,3.5474823825469257,0,0,0,0,0,0,5.604861694981832,0
clean_np_492.jpg,3.961381396459705,0,0,0,0,0,0,4.549637211804042,0
clean_np_493.jpg,3.736230353167284,0,0,0,0,0,0,4.9840244299343315,0
clean_np_494.jpg,3.6130398652951174,0,0,0,0,0,0,4.953950659328127,0
clean_np_495.jpg,4.289179817682854,0,0,0,0,0,0,5.302444150489289,0
clean_np_496.jpg,3.376907432106381,0,0,0,0,0,0,5.354665054000327,0
clean_np_497.jpg,3.3767359577429192,0,0,0,0,0,0,4.622151851809055,0
clean_np_498.jpg,3.462328004596016,0,0,0,0,0,0,5.046559713856711,0
clean_np_499.jpg,3.062481032864495,0,0,0,0,0,0,5.52704311396197,0
clean_np_500.jpg,3.4042689719536807,0,0,0,0,0,0,5.0425553105599485,0
clean_np_501.jpg,3.558292691706718,0,0,0,0,0,0,4.846499033132599,0
clean_np_502.jpg,4.134401615501787,0,0,0,0,0,0,4.873386798293714,0
clean_np_503.jpg,4.427370988008421,0,0,0,0,0,0,4.574875789435492,0
clean_np_504.jpg,3.802660381466539,0,0,0,0,0,0,5.55356527272414,0
clean_np_505.jpg,3.4626830662238635,0,0,0,0,0,0,6.934880292666422,0
clean_np_506.jpg,3.0768420848249654,0,0,0,0,0,0,4.864383649352856,0
clean_np_507.jpg,4.027218979612232,0,0,0,0,0,0,5.281817110519394,0
clean_np_508.jpg,4.162887696171708,0,0,0,0,0,0,5.086759770270025,0
clean_np_509.jpg,3.8041055984425878,0,0,0,0,0,0,5.18032841403665,0
clean_np_510.jpg,3.4346975224362053,0,0,0,0,0,0,5.691771707426085,0
clean_np_511.jpg,3.5516651804918653,0,0,0,0,0,0,5.303424295696953,0
clean_np_512.jpg,4.166665005158951,0,0,0,0,0,0,5.49565646217508,0
clean_np_513.jpg,3.8197610963156423,0,0,0,0,0,0,5.607123133449824,0
clean_np_514.jpg,3.2687881984822162,0,0,0,0,0,0,5.365787815686882,0
clean_np_515.jpg,3.7103248447835346,0,0,0,0,0,0,5.340842256224983,0
clean_np_516.jpg,3.613259760680912,0,0,0,0,0,0,4.359816186062514,0
clean_np_517.jpg,3.8126594049626985,0,0,0,0,0,0,5.006771828998034,0
clean_np_518.jpg,3.268538436954365,0,0,0,0,0,0,4.574981155858028,0
clean_np_519.jpg,3.841726988651942,0,0,0,0,0,0,6.200727385220913,0
clean_np_520.jpg,3.3494939802611063,0,0,0,0,0,0,4.571489672213195,0
clean_np_521.jpg,4.657840159045396,0,0,0,0,0,0,5.422752280831336,0
clean_np_522.jpg,3.2506358018215686,0,0,0,0,0,0,5.081517220485832,0
clean_np_523.jpg,3.1375493252784623,0,0,0,0,0,0,4.556433592105334,0
clean_np_524.jpg,4.166062159169972,0,0,0,0,0,0,5.362426193524132,0
clean_np_525.jpg,3.858132379707745,0,0,0,0,0,0,5.232453717778609,0
clean_np_526.jpg,3.2238245427100765,0,0,0,0,0,0,4.817667288009631,0
clean_np_527.jpg,4.426893987407528,0,0,0,0,0,0,5.016784685815864,0
clean_np_528.jpg,4.480143451566121,0,0.0,0,7.1068778070281295,8.525143357785057,11.363499477290011,6.078393203001501,0
clean_np_529.jpg,3.743562445895835,0,0,0,0,0,0,4.809986236344918,0
clean_np_530.jpg,3.925171371741506,0,0,0,0,0,0,5.3189786813842295,0
clean_np_531.jpg,3.1942200904689684,0,0,0,0,0,0,5.065686968305702,0
clean_np_532.jpg,3.7192497353417404,0,0,0,0,0,0,5.024335906325317,0
clean_np_533.jpg,4.239240296977892,0,0,0,0,0,0,5.7508476016134855,0
clean_np_534.jpg,3.9053972212931347,0,0,0,0,0,0,4.830151469193821,0
clean_np_535.jpg,3.8035841138630953,0,0,0,0,0,0,4.9401760777175285,0
clean_np_536.jpg,3.5940828387698316,0,0,0,0,0,0,5.648610121753235,0
clean_np_537.jpg,3.6790474383015805,0,0,0,0,0,0,4.741971353647888,0
clean_np_538.jpg,4.404700369257274,0,0,0,0,0,0,5.876034595606168,0
clean_np_539.jpg,4.252688245536253,0,0,0,0,0,0,5.410347158787783,0
clean_np_540.jpg,3.0159150175971057,0,0,0,0,0,0,7.3329968489896356,0
clean_np_541.jpg,3.597871346599915,0,0,0,0,0,0,4.409246781930454,0
clean_np_542.jpg,3.3366334949718452,0,0,0,0,0,0,5.043765203770823,0
clean_np_543.jpg,3.3680347377943707,0,0,0,0,0,0,5.551357437084209,0
clean_np_544.jpg,3.633132334427414,0,0,0,0,0,0,4.698271710633878,0
clean_np_545.jpg,3.6718252182808238,0,0,0,0,0,0,5.60266095405216,0
clean_np_546.jpg,3.0765113819034924,0,0,0,0,0,0,7.163696318014856,0
clean_np_547.jpg,3.2348228646268393,0,0,0,0,0,0,5.601760593564729,0
clean_np_548.jpg,3.9614450563086105,0,0,0,0,0,0,4.709001306565669,0
clean_np_549.jpg,3.471931440679162,0,0,0,0,0,0,4.5396969960169695,0
clean_np_550.jpg,3.3712575503723414,0,0,0,0,0,0,4.890427843857664,0
clean_np_551.jpg,4.170049136658302,0,0,0,0,0,0,4.617092922466638,0
clean_np_552.jpg,3.981054997560885,0,0,0,0,0,0,5.599301432901236,0
clean_np_553.jpg,3.8323523547681866,0,0,0,0,0,0,5.764807376529053,0
clean_np_554.jpg,3.1254366187127673,0,0,0,0,0,0,5.517459770636483,0
clean_np_555.jpg,3.2757427434673345,0,0,0,0,0,0,5.3548198944791165,0
clean_np_556.jpg,3.4035474318328123,0,0,0,0,0,0,5.646775416723253,0
clean_np_557.jpg,12.796694636004222,2.9295859671034643,0,0,0,2.358863309119696,0,5.95523814709068,0
clean_np_558.jpg,3.9916765573695554,0,0,0,0,0,0,4.91449062364021,0
clean_np_559.jpg,3.4814285610193156,0,0,0,0,0,0,7.287252726303772,0
clean_np_560.jpg,3.4566866018767413,0,0,0,0,0,0,6.305726046713293,0
clean_np_561.jpg,3.2737551009168677,0,0,0,0,0,0,5.5549824021340495,0
clean_np_562.jpg,3.224422135445965,0,0,0,0,0,0,5.6039857602698735,0
clean_np_563.jpg,3.2359606288556146,0,0,0,0,0,0,7.409274758689172,0
clean_np_564.jpg,3.327369774492232,0,0,0,0,0,0,5.5709945636767735,0
clean_np_565.jpg,3.614478306409889,0,0,0,0,0,0,5.150501708440465,0
clean_np_566.jpg,3.729985013852852,0,0,0,0,0,0,4.964462721634238,0
clean_np_567.jpg,3.1363524733326047,0,0,0,0,0,0,6.141671441325293,0
clean_np_568.jpg,3.2720363037637714,0,0,0,0,0,0,5.5288646425794665,0
clean_np_569.jpg,3.2400746782447687,0,0,0,0,0,0,5.874263754512409,0
clean_np_570.jpg,3.3819643037773774,0,0,0,0,0,0,5.117744505147458,0
clean_np_571.jpg,3.740620294338605,0,0,0,0,0,0,5.5405833130417355,0
clean_np_572.jpg,4.038983711360626,0,0,0,0,0,0,5.220427939512613,0
clean_np_573.jpg,3.507004703399433,0,0,0,0,0,0,5.909399047504746,0
clean_np_574.jpg,3.3147050521364436,0,0,0,0,0,0,5.847803433017434,0
clean_np_575.jpg,3.600960353757772,0,0,0,0,0,0,4.723668732219447,0
clean_np_576.jpg,3.9534927726793136,0,0,0,0,0,0,5.047260629970535,0
clean_np_577.jpg,3.905989445054657,0,0,0,0,0,3.2906116452720457,5.7817515159611235,0
clean_np_578.jpg,3.3550133445866597,0,0,0,0,0,0,5.103439941641728,0
clean_np_579.jpg,2.9588539341715636,0,0,0,0,0,0,5.357963588346042,0
clean_np_580.jpg,3.5410775658943145,0,0,0,0,0,0,5.255537618092125,0
clean_np_581.jpg,3.397755671881369,0,0,0,0,0,0,5.300023983312924,0
clean_np_582.jpg,3.5462417342588366,0,0,0,0,0,0,5.70836921128274,0
clean_np_583.jpg,3.3602046646950647,0,0,0,0,0,0,5.4781044888247115,0
clean_np_584.jpg,3.606320535216735,0,0,0,0,3.2199727265869584,0,5.544080326789935,0
clean_np_585.jpg,3.2236130416300104,0,0,0,0,0,0,5.363282575685434,0
clean_np_586.jpg,3.0953791503785335,0,0,0,0,0,0,6.9816610989938965,0
clean_np_587.jpg,4.109975038865654,0,0,0,0,0,0,6.167156011046573,0
clean_np_588.jpg,3.5089220697070598,0,0,0,0,0,0,6.162925293613619,0
clean_np_589.jpg,3.5505371213882455,0,0,0,5.656854249492381,12.600833512789393,8.686409137480442,6.525655003357363,0
clean_np_590.jpg,4.297033343827463,0,0,0,0,0,0,5.410276877193984,0
clean_np_591.jpg,2.5467693774032125,0,0,0,0,0,0,7.4716537283508035,0
clean_np_592.jpg,3.0946905389344748,0,0,0,0,0,0,7.208711297718714,0
clean_np_593.jpg,3.8221703719676423,0,0,0,0,0,0,5.628272697604805,0
clean_np_594.jpg,3.4952352116512837,0,0,0,0,0,0,5.714003659456631,0
clean_np_595.jpg,3.367720838166452,0,0,0,0,0,0,5.684555677073544,0
clean_np_596.jpg,2.9436447077829966,0,0,0,0,0,0,5.69956634301859,0
clean_np_597.jpg,3.7314696678992956,0,0,0,0,0,0,5.020644158461245,0
clean_np_598.jpg,3.472678535731622,0,0,0,0,0,0,5.318066299871634,0
clean_np_599.jpg,3.7640718271299525,0,0,0,0,0,0,5.394942511923461,0
clean_np_600.jpg,3.825988286538095,0,0,0,0,0,0,5.512892682326983,0
clean_np_601.jpg,4.3280723207105956,0,0,0,0,0,0,5.338431077995902,0
clean_np_602.jpg,3.7136860488437087,0,0,0,0,0,0,6.222204519353219,0
clean_np_603.jpg,3.4163980748678453,0,0,0,0,0,0,5.719910811283887,0
clean_np_604.jpg,3.104991905436994,0,0,0,0,0,0,5.259601986923825,0
clean_np_605.jpg,3.3243615845565824,0,0,0,0,0,0,4.86972903069575,0
clean_np_606.jpg,3.8918644838707106,0,0,0,0,0,0,5.569039559259911,0
clean_np_607.jpg,3.5856114313168863,0,0,0,0,0,0,4.962009256735752,0
clean_np_608.jpg,3.194862755004977,0,0,0,0,0,0,5.500052917587365,0
clean_np_609.jpg,3.848354274710175,0,0,0,0,0,0,5.333006202002978,0
clean_np_610.jpg,3.2536063988303354,0,0,0,0,0,0,5.071127940113218,0
clean_np_611.jpg,3.190820329917422,0,0,0,0,0,0,5.443353352404885,0
clean_np_612.jpg,4.181010952483885,0,0,0,0,0,0,5.2564533907875175,0
clean_np_613.jpg,3.356575411530163,0,0,0,0,0,0,5.52220624131682,0
clean_np_614.jpg,4.205925136133211,0,0,0,0,0,0,4.892051371050723,0
clean_np_615.jpg,3.3279749232546085,0,0,0,0,0,0,5.288942756551778,0
clean_np_616.jpg,3.4356657634331333,0,0,0,0,0,0,6.402798495663348,0
clean_np_617.jpg,3.9794327741336457,0,0,0,0,0,0,4.806684644155552,0
clean_np_618.jpg,3.9661904690684513,0,0,0,0,0,0,4.605148894617364,0
clean_np_619.jpg,3.1727289439033615,0,0,0,0,0,0,5.191072687399098,0
clean_np_620.jpg,4.348167749797569,0,0,0,0,0,0,4.927529358137655,0
clean_np_621.jpg,3.2147706920969545,0,0,0,0,0,0,5.753846962970532,0
clean_np_622.jpg,3.4417421802987733,0,0,0,0,0,0,5.194544865090336,0
clean_np_623.jpg,3.2842863682915193,0,0,0,0,0,0,5.248941286759548,0
clean_np_624.jpg,2.999914595831755,0,0,0,0,0,0,5.106363828673643,0
clean_np_625.jpg,3.2638892323744235,0,0,0,0,0,0,4.894658699100347,0
clean_np_626.jpg,3.0257076909171197,0,0,0,0,0,0,4.798676723873125,0
clean_np_627.jpg,3.611824199820391,0,0,0,0,0,0,4.797014196572635,0
clean_np_628.jpg,11.886326851705569,0.0,0,0.0,0,0,0,5.482316006524708,0
clean_np_629.jpg,3.4559869740898654,0,0,0,0,0,0,5.116950753321867,0
clean_np_630.jpg,3.5137574098603728,0,0,0,0,0,0,5.136038808757346,0
clean_np_631.jpg,3.1907466271356855,0,0,0,0,0,0,5.204353680893878,0
clean_np_632.jpg,3.2206668131383966,0,0,0,0,0,0,5.173021297767645,0
clean_np_633.jpg,3.121647296927242,0,0,0,0,0,0,5.1383350947414215,0
clean_np_634.jpg,3.2652651193564948,0,0,0,0,0,0,5.477894128578166,0
clean_np_635.jpg,3.593526885492321,0,0,0,0,0,0,5.515119014495348,0
clean_np_636.jpg,2.9443229973767533,0,0,0,0,0,0,4.653315943917637,0
clean_np_637.jpg,3.1470463462774085,0,0,0,0,0,0,4.8672299907789185,0
clean_np_638.jpg,3.046315491981639,0,0,0,0,0,0,5.337266977863573,0
clean_np_639.jpg,3.215871517956208,0,0,0,0,0,0,4.784990172201118,0
clean_np_640.jpg,3.2044083147152342,0,0,0,0,0,0,7.851336353790843,0
clean_np_641.jpg,3.052590891561654,0,0,0,0,0,0,4.937497070077133,0
clean_np_642.jpg,3.1108764192220386,0,0,0,0,0,0,4.7859609402701295,0
clean_np_643.jpg,3.5545849527280136,0,0,0,0,0,0,5.037472495001202,0
clean_np_644.jpg,2.8304569786046985,0,0,0,0,0,0,4.144846142840689,0
clean_np_645.jpg,3.3941963293944224,0,0,0,0,0,0,5.733183465736551,0
clean_np_646.jpg,2.8996690893978596,0,0,0,0,0,0,5.177054673043078,0
clean_np_647.jpg,3.4766820779719683,0,0,0,0,0,0,4.750194145791965,0
clean_np_648.jpg,3.260622171394842,0,0,0,0,0,0,4.706115343208656,0
clean_np_649.jpg,3.2453251125781435,0,0,0,0,0,0,4.685406729832469,0
clean_np_650.jpg,2.4396409270644184,0,0,0,0,0,0,6.216656714388174,0
clean_np_651.jpg,3.4173756901425993,0,0,0,0,0,0,5.282744463229153,0
clean_np_652.jpg,3.2770528747100847,0,0,0,0,0,0,5.4969561704773975,0
clean_np_653.jpg,3.322805627481029,0,0,0,0,0,0,5.149646285084991,0
clean_np_654.jpg,2.595444629653042,0,0,0,0,0,0,5.690096975466053,0
clean_np_655.jpg,3.197463265583359,0,0,0,0,0,0,4.988875610448502,0
clean_np_656.jpg,3.062778560791719,0,0,0,0,0,0,4.927643572286463,0
clean_np_657.jpg,3.455286648846594,0,0,0,0,0,0,5.462334464059975,0
clean_np_658.jpg,2.8338080478567638,0,0,0,0,0,0,6.272113080001109,0
clean_np_659.jpg,2.932924917401799,0,0,0,0,0,0,4.984367295116944,0
clean_np_660.jpg,3.44393792587834,0,0,0,0,0,0,5.033658267840515,0
clean_np_661.jpg,3.2118196146050235,0,0,0,0,0,0,5.332684500858003,0
clean_np_662.jpg,2.6842301602312846,0,0,0,0,0,0,5.34394130823686,0
clean_np_663.jpg,2.9917918042921077,0,0,0,0,0,0,4.632838454544253,0
clean_np_664.jpg,2.7136185325458584,0,0,0,0,0,0,5.188166091927283,0
clean_np_665.jpg,3.224156369978902,0,0,0,0,0,0,5.216797660764964,0
clean_np_666.jpg,3.0518867289714224,0,0,0,0,0,0,5.815764224326951,0
clean_np_667.jpg,2.844127836733559,0,0,0,0,0,0,6.291606456239527,0
clean_np_668.jpg,3.0974728102280262,0,0,0,0,0,0,5.0927225366091475,0
clean_np_669.jpg,3.205359390166741,0,0,0,0,0,0,4.1832728417113545,0
clean_np_670.jpg,3.6870519020067505,0,0,0,0,0,0,5.5844708801773555,0
clean_np_671.jpg,3.3754859893088063,0,0,0,0,0,0,5.344013220650579,0
clean_np_672.jpg,3.663578507845848,0,0,0,0,0,0,5.247765390060053,0
clean_np_673.jpg,3.4271968019267844,0,0,0,0,0,0,4.965550010229385,0
clean_np_674.jpg,3.2983211056689594,0,0,0,0,0,0,5.118853203532038,0
clean_np_675.jpg,3.2198897707607954,0,0,0,0,0,0,4.801545101892218,0
clean_np_676.jpg,3.272687350064411,0,0,0,0,0,0,5.538831398681166,0
clean_np_677.jpg,3.376776408364329,0,0,0,0,0,0,5.339583530971701,0
clean_np_678.jpg,3.322167174518412,0,0,0,0,0,0,5.328649755389918,0
clean_np_679.jpg,2.527808606918844,0,0,0,0,0,0,5.225508962244849,0
clean_np_680.jpg,3.2857056915108465,0,0,0,0,0,0,5.052293236999015,0
clean_np_681.jpg,3.0613910784622598,0,0,0,0,0,0,4.604645035692723,0
clean_np_682.jpg,3.5214795228158127,0,0,0,0,0,0,5.085517204016023,0
clean_np_683.jpg,3.290267102926978,0,0,0,0,0,0,4.6483720705543865,0
clean_np_684.jpg,3.126493049554961,0,0,0,0,0,0,5.1275277587865995,0
clean_np_685.jpg,3.345105654885273,0,0,0,0,0,0,5.205432223684118,0
clean_np_686.jpg,3.105100804295447,0,0,0,0,0,0,4.836509234693412,0
clean_np_687.jpg,3.7879886321901823,0,0,0,0,0,0,5.858872189407629,0
clean_np_688.jpg,3.1761993281968315,0,0,0,0,0,0,4.883632075314032,0
clean_np_689.jpg,3.7418825775507942,0,0,0,0,0,0,4.249894520330044,0
clean_np_690.jpg,3.7321872095677664,0,0,0,0,0,0,5.565180506373239,0
clean_np_691.jpg,3.4058795257715153,0,0,0,0,0,0,4.707692050634334,0
clean_np_692.jpg,3.7101388175068357,0,0,0,0,0,0,4.92671440720341,0
clean_np_693.jpg,3.5104167384515708,0,0,0,0,0,0,4.6823870919981045,0
clean_np_694.jpg,3.774521453270785,0,0,0,0,0,0,4.492602495993122,0
clean_np_695.jpg,3.7540311892972453,0,0,0,0,0,0,4.170267375209955,0
clean_np_696.jpg,4.006737627524002,0,0,0,0,0,0,4.490894665768255,0
clean_np_697.jpg,3.2495387179107142,0,0,0,0,0,0,4.432836790951376,0
clean_np_698.jpg,3.3346458566927137,0,0,0,0,0,0,4.195030673933951,0
clean_np_699.jpg,3.833035215222643,0,0,0,0,0,0,4.4850670999201405,0
clean_np_700.jpg,3.602141108793239,0,0,0,0,0,0,4.547091367585397,0
clean_np_701.jpg,3.254217391777971,0,0,0,0,0,0,4.655379610383933,0
clean_np_702.jpg,3.4490410415890147,0,0,0,0,0,0,4.610631526781667,0
clean_np_703.jpg,3.1282528557145173,0,0,0,0,0,0,4.418987835529541,0
clean_np_704.jpg,3.0680973486804795,0,0,0,0,0,0,6.900419886394833,0
clean_np_705.jpg,4.006914473457162,0,0,0,0,0,0,4.158001919454331,0
clean_np_706.jpg,3.7432050348201353,0,0,0,0,0,0,4.456419635339742,0
clean_np_707.jpg,3.6858529490419034,0,0,0,0,0,0,4.665956435601112,0
clean_np_708.jpg,3.874928663774632,0,0,0,0,0,0,4.320061887930167,0
clean_np_709.jpg,3.3109120171804585,0,0,0,0,0.34694433324435847,0,5.009198774155934,0
clean_np_710.jpg,3.5441259847872373,0,0,0,0,0,0,4.314411863266853,0
clean_np_711.jpg,3.1827836010737074,0,0,0,0,0,0,4.4249799726806645,0
clean_np_712.jpg,3.9493826768657807,0,0,0,0,0,0,4.494348138665295,0
clean_np_713.jpg,3.692778665033777,0,0,0,0,0,0,5.049500213228271,0
clean_np_714.jpg,12.042535525590004,2.723318564227762,0,0,0,0.35600015605489266,0,4.923825398877562,0
clean_np_715.jpg,3.6508628494760718,0,0,0,0,0,0,4.662110484220414,0
clean_np_716.jpg,2.6889430525492153,0,0,0,0,0,0,7.4185822974237885,0
clean_np_717.jpg,6.56302269786746,3.0897275224739764,0,0,0,2.434464786285976,0,5.623824719885596,0
clean_np_718.jpg,4.630264152505637,0,0,0,0,0,0.0,5.7367964190460885,0
clean_np_719.jpg,3.9396059022871124,0,0,0,0,0,0,4.302595654421473,0
clean_np_720.jpg,4.083207219389489,0,0,0,0,0,0,4.65946193478292,0
clean_np_721.jpg,3.9127124445898347,0,0,0,0,0,0,4.7050807266157255,0
clean_np_722.jpg,3.7352314664898705,0,0,0,0,0,0,4.887685916335842,0
clean_np_723.jpg,3.020036144128909,0,0,0,0,0,0,4.144876993158638,0
clean_np_724.jpg,3.1903534658837263,0,0,0,0,0,0,4.468703609375991,0
clean_np_725.jpg,3.517200909288803,0,0,0,0,0,0,4.391749359892024,0
clean_np_726.jpg,3.8704103580946927,0,0,0,0,0,0,4.8746943901858915,0
clean_np_727.jpg,3.108113793564914,0,0,0,0,0,0,4.243787562028664,0
clean_np_728.jpg,3.609218523523475,0,0,0,0,0,0,4.577559165357277,0
clean_np_729.jpg,4.121341650505547,0,0,0,0,0,0,5.24130426160806,0
clean_np_730.jpg,4.0621691507345785,0.0,0,0,0,0.7071067811865476,0,5.520996101641555,0
clean_np_731.jpg,3.8946941492267313,0,0,0,0,0,0,4.4889393831493605,0
clean_np_732.jpg,3.4174646057883895,0,0,0,0,0,0,4.829125279096239,0
clean_np_733.jpg,3.909857971278973,0,0,0,0,0,0,4.3508655287877,0
clean_np_734.jpg,3.984370622657363,0,0,0,0,0,0,4.582616306014121,0
clean_np_735.jpg,4.2610725028881955,0,0,0,0,0,0,4.896827317664425,0
clean_np_736.jpg,4.697255021066835,0,0,0,0,0,0,5.315548895845379,0
clean_np_737.jpg,3.472894295757862,0,0,0,0,0,0,4.3647913527684485,0
clean_np_738.jpg,3.1579555072820202,0,0,0,0,0,0,5.214185611367173,0
clean_np_739.jpg,3.7541879301076757,0,0,0,0,0,0,4.417464079595784,0
clean_np_740.jpg,4.125741768007275,0,0,0,0,0,0,4.51479009737394,0
clean_np_741.jpg,3.7844492206881744,0,0,0,0,0,0,5.130076692314382,0
clean_np_742.jpg,3.8516941381212626,0,0,0,0,0,0,4.6099243050608925,0
clean_np_743.jpg,4.32462214735062,0,0,0,0,0,0,4.629508285645333,0
clean_np_744.jpg,3.443061797704664,0,0,0,0,0,0,4.762456830869419,0
clean_np_745.jpg,3.9631327171816073,0,0,0,0,0,0,4.98856183013144,0
clean_np_746.jpg,3.5056411588574568,0,0,0,0,0,0,3.8629788260467803,0
clean_np_747.jpg,3.222733089762447,0,0,0,0,0,0,4.233750596149646,0
clean_np_748.jpg,3.485934784463197,0,0,0,0,0,0,4.259400598276594,0
clean_np_749.jpg,4.008126258143898,0,0,0,0,0,0,4.96194817683698,0
clean_np_750.jpg,3.4280810454964272,0,0,0,0,0,0,4.6161034756725225,0
clean_np_751.jpg,3.4236783185741806,0,0,0,0,0,0,4.690696080776532,0
clean_np_752.jpg,3.4159163874239775,0,0,0,0,0,0,4.536576436778048,0
clean_np_753.jpg,3.752370196289988,0,0,0,0,0,0,4.281848731157935,0
clean_np_754.jpg,3.4632273309468573,0,0,0,0,0,0,4.762076079169939,0
clean_np_755.jpg,3.6190525476975766,0,0,0,0,0,0,5.178663187944645,0
clean_np_756.jpg,3.3644043661251617,0,0,0,0,0,0,4.210221786353735,0
clean_np_757.jpg,3.4605721096349455,0,0,0,0,0,0,4.4204321898792145,0
clean_np_758.jpg,4.4077004684959835,0,0,0,0,0,0,5.997004504197807,0
clean_np_759.jpg,4.451909252889587,0,0,0,0,0,0,5.374466979506322,0
clean_np_760.jpg,4.286490290434149,0,0,0,0,0,0,5.803897337010293,0
clean_np_761.jpg,4.273311851490332,0,0,0,0,0,0,6.338917277785914,0
clean_np_762.jpg,4.1462872372196085,0,0,0,0,0,0,6.427359125566507,0
clean_np_763.jpg,3.408688158814676,0,0,0,0,0,0,5.7007854917033045,0
clean_np_764.jpg,4.119648367289512,0,0,0,0,0,0,6.153642711915227,0
clean_np_765.jpg,3.8805300712963895,0,0,0,0,0,0,5.8861611342448965,0
clean_np_766.jpg,4.3257898680624445,0,0,0,0,0,0,4.742740684682745,0
clean_np_767.jpg,3.6784499507182282,0,0,0,0,0,0,4.969689355809668,0
clean_np_768.jpg,4.350778794606326,0,0,0,0,0,0,5.945083082965227,0
clean_np_769.jpg,3.738208255750798,0,0,0,0,0,0,5.21928147129432,0
clean_np_770.jpg,4.21312472061091,0,0,0,0,0,0,5.296570733465724,0
clean_np_771.jpg,4.577192253303497,0,0,0,0,0,0,5.824911709647307,0
clean_np_772.jpg,3.620965958538441,0,0,0,0,0,0,4.980665111493981,0
clean_np_773.jpg,3.951944493677008,0,0,0,0,0,0,4.956091472560829,0
clean_np_774.jpg,4.232019941899403,0,0,0,0,0,0,5.070330158915821,0
clean_np_775.jpg,3.8696588842807573,0,0,0,0,0,0,5.373935412212121,0
clean_np_776.jpg,4.347187933176234,0,0,0,0,0,0,5.579057009388752,0
clean_np_777.jpg,3.6222995470086023,0,0,0,0,0,0,5.854066835853695,0
clean_np_778.jpg,3.769782247385592,0,0,0,0,0,0,5.117478318086339,0
clean_np_779.jpg,3.6626842492047444,0,0,0,0,0,0,5.419712870849142,0
clean_np_780.jpg,3.9204758309202474,0,0,0,0,0,0,5.588264008995324,0
clean_np_781.jpg,3.576694072868076,0,0,0,0,0,0,5.086595717462929,0
clean_np_782.jpg,3.3321151513976157,0,0,0,0,0,0,5.626760451318408,0
clean_np_783.jpg,4.2705941382311545,0,0,0,0,0,0,5.37607601271281,0
clean_np_784.jpg,4.1740852035023845,0,0,0,0,0,0,5.229353754631861,0
clean_np_785.jpg,4.142760029362543,0,0,0,0,0,0,4.90881839104265,0
clean_np_786.jpg,4.475257269050561,0,0,0,0,0,0,5.438446384254318,0
clean_np_787.jpg,3.8791200891602604,0,0,0,0,0,0.0,5.132213428764777,0
clean_np_788.jpg,3.7614964712843397,0,0,0,0,0,0,5.596305779361859,0
clean_np_789.jpg,3.7227359195176084,0,0,0,0,0,0,5.19750436140936,0
clean_np_790.jpg,3.7698860220977637,0,0,0,0,0,0,4.868422134387765,0
clean_np_791.jpg,3.4410673483322847,0,0,0,0,0,0,5.057687525493917,0
clean_np_792.jpg,3.659751453609042,0,0,0,0,0,0,5.380107525106295,0
clean_np_793.jpg,3.4564628604329153,0,0,0,0,0,0,4.8848767164503135,0
clean_np_794.jpg,3.191202209291286,0,0,0,0,0,0,4.825653993249464,0
clean_np_795.jpg,3.371266394253312,0,0,0,0,0,0,4.9611060463426275,0
clean_np_796.jpg,4.812018359505201,0,0,0,0,0,1.2945755775256675,5.636723275700213,0
clean_np_797.jpg,3.0074089280484593,0,0,0,0,0,0,4.5924600467648995,0
clean_np_798.jpg,3.0410267938319713,0,0,0,0,0,0,6.760654861749286,0
clean_np_799.jpg,2.7419342652720564,0,0,0,0,0,0,4.405064271628386,0
clean_np_800.jpg,3.054096042346076,0,0,0,0,0,0,4.346296246082674,0
clean_np_801.jpg,3.005100778113859,0,0,0,0,0,0,5.095903550334399,0
clean_np_802.jpg,3.308088193743355,0,0,0,0,0,0,4.543531103993855,0
clean_np_803.jpg,2.9931289269069614,0,0,0,0,0,0,5.10632770386144,0
clean_np_804.jpg,2.8532734711492944,0,0,0,0,0,0,4.748729430005383,0
clean_np_805.jpg,3.400860568453591,0,0,0,0,0,0,5.124970946237135,0
clean_np_806.jpg,2.9970691494118817,0,0,0,0,0,0,5.156818514170327,0
clean_np_807.jpg,3.603443339790119,0,0,0,0,0,0,5.858287599164011,0
clean_np_808.jpg,4.571565720416045,0,0,0,0,0,0,5.541681288920677,0
clean_np_809.jpg,4.043328799825989,0,0,0,0,0,0,5.371916027436066,0
clean_np_810.jpg,3.802027207146702,0,0,0,0,0,0,5.452585955795121,0
clean_np_811.jpg,4.542523306520154,0,0,0,0,0,0,6.599459992760446,0
clean_np_812.jpg,4.024520796424674,0,0,0,0,0,0,4.826314782099543,0
clean_np_813.jpg,3.9731081558762744,0,0,0,0,0,0,5.237074356691254,0
clean_np_814.jpg,3.928680579564644,0,0,0,0,0,0,4.977040078440017,0
clean_np_815.jpg,3.2107425846479893,0,0,0,0,0,0,4.931036935438333,0
clean_np_816.jpg,3.339479073665288,0,0,0,0,0,0,4.802237460774703,0
clean_np_817.jpg,3.0706506807628475,0,0,0,0,0,0,5.8644875920863955,0
clean_np_818.jpg,3.279981185535068,0,0,0,0,0,0,5.8391880716869,0
clean_np_819.jpg,3.3687630948185947,0,0,0,0,0,0,5.7965397447263785,0
clean_np_820.jpg,3.5148872472271413,0,0,0,0,0,0,4.965043202490225,0
clean_np_821.jpg,3.7252719447048106,0,0,0,0,0,0,6.524682675618722,0
clean_np_822.jpg,3.4978245490698012,0,0,0,0,0,0,5.614685770814292,0
clean_np_823.jpg,3.874307332464503,0,0,0,0,0,0,6.56487765610634,0
clean_np_824.jpg,2.9392318305818432,0,0,0,0,0,0,4.590481951165263,0
clean_np_825.jpg,3.049809728897542,0,0,0,0,0,0,6.20399934340334,0
clean_np_826.jpg,3.266783111442897,0,0,0,0,0,0,4.771418239910365,0
clean_np_827.jpg,4.183782046803958,0,0,0,0,0,0,5.8756062850836575,0
clean_np_828.jpg,4.1870676182467035,0,0,0,0,0,0,4.972718829827505,0
clean_np_829.jpg,4.291557953277115,0,0,0,0,0,0,4.7682994030964085,0
clean_np_830.jpg,4.050187865492767,0,0,0,0,0,0,6.010669984755703,0
clean_np_831.jpg,4.051045253771518,0,0,0,0,0,0,5.053074303012789,0
clean_np_832.jpg,4.142622299047364,0,0,0,0,0,0,5.153180294105115,0
clean_np_833.jpg,3.4541949071455313,0,0,0,0,0,0,6.453272634806023,0
clean_np_834.jpg,3.566102757352454,0,0,0,0,0,0,4.852082678874962,0
clean_np_835.jpg,3.7407085245823666,0,0,0,0,0,0,5.860125720264574,0
clean_np_836.jpg,3.7661571700355947,0,0,0,0,0,0,4.890373096814857,0
clean_np_837.jpg,4.446404708320251,0,0,0,0,0,0,5.452887432967436,0
clean_np_838.jpg,3.817014898643671,0,0,0,0,0,0,5.394047442365712,0
clean_np_839.jpg,4.293648550306091,0,0,0,0,0,0,5.57482643804877,0
clean_np_840.jpg,3.856565550196218,0,0,0,0,0,0,4.670780770729011,0
clean_np_841.jpg,3.3855605203967456,0,0,0,0,0,0,7.760674173952397,0
clean_np_842.jpg,2.924205236092984,0,0,0,0,0,0,5.127970605392802,0
clean_np_843.jpg,3.570257695958001,0,0,0,0,0,0,4.908036097804833,0
clean_np_844.jpg,4.446299632244895,0,0,0,0,0,0,5.424293074472132,0
clean_np_845.jpg,3.9133977994896574,0,0,0,0,0,0,5.814567471519652,0
clean_np_846.jpg,3.8400634089499297,0,0,0,0,0,0,5.35791139395122,0
clean_np_847.jpg,4.108954193980584,0,0,0,0,0,0,4.622092988604886,0
clean_np_848.jpg,3.480548578912922,0,0,0,0,0,0,4.631933282510313,0
clean_np_849.jpg,3.8581515278064553,0,0,0,0,0,0,4.745002831307131,0
clean_np_850.jpg,3.5761381585957195,0,0,0,0,0,0,5.555582083975786,0
clean_np_851.jpg,3.988953901323923,0,0,0,0,0,0,5.306313972907726,0
clean_np_852.jpg,3.7533566950837933,0,0,0,0,0,0,4.824155431776138,0
clean_np_853.jpg,8.13322461644568,0.0,0,0,4.069100810946423,9.851569135064821,0.0,5.18847997933869,0
clean_np_854.jpg,4.375384962316039,0,0,0,0,0,0,4.446023706726137,0
clean_np_855.jpg,3.90772685204589,0,0,0,0,0,0,4.816680109032509,0
clean_np_856.jpg,4.081382199763703,0,0,0,0,0,0,4.675894103405504,0
clean_np_857.jpg,4.272098346890648,0,0,0,0,0,0,4.938002347543755,0
clean_np_858.jpg,3.7989395961467216,0,0,0,0,0,0,5.856138029033635,0
clean_np_859.jpg,5.179306642770176,0,0,0,0,0,0,5.686811185005797,0
clean_np_860.jpg,4.016191137433106,0,0,0,0,0,0,4.588842413572421,0
clean_np_861.jpg,3.5724641863701083,0,0,0,0,0,0,4.870438211898792,0
clean_np_862.jpg,4.467819491355568,0,0,0,0,0,0,5.5941372714240885,0
clean_np_863.jpg,4.9691013115058364,0,0,0,0,0,1.0606601717798212,5.575856941522871,0
clean_np_864.jpg,4.466218444436753,0,0,0,0,0,0,5.809566096062134,0
clean_np_865.jpg,4.0912764967302975,0,0,0,0,0,0,5.116339756124369,0
clean_np_866.jpg,3.648229872179415,0,0,0,0,0,0,4.925817511339441,0
clean_np_867.jpg,3.698584681878279,0,0,0,0,0,0,4.775557697086825,0
clean_np_868.jpg,3.633883547180258,0,0,0,0,0,0,4.619861993968645,0
clean_np_869.jpg,3.514137552869007,0,0,0,0,0,0,4.955439236688722,0
clean_np_870.jpg,4.324153083684213,0,0,0,0,0,0,4.313710928665904,0
clean_np_871.jpg,4.204260728279529,0,0,0,0,0,0,4.871548025086283,0
clean_np_872.jpg,3.7494519039272425,0,0,0,0,0,0,4.987871327809684,0
clean_np_873.jpg,3.94605285203714,0,0,0,0,0,0,4.703822721643207,0
clean_np_874.jpg,4.106389739871845,0,0,0,0,0,0,6.079722651768362,0
clean_np_875.jpg,4.68355296031788,0,0,0,0,0,0,6.8231013016326045,0
clean_np_876.jpg,4.251221798477856,0,0,0,0,0,0,5.625267626394843,0
clean_np_877.jpg,4.1173299675863175,0,0,0,0,0,0,6.079340171790969,0
clean_np_878.jpg,4.583000302911044,0,0,0,0,0,0,5.85441638943229,0
clean_np_879.jpg,3.686049229671746,0,0,0,0,0,0,5.279874650601705,0
clean_np_880.jpg,4.525722326563216,0,0,0,0,0,0,6.026025550975194,0
clean_np_881.jpg,3.920526045473391,0,0,0,0,0,0,5.666065383069353,0
clean_np_882.jpg,4.404240694645877,0,0,0,0,0,0,5.10790145326612,0
clean_np_883.jpg,3.5791244474316115,0,0,0,0,0,0,5.239591968579246,0
clean_np_884.jpg,4.335032964553508,0,0,0,0,0,0,6.544170598154548,0
clean_np_885.jpg,4.317275101702847,0,0,0,0,0,0,6.264258185651186,0
clean_np_886.jpg,4.069608343202942,0,0,0,0,0,0,5.648004474699014,0
clean_np_887.jpg,4.720454983403057,0,0,0,0,0,0,6.129641854645925,0
clean_np_888.jpg,3.5718523576953745,0,0,0,0,0,0,7.041207327315402,0
clean_np_889.jpg,4.259092833347801,0,0,0,0,0,0,5.986662177132834,0
clean_np_890.jpg,3.8826836792740016,0,0,0,0,0,0,6.715657292659222,0
clean_np_891.jpg,3.6388651473426874,0,0,0,0,0,0,5.122735357793973,0
clean_np_892.jpg,4.142643739199443,0,0,0,0,0,0,4.820336447671874,0
clean_np_893.jpg,3.4822227933960144,0,0,0,0,0,0,6.629207977166879,0
clean_np_894.jpg,3.462383947679459,0,0,0,0,0,0,7.303222888528205,0
clean_np_895.jpg,3.468490280747014,0,0,0,0,0,0,6.042484959434125,0
clean_np_896.jpg,3.453350671951692,0,0,0,0,0,0,6.141566003100136,0
clean_np_897.jpg,4.141552814971508,0,0,0,0,0,0,5.298761290018033,0
clean_np_898.jpg,3.5554205187294987,0,0,0,0,0,0,5.217406166219669,0
clean_np_899.jpg,3.5734596424609495,0,0,0,0,0,0,6.143965418273168,0
clean_np_900.jpg,3.2064991859803764,0,0,0,0,0,0,6.2240957666037025,0
clean_np_901.jpg,3.113111824746649,0,0,0,0,0,0,5.052677631386438,0
clean_np_902.jpg,2.709726998027457,0,0,0,0,0,0,7.254248119471605,0
clean_np_903.jpg,3.6689540868770254,0,0,0,0,0,0,5.412615089089958,0
clean_np_904.jpg,3.6746582120750007,0,0,0,0,0,0,7.004254531801545,0
clean_np_905.jpg,3.7785391571482623,0,0,0,0,0,0,4.637312056387326,0
clean_np_906.jpg,3.4505496685440002,0,0,0,0,0,0,5.240192675063845,0
clean_np_907.jpg,4.090730663163405,0,0,0,0,0,0,5.35165478729345,0
clean_np_908.jpg,4.221313412042002,0,0,0,0,0,0,4.536026699164353,0
clean_np_909.jpg,2.9176231655572344,0,0,0,0,0,0,6.7741342890889715,0
clean_np_910.jpg,3.80234983085385,0,0,0,0,0,0,4.818179399392203,0
clean_np_911.jpg,3.6432981020706405,0,0,0,0,0,0,5.090112917722179,0
clean_np_912.jpg,3.9154981513892357,0,0,0,0,0,0,5.053946345867213,0
clean_np_913.jpg,4.409172465442745,0,0,0,0,0,0,5.124688048957805,0
clean_np_914.jpg,3.5427541826285402,0,0,0,0,0,0,5.232445077199744,0
clean_np_915.jpg,3.627923249585338,0,0,0,0,0,0,5.899702224823303,0
clean_np_916.jpg,4.15321974690783,0,0,0,0,0,0,4.566516006681443,0
clean_np_917.jpg,3.6637123768387916,0,0,0,0,0,0,4.914052511366521,0
clean_np_918.jpg,4.056183110461525,0,0,0,0,0,0,4.570972414433582,0
clean_np_919.jpg,3.8194664160334737,0,0,0,0,0,0,5.148616126789286,0
clean_np_920.jpg,3.6998710204936875,0,0,0,0,0,0,5.212230541348026,0
clean_np_921.jpg,4.435751142118962,0,0,0,0,0,0,5.967240713388247,0
clean_np_922.jpg,3.878919293531204,0,0,0,0,0,0,6.2611187287231145,0
clean_np_923.jpg,4.1204481029277895,0,0,0,0,0,0,5.200026268235746,0
clean_np_924.jpg,4.064187407561351,0,0,0,0,0,0,5.080676389050032,0
clean_np_925.jpg,3.160091614674515,0,0,0,0,0,0,5.497861645484103,0
clean_np_926.jpg,3.4876700153980447,0,0,0,0,0,7.1498048473582445,4.819395234337471,0
clean_np_927.jpg,4.562745224899492,0,0,0,0,0,0,5.3165103726050695,0
clean_np_928.jpg,3.097812431279781,0,0,0,0,0,0,4.988336677502737,0
clean_np_929.jpg,3.9886705295908187,0,0,0,0,0,0,4.802361762976747,0
clean_np_930.jpg,4.077159011371242,0,0,0,0,0,0,5.828282923292305,0
clean_np_931.jpg,3.673653945148175,0,0,0,0,0,0,5.592060391788602,0
clean_np_932.jpg,3.52431481189611,0,0,0,0,0,0,6.521424370928242,0
clean_np_933.jpg,3.6127086804622555,0,0,0,0,0,0,5.4955493589904165,0
clean_np_934.jpg,3.777465916252685,0,0,0,0,0,0,5.418036017976782,0
clean_np_935.jpg,3.6829562081879947,0,0,0,0,0,0,6.40412071170824,0
clean_np_936.jpg,3.8409398128515213,0,0,0,0,0,0,4.98745207540839,0
clean_np_937.jpg,3.3434479510574717,0,0,0,0,0,0,5.165291886548013,0
clean_np_938.jpg,4.382631783909492,0,0,0,0,0,0,5.871038687789138,0
clean_np_939.jpg,3.93110173326382,0,0,0,0,0,0,5.386917064002042,0
clean_np_940.jpg,4.200153845624658,0,0,0,0,0,0,6.469448158356147,0
clean_np_941.jpg,3.5871561579467164,0,0,0,0,0,0,7.002146284774537,0
clean_np_942.jpg,4.188334923248401,0,0,0,0,0,0,5.163796060892385,0
clean_np_943.jpg,3.5791683311530944,0,0,0,0,0,0,4.245671458564063,0
clean_np_944.jpg,4.143485922717384,0,0,0,0,0,0,6.153445836665879,0
clean_np_945.jpg,4.450361170731173,0,0,0,0,0,0,7.001490307145821,0
clean_np_946.jpg,3.165693694434651,0,0,0,0,0,0,5.6527003250328525,0
clean_np_947.jpg,3.006736649639812,0,0,0,0,0,0,5.564836169585051,0
clean_np_948.jpg,5.48045215531655,0,0,0,0,0,0.6508541396588854,4.5356054854752355,0
clean_np_949.jpg,2.5052210147279115,0,0,0,0,0,0,8.12719381100147,0
clean_np_950.jpg,3.765889659123131,0,0,0,0,0,0,5.637547766318858,0
clean_np_951.jpg,2.887894471475676,0,0,0,0,0,0,5.892257374059402,0
clean_np_952.jpg,3.3744903205474173,0,0,0,0,0,0,4.28360813327655,0
clean_np_953.jpg,4.430898114992512,0,0,0,0,0,0,4.926153556688937,0
clean_np_954.jpg,3.6429899709937765,0,0,0,0,0,0,6.112051057134362,0
clean_np_955.jpg,3.0702723914991066,0,0,0,0,0,0,7.109808370660753,0
clean_np_956.jpg,3.0175157466224802,0,0,0,0,0,0,5.7601137797573605,0
clean_np_957.jpg,4.290636821878174,0,0,0,0,0,0,4.657240663109962,0
clean_np_958.jpg,3.3269594035393673,0,0,0,0,0,0,7.135599216018713,0
clean_np_959.jpg,3.9432886097400357,0,0,0,0,0,0,5.346939137532741,0
clean_np_960.jpg,3.619964470869482,0,0,0,0,0,0,6.012491416424148,0
clean_np_961.jpg,3.858270158700364,0,0,0,0,0,0,5.39718610239885,0
clean_np_962.jpg,2.824025105410743,0,0,0,0,0,0,5.1417979874539235,0
clean_np_963.jpg,3.4968566948417386,0,0,0,0,0,0,4.869203126969586,0
clean_np_964.jpg,3.950046715551727,0,0,0,0,0,0,4.17915494699623,0
clean_np_965.jpg,3.2296134593079184,0,0,0,0,0,0,5.2671644153656825,0
clean_np_966.jpg,2.7090869302688634,0,0,0,0,0,0,5.349639070618761,0
clean_np_967.jpg,3.5408719940185462,0,0,0,0,0,0,7.156983285515232,0
clean_np_968.jpg,2.76981341934744,0,0,0,0,0,0,4.023909558858043,0
clean_np_969.jpg,3.6294498176246925,0,0,0,0,0,0,5.158455146298334,0
clean_np_970.jpg,3.128781742716938,0,0,0,0,0,0,4.125961133318566,0
clean_np_971.jpg,3.016124266275178,0,0,0,0,0,0,5.056034221140712,0
clean_np_972.jpg,3.8405533951370026,0,0,0,0,0,0,4.6483826622746705,0
clean_np_973.jpg,5.163780248146993,0,0,0,4.226810372600828,12.096782118699851,4.4357553951864785,7.372347740743211,0
clean_np_974.jpg,3.6767496437593925,0,0,0,0,0,0,4.48172219262601,0
clean_np_975.jpg,4.092789360149229,0,0,0,0,0,0,4.624494582864938,0
clean_np_976.jpg,3.1789017007157523,0,0,0,0,0,0,4.695181813269867,0
clean_np_977.jpg,3.4880066587483634,0,0,0,0,0,0,3.8866186270719267,0
clean_np_978.jpg,3.8224008306262576,0,0,0,0,0,0,4.421031559343704,0
clean_np_979.jpg,3.208589814894883,0,0,0,0,0,0,4.706804290991635,0
clean_np_980.jpg,3.451798225578902,0,0,0,0,0,0,4.459698795821834,0
clean_np_981.jpg,3.663016554563241,0,0,0,0,0,0,5.156735529118762,0
clean_np_982.jpg,3.737291751994338,0,0,0,0,0,0,4.505922916566615,0
clean_np_983.jpg,3.7078831794808336,0,0,0,0,0,0,4.962599581727413,0
clean_np_984.jpg,2.594949757407859,0,0,0,0,0,0,4.740017079188799,0
clean_np_985.jpg,2.9684017195405636,0,0,0,0,0,0,5.1749223528777435,0
clean_np_986.jpg,3.8314843582591323,0,0,0,0,0,0,4.169425335573464,0
clean_np_987.jpg,2.891554383073065,0,0,0,0,0,0,4.89960688716468,0
clean_np_988.jpg,3.5991339971369825,0,0,0,0,0,0,3.956450011914814,0
clean_np_989.jpg,3.2767160206909924,0,0,0,0,0,0,4.999007721011575,0
clean_np_990.jpg,4.050106157647462,0,0,0,0,0,0,4.279479312872973,0
clean_np_991.jpg,3.8182492733702524,0,0,0,0,0,0,3.8750082257214222,0
clean_np_992.jpg,5.255159258297258,0,0,0,0,0,1.0631887745693938,3.567689494567573,0
clean_np_993.jpg,4.239367663714942,0,0,0,0,0,0,4.490608160642392,0
clean_np_994.jpg,3.9012845984774627,0,0,0,0,0,0,5.260850820541021,0
clean_np_995.jpg,3.738173244904335,0,0,0,0,0,0,4.333617967976156,0
clean_np_996.jpg,3.2935942105862885,0,0,0,0,0,0,4.8611114116553775,0
clean_np_997.jpg,4.113684475396941,0,0,0,0,0,0,4.638806354545035,0
clean_np_998.jpg,4.352932434705785,0,0,0,0,0,0,4.1038286749492405,0
clean_np_999.jpg,3.1393496954938107,0,0,0,0,0,0,4.230766156728296,0
clean_np_1000.jpg,3.896755905441476,0,0,0,0,0,0,4.704374277902788,0
clean_np_1001.jpg,2.8324623160430624,0,0,0,0,0,0,4.177659255908246,0
clean_np_1002.jpg,3.3429894858727587,0,0,0,0,0,0,4.802806709340649,0
clean_np_1003.jpg,3.9509640259256895,0,0,0,0,0,0,4.752507891740105,0
clean_np_1004.jpg,2.934704820641153,0,0,0,0,0,0,4.932765290922518,0
clean_np_1005.jpg,3.3181769135793275,0,0,0,0,0,0,3.9072663304767525,0
clean_np_1006.jpg,3.6052818787567644,0,0,0,0,0,0,4.48135208103624,0
clean_np_1007.jpg,2.903895118420058,0,0,0,0,0,0,3.9878480176552635,0
clean_np_1008.jpg,4.129671912616999,0,0,0,0,0,0,4.6782115356018865,0
clean_np_1009.jpg,3.5026168939645586,0,0,0,0,0,0,4.694200489378252,0
clean_np_1010.jpg,3.141954092631445,0,0,0,0,0,0,4.258020160883489,0
clean_np_1011.jpg,2.225256257143296,0,0,0,0,0,0,3.846763243272225,0
clean_np_1012.jpg,3.120324343331164,0,0,0,0,0,0,3.944205922116017,0
clean_np_1013.jpg,3.04069107039696,0,0,0,0,0,0,4.522756740725701,0
clean_np_1014.jpg,3.5603421361559016,0,0,0,0,0,0,4.793658084657006,0
clean_np_1015.jpg,3.9918795881762477,0,0,0,0,0,0,4.414108345178075,0
clean_np_1016.jpg,3.208289212039472,0,0,0,0,0,0,4.866948181475585,0
clean_np_1017.jpg,3.3470780657607913,0,0,0,0,0,0,5.658155989352885,0
clean_np_1018.jpg,3.0419192203087397,0,0,0,0,0,0,5.186526778973744,0
clean_np_1019.jpg,2.734525956862298,0,0,0,0,0,0,5.688918311516825,0
clean_np_1020.jpg,3.659899445025775,0,0,0,0,0,0,4.407056047960692,0
clean_np_1021.jpg,2.9579067898950395,0,0,0,0,0,0,4.358834527351146,0
clean_np_1022.jpg,3.6662614744395996,0,0,0,0,0,0,5.4191783759692544,0
clean_np_1023.jpg,4.0576590748136345,0,0,0,0,0,0,4.674725727744061,0
clean_np_1024.jpg,3.5713537407037395,0,0,0,0,0,0,4.693472325604185,0
clean_np_1025.jpg,3.8086965777088757,0,0,0,0,0,0,3.9786910836872247,0
clean_np_1026.jpg,4.636285975979753,0,0,0,0,0,0,4.707490659083522,0
clean_np_1027.jpg,2.6605385468432234,0,0,0,0,0,0,6.591151249216468,0
clean_np_1028.jpg,4.118211028826242,0,0,0,0,0,0,4.566192497296144,0
clean_np_1029.jpg,3.8726197867010406,0,0,0,0,0,0,5.052062480370458,0
clean_np_1030.jpg,2.8195900990147926,0,0,0,0,0,0,5.702185204246673,0
clean_np_1031.jpg,3.457591622725129,0,0,0,0,0,0,6.846190886964706,0
clean_np_1032.jpg,4.28645753202265,0,0,0,0,0,0,4.869331678648695,0
clean_np_1033.jpg,3.4861304484991855,0,0,0,0,0,0,4.600082694104724,0
clean_np_1034.jpg,2.849867756822025,0,0,0,0,0,0,4.613226694364434,0
clean_np_1035.jpg,3.7612356099856585,0,0,0,0,0,0,4.957828673179184,0
clean_np_1036.jpg,3.987915248415783,0,0,0,0,0,0,4.442461368203391,0
clean_np_1037.jpg,4.510912916877884,0,0,0,0,0,0,4.740921498331449,0
clean_np_1038.jpg,3.408226631495984,0,0,0,0,0,0,4.430671434275921,0
clean_np_1039.jpg,3.3550311204742727,0,0,0,0,0,0,6.847495594019323,0
clean_np_1040.jpg,3.696422697340452,0,0,0,0,0,0,6.399691519687625,0
clean_np_1041.jpg,4.170381834209654,0,0,0,0,0,0,5.4293527673088535,0
clean_np_1042.jpg,3.856219543446565,0,0,0,0,0,0,5.098409197457751,0
clean_np_1043.jpg,4.41592634352392,0,0,0,0,0,0,4.850598531903082,0
clean_np_1044.jpg,3.521946193360899,0,0,0,0,0,0,4.780869311611868,0
clean_np_1045.jpg,3.7163630967351087,0,0,0,0,0,0,6.353759007589685,0
clean_np_1046.jpg,4.2229546403308955,0,0,0,0,0,0,4.704301920210856,0
clean_np_1047.jpg,3.3983339190268214,0,0,0,0,0,0,4.766167346107972,0
clean_np_1048.jpg,4.376831762401953,0,0,0,0,0,0,5.65073223247334,0
clean_np_1049.jpg,4.233853551736661,0,0,0,0,0,0,5.159113844446178,0
clean_np_1050.jpg,3.3773119484270637,0,0,0,0,0,0,4.0671267850665735,0
clean_np_1051.jpg,3.9843131821336017,0,0,0,0,0,0,5.710439570015461,0
clean_np_1052.jpg,3.857501254051871,0,0,0,0,0,0,5.144599137248523,0
clean_np_1053.jpg,4.2887255652549765,0,0,0,0,0,0,5.281537104920819,0
clean_np_1054.jpg,3.5649669839152134,0,0,0,0,0,0,5.1334755529058835,0
clean_np_1055.jpg,3.5473275357363154,0,0,0,0,0,0,5.277981493477645,0
clean_np_1056.jpg,4.804494534890469,0,0,0,0,0,0,4.937812501098078,0
clean_np_1057.jpg,3.255376682630396,0,0,0,0,0,0,6.035982986944901,0
clean_np_1058.jpg,3.5671344559713365,0,0,0,0,2.4675687763107073,0,4.797785031809556,0
clean_np_1059.jpg,4.017342660445178,0,0,0,0,0,0,5.369568734313581,0
clean_np_1060.jpg,3.9347765563074226,0,0,0,0,5.462371260367091,0.0,8.279779637573515,0
clean_np_1061.jpg,3.838374337222475,0,0,0,0,0,0,4.519541813474659,0
clean_np_1062.jpg,4.25855563560857,0,0,0,0,0,0,4.795207110140801,0
clean_np_1063.jpg,3.6813245617210417,0,0,0,0,0,0,4.905444083931729,0
clean_np_1064.jpg,4.20911683861014,0,0,0,0,0,0,4.534960466470335,0
clean_np_1065.jpg,3.4331247185757143,0,0,0,0,0,0.7071067811865476,6.105461045126299,0
clean_np_1066.jpg,4.121685003697239,0,0,0,0,0,0,5.362593460918598,0
clean_np_1067.jpg,3.963111444814994,0,0,0,0,0,0,4.991709769162883,0
clean_np_1068.jpg,4.179982612330957,0,0,0,0,0,0,5.121329176246468,0
clean_np_1069.jpg,4.748623518455842,0,0,0,0,0,0,4.628446792309265,0
clean_np_1070.jpg,3.930670272783135,0,0,0,0,0,0,4.85303332953665,0
clean_np_1071.jpg,3.852718785993702,0,0,0,0,0,0,4.111606241665614,0
clean_np_1072.jpg,3.6275606354424346,0,0,0,0,0,0,4.631306146140279,0
clean_np_1073.jpg,3.3293239652236104,0,0,0,0,0,0,5.596118029513272,0
clean_np_1074.jpg,3.71706916482639,0,0,0,0,0,0,4.888314333693031,0
clean_np_1075.jpg,3.388170441073268,0,0,0,0,0,0,5.235302020924796,0
clean_np_1076.jpg,4.44053280605238,0,0,0,0,0,0,4.492919122543036,0
clean_np_1077.jpg,3.4083813917071355,0,0,0,0,0,0,4.312343112832733,0
clean_np_1078.jpg,4.010574276974537,0,0,0,0,0,0,3.8727811595575243,0
clean_np_1079.jpg,3.8038448479955758,0,0,0,0,0,0,4.766853756577577,0
clean_np_1080.jpg,3.4686888194558767,0,0,0,0,0,0,6.119763095718182,0
clean_np_1081.jpg,4.059028724009067,0,0,0,0,0,0,4.641319636686725,0
clean_np_1082.jpg,3.7352426155674,0,0,0,0,0,0,4.280438289877262,0
clean_np_1083.jpg,3.219016726168252,0,0,0,0,0,0,6.19492403477797,0
clean_np_1084.jpg,3.3438554581796773,0,0,0,0,0,0,4.316972799262765,0
clean_np_1085.jpg,4.2393655895007365,0,0,0,0,0,0,4.417000973201609,0
clean_np_1086.jpg,4.1871039387585824,0,0,0,0,0,0,4.956026390083223,0
clean_np_1087.jpg,3.941689347970328,0,0,0,0,0,0,4.432070527285403,0
clean_np_1088.jpg,4.010361625450035,0,0,0,0,0,0,9.63974947880132,0
clean_np_1089.jpg,3.6248159280348404,0,0,0,0,0,0,7.208183062808021,0
clean_np_1090.jpg,3.202431169564903,0,0,0,0,0,0,11.141341955517149,0
clean_np_1091.jpg,3.1909826515053945,0,0,0,0,0,0,9.472900657002262,0
clean_np_1092.jpg,4.155988488673824,0,0,0,0,0,0,13.840903441475136,0
clean_np_1093.jpg,3.7966727976499643,0,0,0,0,0,0,14.496549704517495,0
clean_np_1094.jpg,3.5457535080581155,0,0,0,0,0,0,14.201139283989143,0
clean_np_1095.jpg,3.530673289129827,0,0,0,0,0,0,9.341242232453071,0
clean_np_1096.jpg,3.500799273536101,0,0,0,0,0,0,14.494533790844313,0
clean_np_1097.jpg,3.315053729611114,0,0,0,0,0,0,17.725829402789795,0
clean_np_1098.jpg,4.309373123112505,0,0,0,0,2.0072774623168907,0,13.486478857972795,0
clean_np_1099.jpg,3.3105460665852613,0,0,0,0,0,0,15.294249734163843,0
clean_np_1100.jpg,3.6814330815295224,0,0,0,0,1.8089476869867267,0,18.59708052465435,0
clean_np_1101.jpg,3.7289236516780604,0,0,0,0,3.8333536585931567,0,16.64413894294935,0
clean_np_1102.jpg,2.8495189758629635,0,0,0,0,0,0,9.950683673422711,0
clean_np_1103.jpg,3.0729849911576026,0,0,0,0,0,0,6.649370095673797,0
clean_np_1104.jpg,3.807417289554356,0,0,0,0,0,0,8.552420909008994,0
clean_np_1105.jpg,3.1675512321513657,0,0,0,0,0,0,5.458208301162739,0
clean_np_1106.jpg,2.964093350163844,0,0,0,0,0,0,9.454670329287172,0
clean_np_1107.jpg,3.522175441193288,0,0,0,0,0,0,8.41280377293839,0
clean_np_1108.jpg,3.1205034735944226,0,0,0,0,0,0,5.9335742666845235,0
clean_np_1109.jpg,4.119923835504338,0,0,0,0,0,0,8.523427648522935,0
clean_np_1110.jpg,3.61233671487684,0,0,0,0,0,0,14.88185997631435,0
clean_np_1111.jpg,4.455937226409957,0,0,0,0,0,0,5.954676630392565,0
clean_np_1112.jpg,3.483011313077385,0,0,0,0,0,0,10.77105036475412,0
clean_np_1113.jpg,3.2323641110142862,0,0,0,0,0,0,14.967694698966408,0
clean_np_1114.jpg,3.290089175313751,0,0,0,0,0,0,9.851565518457457,0
clean_np_1115.jpg,3.4812949968319593,0,0,0,0,0,0,12.073140918202416,0
clean_np_1116.jpg,3.491471115388462,0,0,0,0,0,0,11.506332322020977,0
clean_np_1117.jpg,4.120265032846225,0,0,0,0,0,0,10.304746222095307,0
clean_np_1118.jpg,3.5363302970437887,0,0,0,0,0,0,10.523462371777287,0
clean_np_1119.jpg,3.5103646216016875,0,0,0,0,0,0,12.031755665253616,0
clean_np_1120.jpg,4.189842635649713,0,0,0,0,0,0,14.255917295338282,0
clean_np_1121.jpg,3.9279013249986607,0,0,0,0,0,0,8.566774063915293,0
clean_np_1122.jpg,3.9819161380652717,0,0,0,0,0,0,7.660561146102262,0
clean_np_1123.jpg,3.7446956443697825,0,0,0,0,0,0,9.5648001313802,0
clean_np_1124.jpg,3.5678987213248297,0,0,0,0,0,0,15.224768877391725,0
clean_np_1125.jpg,3.493404743259561,0,0,0,0,0,0,7.948834854545783,0
clean_np_1126.jpg,3.1418502132637807,0,0,0,0,0,0,4.988826099801564,0
clean_np_1127.jpg,3.9338745996736586,0,0,0,0,0,0,11.641314917978077,0
clean_np_1128.jpg,4.046209006034202,0,0,0,0,0,0.0,9.330688524129538,0
clean_np_1129.jpg,4.144897089705654,0,0,0,0,2.492780785367358,1.1726039399558574,13.586165527806221,0
clean_np_1130.jpg,4.768904003775592,0,0,0,0,0,0,4.27642896479156,0
clean_np_1131.jpg,4.079557883482468,0,0,0,0,0,0,4.274520931813101,0
clean_np_1132.jpg,4.559479403941986,0,0,0,0,0,0,7.5800234789285215,0
clean_np_1133.jpg,3.3010801251553192,0,0,0,0,0,0,11.83798964962471,0
clean_np_1134.jpg,3.53580190610262,0,0,0,0,0,0,10.706708501099728,0
clean_np_1135.jpg,3.3582181040543464,0,0,0,0,0,0,11.69536247174623,0
clean_np_1136.jpg,3.780085271215206,0,0,0,0,0,0,14.538885549544673,0
clean_np_1137.jpg,3.6285660138522764,0,0,0,0,0,0,13.060671676313133,0
clean_np_1138.jpg,3.450242714051733,0,0,0,0,0,0,11.594500526136056,0
clean_np_1139.jpg,3.337971289443614,0,0,0,0,0,0,13.398114592747534,0
clean_np_1140.jpg,3.375418863852277,0,0,0,0,0,0,9.048574077036386,0
clean_np_1141.jpg,3.3652783431887947,0,0,0,0,0,0,11.04215118105105,0
clean_np_1142.jpg,3.873005124613673,0,0,0,0,0,0,17.46129143828477,0
clean_np_1143.jpg,3.1352574756336935,0,0,0,0,0,0,17.282724723455203,0
clean_np_1144.jpg,3.2270444682559734,0,0,0,0,0,0,7.684100968753796,0
clean_np_1145.jpg,2.68578692085434,0,0,0,0,0,0.0,19.08171861960943,0
clean_np_1146.jpg,3.737332139955923,0,0,0,0,0,0,13.816877492811333,0
clean_np_1147.jpg,3.470263634056414,0,0,0,0,0,0,16.440653999699567,0
clean_np_1148.jpg,4.054169538668233,0,0,0,0,0,0,8.401478582775987,0
clean_np_1149.jpg,4.695116095042386,0,0,0,0,0,0,5.630823219677156,0
clean_np_1150.jpg,3.2792159352786974,0,0,0,0,0,0,8.888186351272967,0
clean_np_1151.jpg,3.687771248767944,0,0,0,0,0,0,5.676427903126098,0
clean_np_1152.jpg,4.343690223948906,0,0,0,0,0,0,6.8278452935464555,0
clean_np_1153.jpg,4.107251709811473,0,0,0,0,0,0,9.068615288642452,0
clean_np_1154.jpg,4.214021341392814,0,0,0,0,0,0,11.381459558835006,0
clean_np_1155.jpg,4.755233888693397,0,0,0,0,0,0,9.922040586177909,0
clean_np_1156.jpg,3.611604805532044,0,0,0,0,0,0,7.187488374966383,0
clean_np_1157.jpg,4.342290362165916,0,0,0,0,0,0,6.156525398972433,0
clean_np_1158.jpg,2.783618664785346,0,0,0,0,0,0,7.316065557444302,0
clean_np_1159.jpg,3.1055096578650465,0,0,0,0,0,0,7.0320108324029,0
clean_np_1160.jpg,3.9607568458442635,0,0,0,0,0,2.4748737341529163,6.4305076740569955,0
clean_np_1161.jpg,3.1784775681720556,0,0,0,0,0,0,6.589048794409931,0
clean_np_1162.jpg,3.855185848438786,0,0,0,0,0,0.0,6.331574180360039,0
clean_np_1163.jpg,3.597760543458112,0,0,0,0,0,0,7.949240264067072,0
clean_np_1164.jpg,3.505910572135158,0,0,0,0,0,0,6.244973241674693,0
clean_np_1165.jpg,3.1058257239951974,0,0,0,0,0,0,6.297416898866789,0
clean_np_1166.jpg,3.4568328273282356,0,0,0,0,0,0,5.682417931189664,0
clean_np_1167.jpg,2.5372649742670563,0,0,0,0,0,0,5.581107199534134,0
clean_np_1168.jpg,3.253310565028567,0,0,0,0,0,0,6.009622119093314,0
clean_np_1169.jpg,3.0977242338896107,0,0,0,0,0,0,6.312463563688436,0
clean_np_1170.jpg,3.3035721846626984,0,0,0,0,0,0,5.802825989210947,0
clean_np_1171.jpg,3.1264631480651746,0,0,0,0,0,0,6.830487531611078,0
clean_np_1172.jpg,3.6477249431801897,0,0,0,0,0,0,6.934456464279911,0
clean_np_1173.jpg,4.03169019662928,0,0,0,0,0,0,6.696604711282382,0
clean_np_1174.jpg,3.1373308202302828,0,0,0,0,0,0,6.303989285991685,0
clean_np_1175.jpg,3.3466384015767456,0,0,0,0,0,0,6.658765814941656,0
clean_np_1176.jpg,3.0455254136322494,0,0,0,0,0,0,5.952997370584739,0
clean_np_1177.jpg,2.9825012252541723,0,0,0,0,0,0,5.8637273765383995,0
clean_np_1178.jpg,3.4346698026251428,0,0,0,0,0,0,5.503809684570258,0
clean_np_1179.jpg,3.4970931867672213,0,0,0,0,0,0,5.771120487142191,0
clean_np_1180.jpg,3.046575472422373,0,0,0,0,0,0,6.280611905048784,0
clean_np_1181.jpg,3.1846816867013583,0,0,0,0,0,0,5.697312709361505,0
clean_np_1182.jpg,3.489161815144957,0,0,0,0,0,0,5.2098766031228045,0
clean_np_1183.jpg,2.7738449551579603,0,0,0,0,0,0,5.052795209347365,0
clean_np_1184.jpg,3.310535539310113,0,0,0,0,0,0,6.042206601975622,0
clean_np_1185.jpg,3.35700601556801,0,0,0,0,0,0,5.949329336389984,0
clean_np_1186.jpg,3.1933104135382524,0,0,0,0,0,0,5.018299486916236,0
clean_np_1187.jpg,3.1324801853503037,0,0,0,0,0,0,4.449720858823015,0
clean_np_1188.jpg,3.4291472331075483,0,0,0,0,0,0,5.474586089172157,0
clean_np_1189.jpg,3.635422357137288,0,0,0,0,0,0,5.265613163875424,0
clean_np_1190.jpg,3.491333963363486,0,0,0,0,0,0,4.939636249562699,0
clean_np_1191.jpg,3.343703997259629,0,0,0,0,0,0,5.219686519726265,0
clean_np_1192.jpg,3.903473428149061,0,0,0,0,0,0,6.749025406166436,0
clean_np_1193.jpg,3.7902948972485633,0,0,0,0,0,0,5.156800748426737,0
clean_np_1194.jpg,2.7039853744313427,0,0,0,0,0,0,5.188391490771896,0
clean_np_1195.jpg,4.761457444040671,3.85230811044207,0,0,0,0,0,6.754786950920826,0
clean_np_1196.jpg,3.1907749548163133,0,0,0,0,0,0,6.830031896265038,0
clean_np_1197.jpg,3.278213476275583,0,0,0,0,0,0,7.669945822764612,0
clean_np_1198.jpg,3.6497051758896637,0,0,0,0,0,0,5.953836338381458,0
clean_np_1199.jpg,4.57970704899552,0,0,0,0,0,1.8169724513291021,7.575017170028602,0
clean_np_1200.jpg,3.9520637968833694,0,0,0,0,0,0,7.447922530459411,0
clean_np_1201.jpg,3.3383128228431875,0,0,0,0,0,0,6.858527069237378,0
clean_np_1202.jpg,3.6395697766185577,0,0,0,0,0,0,7.377961472343303,0
clean_np_1203.jpg,3.871874042415275,0,0,0,0,0,0,6.5085560411916905,0
clean_np_1204.jpg,3.732812631796791,0,0,0,0,0,0,7.55646932550775,0
clean_np_1205.jpg,3.568089150740395,0,0,0,0,0,0,7.658621747645743,0
clean_np_1206.jpg,3.3935069108853284,0,0,0,0,0,0,4.905311250673022,0
clean_np_1207.jpg,3.261859400488875,0,0,0,0,0,0,8.416288587994256,0
clean_np_1208.jpg,3.6401387467433834,0,0,0,0,0,0,7.975378453049539,0
clean_np_1209.jpg,3.4237084571597065,0,0,0,0,0,0,5.564242497704716,0
clean_np_1210.jpg,14.81887774501651,2.1399297032475535,0,0,0,0.3535533905932738,0,6.434721606867397,0
clean_np_1211.jpg,3.031682024296199,0,0,0,0,0,0,5.94414211637774,0
clean_np_1212.jpg,3.833689047814764,0,0,0,0,0,0,6.449900321629584,0
clean_np_1213.jpg,3.586787130137919,0,0,0,0,0,0,7.172633355086965,0
clean_np_1214.jpg,4.032969570807842,0,0,0,0,0,0,6.19487623989888,0
clean_np_1215.jpg,3.700916993832896,0,0,0,0,0,0,6.833970827780426,0
clean_np_1216.jpg,3.9876253444532845,0,0,0,0,0,0,6.609682417664499,0
clean_np_1217.jpg,4.025194775287196,0,0,0,0,0,0,5.925441989055623,0
clean_np_1218.jpg,3.2740445203595114,0,0,0,0,0,0,5.749886125663441,0
clean_np_1219.jpg,3.999705357635539,0,0,0,0,0,0,6.723461484001856,0
clean_np_1220.jpg,3.9388296550810975,0,0,0,0,0,0,5.836963355135568,0
clean_np_1221.jpg,3.0410431854396736,0,0,0,0,0,0,6.070531070374524,0
clean_np_1222.jpg,3.511182382707954,0,0,0,0,0,0,6.308552462039621,0
clean_np_1223.jpg,3.3982737262328166,0,0,0,0,0,0,6.22311278945415,0
clean_np_1224.jpg,3.378584017449065,0,0,0,0,0,0,7.1320990452948525,0
clean_np_1225.jpg,3.7259336863529384,0,0,0,0,0,0,7.321784442741042,0
clean_np_1226.jpg,3.495467093402952,0,0,0,0,0,0,5.1022318002297045,0
clean_np_1227.jpg,3.6879164297831375,0,0,0,0,0,0,6.227423511354149,0
clean_np_1228.jpg,3.4598479371582016,0,0,0,0,0,0,6.604634623475974,0
clean_np_1229.jpg,3.6484694751220936,0,0,0,0,0,0,8.562621076913048,0
clean_np_1230.jpg,4.016455651115316,0,0,0,0,4.861875915038919,0.0,8.408326296038064,0
clean_np_1231.jpg,4.972618188015981,0,0,0,0,0,0,6.37309082552525,0
clean_np_1232.jpg,2.9048770905978505,0,0,0,0,0,0,7.919664949443574,0
clean_np_1233.jpg,3.964390314454747,0,0,0,0,0,0,7.299389118106512,0
clean_np_1234.jpg,4.055057579939192,0,0,0,0,0,0,5.999940032263712,0
clean_np_1235.jpg,3.7532136521214654,0,0,0,0,0,0,5.718641458094768,0
clean_np_1236.jpg,3.7709428734087056,0,0,0,0,0,0,6.143266933702213,0
clean_np_1237.jpg,4.6400942135137,0,0,0,0,0,0.0,5.719900997267461,0
clean_np_1238.jpg,3.2892787367343015,0,0,0,0,0,0,7.408488000476784,0
clean_np_1239.jpg,4.224603355081115,0,0,0,0,0,0,6.088918063396358,0
clean_np_1240.jpg,4.163668662361245,0,0,0,0,0,0,5.816236407767872,0
clean_np_1241.jpg,4.581010401144249,0,0,0,0,0,0,5.506638407196368,0
clean_np_1242.jpg,3.907541583501474,0,0,0,0,0,0,5.406795306298418,0
clean_np_1243.jpg,4.880673989275931,0,0,0,0,0,0.3535533905932738,5.926515575938071,0
clean_np_1244.jpg,3.6968666014056315,0,0,0,0,0,0,4.9034368584936106,0
clean_np_1245.jpg,4.449773484942418,0,0,0,0,0,0,5.93422991174485,0
clean_np_1246.jpg,4.242542704796687,0,0,0,0,0,0,5.8141643287926446,0
clean_np_1247.jpg,7.648427202247256,2.6843165900384327,0,0,0.3535533905932738,9.632048482421697,0,6.381856420635468,0
clean_np_1248.jpg,4.7794436460557055,0,0,0,0,0,2.4634181943104547,4.66982109728155,0
clean_np_1249.jpg,3.991127139555339,0,0,0,0,0,0,5.651165165385815,0
clean_np_1250.jpg,3.8274154297115865,0,0,0,0,0,0,5.209692516697245,0
clean_np_1251.jpg,3.918181948894261,0,0,0,0,0,0,5.480311069892144,0
clean_np_1252.jpg,3.834684947706566,0,0,0,0,0,0,5.457314042449168,0
clean_np_1253.jpg,4.237435845812749,0,0,0,0,0,0,5.884637126084128,0
clean_np_1254.jpg,3.80819500511274,0,0,0,0,0,0,7.3975661218936715,0
clean_np_1255.jpg,4.161372415453437,0,0,0,0,0,0,5.485394806206928,0
clean_np_1256.jpg,4.814770502908302,0,0,0,0,0,2.8314840737169558,5.445694301599262,0
clean_np_1257.jpg,4.241695991197929,0,0,0,0,0,0,6.12854935729626,0
clean_np_1258.jpg,3.965871797684122,0,0,0,0,0,0,5.292333552222727,0
clean_np_1259.jpg,5.053987622869489,0,0,0,0,0,2.429965042791746,4.611758448157721,0
clean_np_1260.jpg,4.434165774779904,0,0,0,0,0,0,4.417110694849302,0
clean_np_1261.jpg,3.258817645973139,0,0,0,0,0,0,5.150785352602281,0
clean_np_1262.jpg,3.470532546211067,0,0,0,0,0,0,6.50742772182877,0
clean_np_1263.jpg,5.825935307956399,0,0,0,0,0,3.263433774416144,5.118555859857794,0
clean_np_1264.jpg,4.8852813906527155,0,0,0,0,0,0.0,5.163620150256769,0
clean_np_1265.jpg,3.790795598919999,1.2945755775256675,0,0,0,4.413482082182051,0,5.630316121506677,0
clean_np_1266.jpg,3.907709696278583,0,0,0,0,0,0,5.53951990700278,0
clean_np_1267.jpg,3.8707077329583965,0,0,0,0,0,0,5.841807264999139,0
clean_np_1268.jpg,3.9948332575941845,0,0,0,0,0,0,4.848394066366556,0
clean_np_1269.jpg,3.646502951961522,0,0,0,0,0,0,6.012083778774975,0
clean_np_1270.jpg,5.181968309935953,0,0,0,0,0,3.966293166355894,5.536892953085652,0
clean_np_1271.jpg,3.6088769467020643,0,0,0,0,0,0,5.702852195739849,0
clean_np_1272.jpg,4.4565724747784925,0,0,0,0,0,0.0,5.449370639954162,0
clean_np_1273.jpg,3.674500989626242,0,0,0,0,0,0,5.264530403636582,0
clean_np_1274.jpg,3.872968602522389,0,0,0,0,0,0,4.30558116336867,0
clean_np_1275.jpg,3.5481080223458012,0,0,0,0,0,0,5.881959389599139,0
clean_np_1276.jpg,3.3417322658886115,0,0,0,0,0,0,4.487248500352557,0
clean_np_1277.jpg,3.859999800048605,0,0,0,0,0,0,5.9668191768148695,0
clean_np_1278.jpg,3.9596687096925387,0,0,0,0,0,0,4.653756914185211,0
clean_np_1279.jpg,3.461076332474814,0,0,0,0,0,0,6.255074619268757,0
clean_np_1280.jpg,3.1817263658316333,0,0,0,0,0,0,5.343730957720838,0
clean_np_1281.jpg,3.7541061988764044,0,0,0,0,0,0,7.4214370142862744,0
clean_np_1282.jpg,3.648875674056576,0,0,0,0,0,0,5.388443161413829,0
clean_np_1283.jpg,3.4165437648451817,0,0,0,0,0,0,6.163489664933162,0
clean_np_1284.jpg,3.6991039992059425,0,0,0,0,0,0,4.678019280019655,0
clean_np_1285.jpg,4.012960744209762,0,0,0,0,0,0,6.36772520147018,0
clean_np_1286.jpg,3.66037562030581,0,0,0,0,0,0,4.834023980068512,0
clean_np_1287.jpg,3.8828500576414005,0,0,0,0,0,0,7.887039995669015,0
clean_np_1288.jpg,2.9227248055015536,0,0,0,0,0,0,5.424085559706218,0
clean_np_1289.jpg,4.830053264942179,0,0,0,0,0,0,6.831824048661097,0
clean_np_1290.jpg,3.5001715247883354,0,0,0,0,0,0,5.553006219304002,0
clean_np_1291.jpg,4.069905928047706,0,0,0,0,0,0,5.575859805561922,0
clean_np_1292.jpg,4.106165060615661,0,0,0,0,0,0,6.568167775487154,0
clean_np_1293.jpg,3.972841923010325,0,0,0,0,0,0,6.727521951382339,0
clean_np_1294.jpg,4.168021096167269,0,0,0,0,0,0,5.870433765820844,0
clean_np_1295.jpg,3.5040968428477006,0,0,0,0,0,0,6.9850977881487415,0
clean_np_1296.jpg,3.7895318035848065,0,0,0,0,0,0,7.116598882253153,0
clean_np_1297.jpg,3.9564934820412674,0,0,0,0,0,0,5.731316462870237,0
clean_np_1298.jpg,3.766201489726306,0,0,0,0,0,0,5.525245208686333,0
clean_np_1299.jpg,4.405387518085087,0,0,0,0,0,0,6.0482102231627275,0
clean_np_1300.jpg,3.485840469491009,0,0,0,0,0,0,5.922914618967844,0
clean_np_1301.jpg,4.282048161425852,0,0,0,0,0,0,4.667178224628833,0
clean_np_1302.jpg,4.086709504580263,0,0,0,0,0,0,5.986849070783159,0
clean_np_1303.jpg,4.244972336661233,0,0,0,0,0,0,5.281717505327166,0
clean_np_1304.jpg,3.8530366767754565,0,0,0,0,0,0,6.075111866660403,0
clean_np_1305.jpg,4.618422444078488,0,0,0,0,0,0,5.8872561374653785,0
clean_np_1306.jpg,4.520948587586531,0,0,0,0,0,0,4.820810416652958,0
clean_np_1307.jpg,4.719896135737279,0,0,0,0,0,0,4.798347016334014,0
clean_np_1308.jpg,4.2460015016169885,0,0,0,0,0,0,5.5067376213747625,0
clean_np_1309.jpg,3.5741190752946337,0,0,0,0,0,0,5.689480892299648,0
clean_np_1310.jpg,4.228521692005078,0,0,0,0,0,0,5.875978496564358,0
clean_np_1311.jpg,4.0221749842165675,0,0,0,0,0,0,5.088844708966207,0
clean_np_1312.jpg,3.8055943019850997,0,0,0,0,0,0,4.8146392569378245,0
clean_np_1313.jpg,4.503655903985146,0,0,0,0,0,0,5.674569647181699,0
clean_np_1314.jpg,4.9209900546948235,0,0,0,0,0,0,5.22212469777504,0
clean_np_1315.jpg,4.490195981153953,0,0,0,0,0,0,5.155820332889145,0
clean_np_1316.jpg,4.169808907116614,0,0,0,0,0,0,5.120389584872557,0
clean_np_1317.jpg,3.786090057306483,0,0,0,0,0,0,4.71346090014046,0
clean_np_1318.jpg,4.265805029932092,0,0,0,0,0,0,5.071106814099507,0
clean_np_1319.jpg,3.893905763255097,0,0,0,0,0,0,6.015434791921151,0
clean_np_1320.jpg,3.9462900593734296,0,0,0,7.681145747868608,6.888415553518725,7.0710678118654755,5.969222761972098,0
clean_np_1321.jpg,8.942499492583304,2.0568764524736856,0,0,0,2.594361253557605,0,4.867198544994785,0
clean_np_1322.jpg,4.358581586772718,0,0,0,0,0,0,5.076792666509121,0
clean_np_1323.jpg,4.144031747582252,0,0,0,0,0,0,4.707982644343775,0
clean_np_1324.jpg,3.9317965450128316,0,0,0,0,0,0,5.6620469151098165,0
clean_np_1325.jpg,4.016810274127635,0,0,0,0,0,3.757708127352412,4.810250116813592,0
clean_np_1326.jpg,3.783981293889804,0,0,0,0,0,0,4.98043869880949,0
clean_np_1327.jpg,5.609934758590119,3.028310432428262,0,0,8.357035689581178,8.821728243963117,7.644240054745347,8.481040765903893,0
clean_np_1328.jpg,4.64926614482907,0,0,0,0,0,0,5.080614607863821,0
clean_np_1329.jpg,3.6486330415643127,0,0,0,0,0,0,4.96120528225602,0
clean_np_1330.jpg,3.750843682652703,0,0,0,0,0,0,4.328099454318627,0
clean_np_1331.jpg,3.7798533446284446,0,0,0,0,0,0,11.6554461179458,0
clean_np_1332.jpg,3.2859150974292946,0,0,0,0,0,0,5.408353349654938,0
clean_np_1333.jpg,3.3337889737334003,0,0,0,0,0,0,5.1372525539893275,0
clean_np_1334.jpg,3.651854801508766,0,0,0,0,0,0,5.688571874762477,0
clean_np_1335.jpg,3.0525125928108534,0,0,0,0,0,0,5.427613443409759,0
clean_np_1336.jpg,3.6546630982008175,0,0,0,0,0,0,4.859820777072116,0
clean_np_1337.jpg,3.4119588594965737,0,0,0,0,0,0,5.149732698079847,0
clean_np_1338.jpg,3.702739211446651,0,0,0,0,0,0,6.0553888895247825,0
clean_np_1339.jpg,3.248819746049695,0,0,0,0,0,0,6.361620413579125,0
clean_np_1340.jpg,4.1838646347846415,0,0,0,0,0,0,5.802505001636256,0
clean_np_1341.jpg,3.913215137781572,0,0,0,0,0,0,5.302194088599801,0
clean_np_1342.jpg,3.9206765948924516,0,0,0,0,0,0,5.3148287544522494,0
clean_np_1343.jpg,5.060636550367079,0,0,0,0,0,0,6.371883085877721,0
clean_np_1344.jpg,3.756927078356542,0,0,0,0,0,0,6.160264455066791,0
clean_np_1345.jpg,4.742857598852471,0,0,0,0,0,0,5.449539795538046,0
clean_np_1346.jpg,4.009708587771681,0,0,0,0,0,0,4.799736207721127,0
clean_np_1347.jpg,3.901069971804,0,0,0,0,0,0,5.50382610583909,0
clean_np_1348.jpg,4.220282876809946,0,0,0,0,0,0,4.81974064622403,0
clean_np_1349.jpg,3.6638515973568855,0,0,0,0,0,0,5.404946823278717,0
clean_np_1350.jpg,3.3231243401428294,0,0,0,0,0,0,4.669110441337222,0
clean_np_1351.jpg,4.403729418182226,0,0,0,0,0,0,5.051856606669174,0
clean_np_1352.jpg,4.055586795466953,0,0,0,0,0,0,4.655703271684907,0
clean_np_1353.jpg,3.540672560308318,0,0,0,0,0,0,4.6655314298468324,0
clean_np_1354.jpg,4.544670227278241,0,0,0,0,0,0,5.429237426575364,0
clean_np_1355.jpg,3.8216056231229807,0,0,0,0,0,0,4.774914930132205,0
clean_np_1356.jpg,4.193316411543095,0,0,0,0,0,0,5.519421945574517,0
clean_np_1357.jpg,3.7319922967000223,0,0,0,0,0,0,5.4262392173019744,0
clean_np_1358.jpg,5.342260502559783,0,0,0,0,0,1.0046189622236128,6.2668031614566635,0
clean_np_1359.jpg,3.5802563955810527,0,0,0,0,3.461315446772791,5.232360135979994,10.394500295547687,0
clean_np_1360.jpg,4.249696214821397,0,0,0,0,0,0,5.355519577545766,0
clean_np_1361.jpg,4.403002598508606,0,0,0,0,0,0,5.0489228224354274,0
clean_np_1362.jpg,4.298971016212662,0,0,0,0,0,0,4.930199933095801,0
clean_np_1363.jpg,3.958426376176375,0,0,0,0,0,0,4.531837951055484,0
clean_np_1364.jpg,4.140794164784749,0,0,0,0,0,0,5.612367238952957,0
clean_np_1365.jpg,4.273526847784559,0,0,0,0,0,0,5.297762991604933,0
clean_np_1366.jpg,4.1599778951881765,0,0,0,0,0,0,5.248472509960296,0
clean_np_1367.jpg,3.3937168280637975,0,0,0,0,0,0,5.321208763367825,0
clean_np_1368.jpg,4.064332784088652,0,0,0,0,0,0,5.522847848037206,0
clean_np_1369.jpg,4.454041312570049,0,0,0,0,0,0,5.380012282110746,0
clean_np_1370.jpg,3.349967807036654,0,0,0,0,0,0,5.016196804995144,0
clean_np_1371.jpg,3.500337607395074,0,0,0,0,0,0,5.703131940600173,0
clean_np_1372.jpg,2.4554530763144444,0,0,0,0,0,0,6.241127438045068,0
clean_np_1373.jpg,4.029670191051161,0,0,0,0,0,0,6.019111202656137,0
clean_np_1374.jpg,3.4439212927529135,0,0,0,0,0,0,5.852058498906551,0
clean_np_1375.jpg,4.065933169691473,0,0,0,0,0,0,5.780484962466396,0
clean_np_1376.jpg,3.2701064213948365,0,0,0,0,0,0,6.2278057329768925,0
clean_np_1377.jpg,3.4921668487740725,0,0,0,0,0,0,6.486789111538325,0
clean_np_1378.jpg,3.2716852938312013,0,0,0,0,0,0,6.472971744047106,0
clean_np_1379.jpg,3.262571339936346,0,0,0,0,0,0,6.553360340999597,0
clean_np_1380.jpg,3.8582838359490035,0,0,0,0,0,0,5.777828050843726,0
clean_np_1381.jpg,2.8268083655909577,0,0,0,0,0,0,7.305916802989525,0
clean_np_1382.jpg,3.675986611715674,0,0,0,0,0,0,8.760871440072147,0
clean_np_1383.jpg,3.370180888613567,0,0,0,0,0,0,5.052367845300246,0
clean_np_1384.jpg,3.4459807480822664,0,0,0,0,0,0,6.255945411587256,0
clean_np_1385.jpg,3.5459337990652267,0,0,0,0,0,0,5.53627496179926,0
clean_np_1386.jpg,3.4052571016828623,0,0,0,0,0,0,4.768955530147624,0
clean_np_1387.jpg,3.072089543852244,0,0,0,0,0,0,8.017579074133208,0
clean_np_1388.jpg,3.6079821082363073,0,0,0,0,0,0,5.368250645099699,0
clean_np_1389.jpg,2.976106880431319,0,0,0,0,0,0,5.5121818184610145,0
clean_np_1390.jpg,4.141653196198046,0,0,0,0,0,0,5.668342471903848,0
clean_np_1391.jpg,3.7621750305738413,0,0,0,0,0,0,6.552570454591218,0
clean_np_1392.jpg,3.6810886175279616,0,0,0,0,0,0,4.535910074201432,0
clean_np_1393.jpg,4.212964025534764,0,0,0,0,0,0,6.075716294286872,0
clean_np_1394.jpg,3.788836257539965,0,0,0,0,0,0,4.931406278552216,0
clean_np_1395.jpg,3.408473449731677,0,0,0,0,0,0,5.501797543697545,0
clean_np_1396.jpg,3.8351602369337034,0,0,0,0,0,0,5.142308139191026,0
clean_np_1397.jpg,3.593341802114511,0,0,0,0,0,0,5.251265994597457,0
clean_np_1398.jpg,3.703533261929312,0,0,0,0,0,0,4.807504455749961,0
clean_np_1399.jpg,3.415543257953174,0,0,0,0,0,0,5.505011359801226,0
clean_np_1400.jpg,3.4495015231476533,0,0,0,0,0,0,5.045303571819341,0
clean_np_1401.jpg,3.500090654244147,0,0,0,0,0,0,4.6016599810405125,0
clean_np_1402.jpg,3.0528265595687727,0,0,0,0,0,0,6.304220642084007,0
clean_np_1403.jpg,4.337469929076967,0,0,0,0,0,0,5.459646184327461,0
clean_np_1404.jpg,3.7799942634400643,0,0,0,0,0,0,5.6777248347586715,0
clean_np_1405.jpg,3.0164312005570344,0,0,0,0,0,0,6.196937429670781,0
clean_np_1406.jpg,3.8647348095582186,0,0,0,0,0,0,4.610124540365477,0
clean_np_1407.jpg,3.7412860476050285,0,0,0,0,0,0,5.139148611516056,0
clean_np_1408.jpg,3.415160478759672,0,0,0,0,0,0,6.463522646703357,0
clean_np_1409.jpg,3.5684298771589367,0,0,0,0,0,0,6.039959981161786,0
clean_np_1410.jpg,3.811796906702336,0,0,0,0,0,0,5.7789677523822895,0
clean_np_1411.jpg,4.104775500461379,0,0,0,0,0,0,5.350717657847048,0
clean_np_1412.jpg,2.8527742152324596,0,0,0,0,0,0,5.770355379660887,0
clean_np_1413.jpg,3.4542716435833576,0,0,0,0,0,0,6.518850447001962,0
clean_np_1414.jpg,4.1178463743479465,0,0,0,0,0,0.34694433324435847,7.2844361878890185,0
clean_np_1415.jpg,3.6740254290557064,0,0,0,0,0,0,7.330052762854983,0
